Date,Open,High,Low,Close,Volume
2005-02-25,1.6011170248299,1.6053484326065,1.5745723906934,1.5891022106361,915599001.963
2005-02-28,1.5949308258551,1.6119994904638,1.5700310769951,1.6021778566387,652834668.89643
2005-03-01,1.6104976386896,1.6109624975721,1.5773019466957,1.5894240360163,469397303.40707
2005-03-02,1.579983824864,1.603226768989,1.5743340015228,1.5757524170874,458146389.64185
2005-03-03,1.5858362790001,1.5861819432973,1.4721365641241,1.4926022744126,1411652737.7338
2005-03-04,1.4926022744126,1.5359771839874,1.4926022744126,1.5288612672476,756199850.90965
2005-03-07,1.5288612672476,1.5447737443793,1.5124958506919,1.5267634425471,450684134.55628
2005-03-08,1.4957490114634,1.505785195542,1.4322421364389,1.4473321709323,1021331700.0793
2005-03-09,1.4138861703094,1.4385594494575,1.3868766772904,1.4052445628784,1321898377.0218
2005-03-10,1.4138861703094,1.4379753959897,1.3964718414035,1.4224085831552,776853852.89059
2005-03-11,1.4337678271302,1.4495611096766,1.4213358318879,1.4382137851602,628805486.74992
2005-03-14,1.4469745871766,1.4567008653335,1.4114188423946,1.4399659455635,605314420.49065
2005-03-15,1.4517900484209,1.4693354913706,1.4375105371072,1.4628751448497,511200819.81085
2005-03-16,1.4718981749536,1.5111966297126,1.4563432815777,1.4708492626034,698101447.4871
2005-03-17,1.4838295529378,1.5314120313721,1.4756408849307,1.5090868855536,802716557.92348
2005-03-18,1.5457034621443,1.5515439968219,1.5176331373165,1.534379976545,959650165.76975
2005-03-21,1.547217233377,1.5703886607509,1.5307207027776,1.5606504631354,541121773.78987
2005-03-22,1.5617112949442,1.5700310769951,1.524176920047,1.5295525958421,551571713.25081
2005-03-23,1.5176331373165,1.5500183061306,1.5007909424197,1.5194925728464,610367518.31976
2005-03-24,1.5349640300127,1.5356434391487,1.5176331373165,1.5176331373165,352976966.27373
2005-03-28,1.5267634425471,1.534379976545,1.5165842249662,1.5187893247934,273767743.97807
2005-03-29,1.5187893247934,1.5295525958421,1.4820535536175,1.4910765837214,461292990.6321
2005-03-30,1.4997420300695,1.5285036834918,1.4936631062214,1.5285036834918,394004699.9538
2005-03-31,1.5158809769132,1.5184317410377,1.4853433241705,1.4881682358411,636276657.50894
2005-04-01,1.5033774649198,1.5066195576388,1.4488578616236,1.460431655852,640507811.12146
2005-04-04,1.4567008653335,1.4752833011749,1.4343638000564,1.4676906060941,580018681.64884
2005-04-05,1.4712068463591,1.5087650601734,1.4676906060941,1.4961065952192,558299006.25893
2005-04-06,1.5143433667634,1.5288612672476,1.5054395312447,1.5120309918094,415496958.13393
2005-04-07,1.5120309918094,1.5624264624557,1.5090868855536,1.5556442905547,507732184.05771
2005-04-08,1.5578613098404,1.5875884394033,1.5550602370869,1.5620688787,650042811.36964
2005-04-11,1.579983824864,1.5803414086198,1.4967740848966,1.4972508632376,822122369.81525
2005-04-12,1.5180860767404,1.5423064164645,1.500433358664,1.523473671994,982792024.05191
2005-04-13,1.5349640300127,1.53530969431,1.4424332734783,1.4658311705641,1409179717.677
2005-04-14,1.3856966508963,1.4277961784088,1.315753268268,1.3306168330494,2757597227.2013
2005-04-15,1.3076957143047,1.3302711687522,1.2601013164118,1.2625567248681,1729894803.1636
2005-04-18,1.2524967018725,1.296455664915,1.21411604542,1.2721399695227,1327328576.7126
2005-04-19,1.3059077955258,1.33716061578,1.2811510801681,1.3245379092014,1086923266.8707
2005-04-20,1.3448963443631,1.3479000479116,1.2657153813774,1.2681707898337,955429901.91365
2005-04-21,1.2993878517123,1.3289838672314,1.2821999925183,1.3279349548812,763676610.00977
2005-04-22,1.3143467721619,1.321355413775,1.2461555499369,1.2678132060779,839560625.88646
2005-04-25,1.3032616757331,1.3221778564133,1.2895662178872,1.3206640851805,747425852.51239
2005-04-26,1.3125826923002,1.339496829651,1.2900310767697,1.2924984046845,812772262.19414
2005-04-27,1.278564557668,1.2986726842008,1.2681707898337,1.2838329583364,614481034.03817
2005-04-28,1.295752416862,1.2978502415625,1.258563706262,1.2693269773107,576018473.09092
2005-04-29,1.2874564737281,1.293916820249,1.2577531830823,1.2876829434401,671965395.30567
2005-05-02,1.2945843099265,1.3089949352839,1.2862764473341,1.3011400121156,465982841.25575
2005-05-03,1.3001030192238,1.3122370280029,1.2867532256751,1.2932016527375,496914321.84335
2005-05-04,1.2945843099265,1.3285070888904,1.2892086341314,1.3267668479456,452584682.29939
2005-05-05,1.3285070888904,1.3309624973467,1.3025703471386,1.3101511227609,387416975.36622
2005-05-06,1.3206640851805,1.3331675971739,1.3140011078647,1.3299135849964,326462414.51614
2005-05-09,1.3306168330494,1.3375181995358,1.3125826923002,1.3203184208833,355669453.51474
2005-05-10,1.3096862638784,1.3302711687522,1.2975045772652,1.3007824283598,446382865.3426
2005-05-11,1.2589212900178,1.2739874855942,1.1824245890921,1.2717823857669,2051320533.3479
2005-05-12,1.2650002138659,1.2709718625872,1.21411604542,1.2190387817911,970816800.53876
2005-05-13,1.2232344311921,1.2582061225063,1.2168217625053,1.2417572697409,705277481.51718
2005-05-16,1.2382052711003,1.2754178206173,1.2333302125633,1.2696607221494,474359398.78019
2005-05-17,1.2546064460315,1.2665259045571,1.2336877963191,1.2629143086239,589563018.73055
2005-05-18,1.2678132060779,1.3412609095128,1.2494453204899,1.2801021678178,636729475.89733
2005-05-19,1.278564557668,1.3455876729576,1.277861309615,1.340903325757,794641283.38034
2005-05-20,1.3335251809297,1.3446698746511,1.3282806191784,1.340903325757,452995789.90042
2005-05-23,1.3567800445132,1.4250070251138,1.3519169054347,1.4200723692842,1044096814.7376
2005-05-24,1.4087369642264,1.4282610372913,1.393897238362,1.4179864640422,594139834.85711
2005-05-25,1.4149589215767,1.4267711049756,1.4041837310696,1.4207517784202,415295643.61995
2005-05-26,1.4284994264618,1.4620765411285,1.3856966508963,1.4549367854717,525542521.6283
2005-05-27,1.4567008653335,1.4567008653335,1.4289762048029,1.4485121973264,316094497.23749
2005-05-31,1.4535302893657,1.4549367854717,1.4136477811389,1.4200723692842,404204274.01488
2005-06-01,1.4250070251138,1.4557473086514,1.4236005290078,1.4392626975105,454190753.57846
2005-06-02,1.4325997201947,1.4399659455635,1.4143629486505,1.4300370366116,374169371.0677
2005-06-03,1.3627993710686,1.3777463720597,1.3489489602618,1.3656838800318,957437353.00285
2005-06-06,1.3717985622555,1.3796296465068,1.3412609095128,1.3543842333495,812259524.97652
2005-06-07,1.3474351890291,1.3474351890291,1.3018551796271,1.3052164669313,746622680.12168
2005-06-08,1.3082797677724,1.3302711687522,1.3062653792816,1.3185900993971,413183249.84419
2005-06-09,1.321355413775,1.355075561944,1.315050020215,1.3446698746511,390535976.94838
2005-06-10,1.335527649962,1.335527649962,1.2685164541309,1.2789221414238,679091987.49251
2005-06-13,1.2825456568156,1.3076957143047,1.2793870003063,1.2821999925183,435906858.42236
2005-06-14,1.2867532256751,1.2910919085785,1.2768243167233,1.2857043133249,349782526.70098
2005-06-15,1.3135243295237,1.3320114096969,1.296455664915,1.3260516804341,563384531.73559
2005-06-16,1.3282806191784,1.3600817345248,1.315050020215,1.3564701385915,554038625.64761
2005-06-17,1.3743493263799,1.3764352316219,1.3510825433379,1.3681512079466,596937658.25893
2005-06-20,1.3536809852965,1.3603201236953,1.3375181995358,1.3431441839599,325179863.80571
2005-06-21,1.3406649365865,1.3638482834189,1.3349555159528,1.352262569732,370947285.10487
2005-06-22,1.3692120397554,1.3785568952395,1.3619650089718,1.3767928153777,429336523.0475
2005-06-23,1.3872104221291,1.4207517784202,1.3804640086036,1.3889864214494,674681605.10081
2005-06-24,1.3961142576477,1.3972704451247,1.3455876729576,1.3485913765061,415464135.33421
2005-06-27,1.31670682495,1.3605585128658,1.3101511227609,1.3250027680839,601200092.65482
2005-06-28,1.338793581598,1.3424409359068,1.3274700959987,1.3324881880379,351267459.92692
2005-06-29,1.3302711687522,1.3316538259412,1.2900310767697,1.2990302679565,454215505.54176
2005-06-30,1.3076957143047,1.3271244317014,1.2968013292122,1.3145851613325,417923086.79891
2005-07-01,1.3154076039707,1.3203184208833,1.2960980811592,1.3036192594889,250794682.79317
2005-07-05,1.3073381305489,1.3623225927276,1.3036192594889,1.3564701385915,454266887.9094
2005-07-06,1.3495449331881,1.3627993710686,1.3285070888904,1.3352892607915,399254696.82786
2005-07-07,1.3143467721619,1.3485913765061,1.3143467721619,1.3439547071396,384260466.20776
2005-07-08,1.352262569732,1.3670903761378,1.3381022530035,1.3660176248705,290879585.05386
2005-07-11,1.3703682272324,1.3804640086036,1.3493065440176,1.3605585128658,390513512.00172
2005-07-12,1.3653620546516,1.3714409784997,1.3540385690523,1.3656838800318,387816275.38389
2005-07-13,1.3656838800318,1.3750406549744,1.3536809852965,1.3696768986379,767903818.81222
2005-07-14,1.4578808917275,1.500433358664,1.436938403098,1.4552824497689,2096163323.7189
2005-07-15,1.459025159746,1.4845089620737,1.4450078765198,1.4838295529378,687859945.34691
2005-07-18,1.4820535536175,1.5037350486756,1.4775241593777,1.4817078893202,587487419.41143
2005-07-19,1.4874649877881,1.543951301741,1.4670111969581,1.5423064164645,671421858.03122
2005-07-20,1.5310782865334,1.5642978174443,1.522996893653,1.5582188935962,454163783.39359
2005-07-21,1.5624264624557,1.5729513443339,1.5321152794251,1.5460610459001,405483896.73996
2005-07-22,1.5515439968219,1.5715448482278,1.5495534472481,1.5715448482278,301767175.26788
2005-07-25,1.5722480962809,1.5814499182626,1.5617112949442,1.5645362066148,294976869.33024
2005-07-26,1.5715448482278,1.5753948333316,1.5486118100245,1.5582188935962,268648986.28712
2005-07-27,1.5624264624557,1.5739883372256,1.5238312557498,1.5710799893453,283809518.9247
2005-07-28,1.5708416001748,1.5715448482278,1.5463947907388,1.5642978174443,254058952.71922
2005-07-29,1.5570388672022,1.5851211114885,1.5094444693093,1.522996893653,563747889.68433
2005-08-01,1.5212685721668,1.5386829010727,1.5029126060373,1.5267634425471,315816160.76836
2005-08-02,1.5317696151278,1.5535464658542,1.5216261559225,1.5423064164645,297325314.93621
2005-08-03,1.5423064164645,1.5468715690798,1.527442851683,1.5434864428585,261583661.14513
2005-08-04,1.5349640300127,1.5356434391487,1.5104814622011,1.5252258323973,273176831.2294
2005-08-05,1.5184317410377,1.5486118100245,1.5007909424197,1.53530969431,242435913.82847
2005-08-08,1.5356434391487,1.5447737443793,1.5216261559225,1.522996893653,176820415.5809
2005-08-09,1.53530969431,1.5675637490803,1.5323536685956,1.5648937903705,387465282.92975
2005-08-10,1.5715448482278,1.5854786952443,1.5468715690798,1.5493150580776,363519681.76117
2005-08-11,1.5495534472481,1.5757524170874,1.5447737443793,1.5715448482278,272526883.91985
2005-08-12,1.5522591643334,1.6507496501306,1.5486118100245,1.6462560142665,932758861.99861
2005-08-15,1.6627644643244,1.7260329501784,1.6590336738059,1.702778086595,1086555913.774
2005-08-16,1.6932901976086,1.6963654179082,1.6504039858334,1.6516793678956,538447044.90588
2005-08-17,1.659987230488,1.6942318348321,1.6561014870086,1.6839334226659,507237900.6985
2005-08-18,1.6785815857879,1.6785815857879,1.6340147303606,1.6535149645086,442558901.36789
2005-08-19,1.6516793678956,1.6680328649928,1.6347179784136,1.6368038836556,381897162.5443
2005-08-22,1.6488663756836,1.6698207837716,1.6163262539086,1.6381984603031,387880042.54231
2005-08-23,1.6413809557295,1.6462560142665,1.6184359980676,1.6335498714781,295639741.72357
2005-08-24,1.6289608799458,1.6827533962719,1.6282576318928,1.6347179784136,571924806.42853
2005-08-25,1.646971181778,1.660464008829,1.6360887161441,1.6449687127457,276255676.62503
2005-08-26,1.6504039858334,1.6550287357413,1.6199616887589,1.6335498714781,261050042.10645
2005-08-29,1.6184359980676,1.643931719854,1.6163262539086,1.6371376284944,255804521.94581
2005-08-30,1.6424417875383,1.6710842463753,1.6399625401649,1.6632174037484,518678704.80104
2005-08-31,1.6724788230228,1.6794993840944,1.6524660521583,1.6746958423086,402950290.03835
2005-09-01,1.6785815857879,1.6846485901775,1.6460295445545,1.6521442267781,356251807.14977
2005-09-02,1.6578655668704,1.6713226355458,1.646971181778,1.6507496501306,222342513.65554
2005-09-06,1.6675680061103,1.7457954124139,1.6625260751539,1.7428989839922,818299545.15405
2005-09-07,1.752351114603,1.7643063315042,1.7114435329431,1.7386914151327,962432247.68469
2005-09-08,1.7636030834512,1.7898974089587,1.7549257176446,1.7778349169308,702544752.51527
2005-09-09,1.7859282292697,1.8338921303768,1.7783116952718,1.8324856342708,615654762.69119
2005-09-12,1.8283495821624,1.8439402339139,1.8062866644315,1.8356442907801,452539197.01172
2005-09-13,1.8251313283605,1.831651272174,1.7970490840741,1.8149521107796,492840010.92599
2005-09-14,1.8278012870702,1.8281231124504,1.7664756729559,1.7720301406288,474409977.42004
2005-09-15,1.7859282292697,1.7921144282445,1.7617317284627,1.7811485264009,404789806.48559
2005-09-16,1.7935209243505,1.8288263605034,1.7839376796959,1.8288263605034,590827745.64474
2005-09-19,1.8232480539134,1.8889719482237,1.8232480539134,1.8799727570369,783439968.34468
2005-09-20,1.8928219333275,1.9217147007936,1.8899016659887,1.8997232998138,820285486.87691
2005-09-21,1.8928219333275,1.8945621742722,1.8522361770477,1.8612472876931,433956377.20293
2005-09-22,1.8554067530156,1.873989188857,1.8328432180266,1.85351155911,463713671.90197
2005-09-23,1.8609016233959,1.9106057654477,1.851401814951,1.8999616889843,558397030.00703
2005-09-26,1.9350287359667,1.9487241938127,1.9043003718877,1.9227755326024,546530850.87683
2005-09-27,1.9283776781094,1.9371503995843,1.9081384375329,1.9084960212887,341657592.18388
2005-09-28,1.8952773417838,1.8968149519336,1.8067634427725,1.8243088857222,1125416205.8757
2005-09-29,1.8283495821624,1.8783278717603,1.8145945270238,1.8695551502855,636846964.4558
2005-09-30,1.870270317797,1.9159814412428,1.852832149974,1.9145749451368,530797560.67771
2005-10-03,1.9343493268308,1.9480447846767,1.9170422730516,1.9443974303679,507444297.65812
2005-10-04,1.9633493694236,1.9767945186405,1.9155165823603,1.9194976815078,539395663.5009
2005-10-05,1.9404282506788,1.9415963576143,1.8838227421406,1.8848597350324,610664366.53585
2005-10-06,1.9038235935466,1.910248181692,1.8166923517243,1.846526756414,757326498.56492
2005-10-07,1.8478140579347,1.8545723909188,1.8052258326227,1.8320088559298,677855084.82883
2005-10-10,1.85351155911,1.8538691428658,1.7957498630948,1.7988012444774,507401346.04259
2005-10-11,1.830948024121,1.8524745662183,1.7998382373691,1.8424026237641,1213993868.8401
2005-10-12,1.7372729995681,1.7964650306064,1.7095483390375,1.7588948973336,2695827435.5269
2005-10-13,1.768835725744,1.9267327928329,1.7595981453866,1.9191400977521,1864413725.8608
2005-10-14,1.9191400977521,1.9412506933171,1.8852053993296,1.9283776781094,1035478949.2717
2005-10-17,1.9283776781094,1.9367928158285,1.8813673336844,1.9084960212887,616773398.23754
2005-10-18,1.9018330439729,1.9267327928329,1.8644059442024,1.8647635279582,609427260.84281
2005-10-19,1.8597215970018,1.9628725910826,1.8288263605034,1.9621693430296,1008398723.328
2005-10-20,1.9521212394925,2.0180000867636,1.9412506933171,2.0049721185951,1357154377.8793
2005-10-21,2.0350449124552,2.0350449124552,1.9772474580645,1.9876769842744,794320653.04367
2005-10-24,1.9837078045854,2.0283700156809,1.9675569382832,2.0283700156809,611647124.26555
2005-10-25,2.0143288935377,2.0303724847132,1.9887378160832,2.0035775419476,466230853.3608
2005-10-26,2.0101451635952,2.0557370924557,1.9970218397585,2.0369162674438,632693923.452
2005-10-27,2.0353905767525,2.036105744264,1.9790234573848,1.9790234573848,412056775.85452
2005-10-28,2.0017181064176,2.0155208393903,1.9347069105865,1.9455655373034,769958001.89003
2005-10-31,1.9728253389515,2.0706006572372,1.955399090587,2.0569171188497,943350045.29177
2005-11-01,2.0449857408656,2.0764531113732,2.0311830078929,2.0536511872137,751152650.99946
2005-11-02,2.0620544054743,2.1427848980683,2.0571555080203,2.1410208182065,862701150.21541
2005-11-03,2.16241624626,2.2255536180703,2.1453237427343,2.2089498123441,884027217.96031
2005-11-04,2.1566710672507,2.1872087199933,2.1293159099344,2.1839427883573,878073019.63432
2005-11-07,2.1732867924354,2.2025490631158,2.1477791511906,2.1510689217436,637580476.80296
2005-11-08,2.1410208182065,2.1564326780802,2.1107215546344,2.139149463218,473453721.73313
2005-11-09,2.1481367349463,2.1860167741408,2.1427848980683,2.1467183193818,532321322.8487
2005-11-10,2.1667430097048,2.1857783849703,2.1076582537933,2.184979781249,667829277.88943
2005-11-11,2.1964463003507,2.2180681981162,2.1905819267561,2.1977097629544,425073028.20076
2005-11-14,2.1977097629544,2.2136460790032,2.1753726976774,2.1946941399474,369790073.14173
2005-11-15,2.1999387016987,2.2528134197184,2.1950517237032,2.2243020749251,540580825.5592
2005-11-16,2.258904263025,2.3235911644435,2.2532901980594,2.3195981458374,782492541.07894
2005-11-17,2.3429841234647,2.3529130324166,2.2944600078069,2.3041743665053,676058354.72116
2005-11-18,2.3326022750889,2.3368098439484,2.2987867712517,2.3055808626113,524746073.53634
2005-11-21,2.3151760267244,2.3283470283952,2.2758537330484,2.3199557295932,511269232.31451
2005-11-22,2.321016561402,2.3842969667145,2.3041743665053,2.3755242452397,540237803.26576
2005-11-23,2.3897560787193,2.428029460045,2.3816985247559,2.3968004787079,485755851.87476
2005-11-25,2.4108535203096,2.4835741367744,2.4108535203096,2.4764343811176,395012157.63103
2005-11-28,2.5261385231694,2.5378434314416,2.4666008278339,2.488008175346,1017908654.4844
2005-11-29,2.4999395533301,2.5107147438373,2.405442086139,2.4321059148608,890882930.39258
2005-11-30,2.4440372928449,2.4587578241241,2.4115329294456,2.4223915561624,593956944.8378
2005-12-01,2.4601881591472,2.5620518517071,2.4572798112669,2.5574986185503,811936651.24935
2005-12-02,2.5753778063388,2.5975956770305,2.5248512216487,2.5937456919268,895451687.42822
2005-12-05,2.5702286002557,2.5902413711202,2.5533744859005,2.5652105082164,577488238.68155
2005-12-06,2.6420552573311,2.6722234068595,2.6194798028836,2.6452139138404,854676600.2919
2005-12-07,2.6511617236447,2.6588855327693,2.6111838597498,2.6414712038634,676580322.22385
2005-12-08,2.6135081541623,2.6491830935294,2.5926967795765,2.6463820207759,786962955.56006
2005-12-09,2.6511617236447,2.6637009940137,2.6194798028836,2.6539985547738,555318453.07997
2005-12-12,2.6772534183573,2.6916282853392,2.6625209676196,2.6752628687835,524951244.76914
2005-12-13,2.6746788153158,2.6956332234038,2.650351200465,2.6774918075278,493477920.77597
2005-12-14,2.5929232492885,2.6175011727683,2.509892301199,2.5718854049908,1448856603.0811
2005-12-15,2.5955097717886,2.6024111382749,2.548034568481,2.5781669596338,560785034.45697
2005-12-16,2.5765578327328,2.5822910922836,2.5374977671444,2.5394883167181,666578315.0233
2005-12-19,2.5366753245061,2.5926967795765,2.5366753245061,2.549441064587,528742604.9138
2005-12-20,2.5566642564536,2.5851994401639,2.5397267058886,2.5753778063388,478866658.89477
2005-12-21,2.5914213975143,2.6288246583677,2.590598954876,2.6250819483906,472357860.71126
2005-12-22,2.6401839023426,2.6600536397048,2.6285862691972,2.6442722766169,370592084.40587
2005-12-23,2.6485871206032,2.652210635995,2.6175011727683,2.6194798028836,229701364.71504
2005-12-27,2.6449755246699,2.6850845026086,2.6414712038634,2.6511617236447,590218505.72127
2005-12-28,2.6547137222853,2.6695296092327,2.6182997764896,2.6277876654759,397729128.36677
2005-12-29,2.6370133263748,2.6370133263748,2.5507164466493,2.551753439541,490011151.71837
2005-12-30,2.532455836188,2.5868443254404,2.5123477096553,2.5675467220874,624208618.53798
2006-01-03,2.5861291579289,2.6691720254769,2.5805389318804,2.6691720254769,804041825.33945
2006-01-04,2.6850845026086,2.7132740220217,2.6605184985873,2.6772534183573,619120087.89125
2006-01-05,2.6746788153158,2.6746788153158,2.634343367665,2.6558579903038,447904171.02616
2006-01-06,2.6876710251087,2.7392465221491,2.6619249946933,2.7242876016994,704300963.16486
2006-01-09,2.7427627624141,2.7569230791426,2.7050853540146,2.7159916585656,674883277.01357
2006-01-10,2.7227499915496,2.9240219682133,2.7082559299824,2.8878821699636,2279399612.9601
2006-01-11,2.9941083843439,3.0282337941028,2.9497679986286,2.9960631755421,1492394956.6803
2006-01-12,3.0340743287803,3.0859001344498,2.9862653806341,3.0103665257729,1279625418.9913
2006-01-13,3.0366727707389,3.0720020458089,3.0209033271095,3.0564471524329,775629895.44583
2006-01-17,3.057853648539,3.0849584972262,2.9949308269822,3.0249440235497,834260588.14866
2006-01-18,2.9678855755876,3.001593804298,2.9226154721072,2.9465020669926,1193022347.402
2006-01-19,2.9073108873603,2.916917970932,2.8120982526577,2.823195268545,1695555554.5207
2006-01-20,2.8316342451812,2.8579524096057,2.7082559299824,2.7168021817453,1137240349.5394
2006-01-23,2.7193529458698,2.841336684421,2.7136316057775,2.7739798242927,1059653969.4188
2006-01-24,2.8135047487637,2.8358418140407,2.7062653804087,2.7156340748098,1140517461.4917
2006-01-25,2.7656838811589,2.768043933947,2.6154867842775,2.6499936167092,1275545393.0492
2006-01-26,2.6666212613524,2.6944412775512,2.5691796879055,2.5833400046339,1179651653.6195
2006-01-27,2.6031143863279,2.6285862691972,2.5389042632504,2.5724813779171,953535408.13682
2006-01-30,2.5455553211077,2.7353726981282,2.530596400658,2.678290411249,1392281864.5096
2006-01-31,2.6970278000513,2.7259324869759,2.634343367665,2.6973734643485,912250864.9722
2006-02-01,2.678290411249,2.7301281363769,2.6655604295436,2.6942028883807,521144795.01284
2006-02-02,2.6904720978622,2.691985869095,2.5732919010968,2.5752586117535,706755752.52774
2006-02-03,2.5814805691039,2.5995862266043,2.5366753245061,2.5656753670989,692089920.21462
2006-02-06,2.5773802753711,2.5894308479405,2.3835937186615,2.4035707311504,1651688541.6966
2006-02-07,2.4406283277066,2.4814643926154,2.3813528604587,2.4144412773258,1387359739.073
2006-02-08,2.4450981246537,2.4670537672579,2.3572755542369,2.4572798112669,952996579.12993
2006-02-09,2.4716546782488,2.4724652014286,2.3045200308025,2.3195981458374,1149293156.2748
2006-02-10,2.3260346534413,2.4168966857821,2.2463888315731,2.4040355900329,1758926579.1672
2006-02-13,2.3755242452397,2.3839393829587,2.3084892104916,2.3110757329916,883187111.84488
2006-02-14,2.3253194859297,2.4321059148608,2.3213741451578,2.4158358539733,1160777851.6329
2006-02-15,2.4040355900329,2.4865063235717,2.3839393829587,2.4720003425461,1146648838.1682
2006-02-16,2.4999395533301,2.535721767824,2.4814643926154,2.5202145522822,948005870.87987
2006-02-17,2.5113107167636,2.531299648711,2.4862679344012,2.5104882741253,575909597.33979
2006-02-21,2.5222766186071,2.5279026030312,2.4525597056908,2.4670537672579,779334073.77784
2006-02-22,2.465921418698,2.5598229129628,2.4287207886395,2.5469856561307,978143803.67504
2006-02-23,2.5636728980666,2.6070597270999,2.5509309969027,2.5628742943454,856625333.10976
2006-02-24,2.5735183708088,2.6031143863279,2.5427184899786,2.5523374930088,534705599.78032
2006-02-27,2.5721237941613,2.5759618598065,2.5229798666601,2.5349112446443,791023893.38672
2006-02-28,2.5574986185503,2.5857834936317,2.4321059148608,2.4460397618772,1265729798.679
2006-03-01,2.4641692582947,2.4818100569126,2.4294240366925,2.4677689347695,762956784.52596
2006-03-02,2.4648486674307,2.4999395533301,2.452202121935,2.4862679344012,625154418.213
2006-03-03,2.4759695222351,2.4970312054499,2.4118905132013,2.4186846045609,737183773.16478
2006-03-06,2.4144412773258,2.4186846045609,2.3191213674964,2.3385381654346,912412270.7941
2006-03-07,2.3487293024741,2.3890647501248,2.3241632984527,2.3681461004123,872206257.32715
2006-03-08,2.36986250244,2.4000783298024,2.3339730128193,2.3450819481652,652191424.91152
2006-03-09,2.3603984523706,2.3737720848364,2.2789170338895,2.283327233544,798951884.39376
2006-03-10,2.2886194731293,2.3032327292818,2.2303452403976,2.2566753242807,1042948951.3535
2006-03-13,2.3253194859297,2.3670852686035,2.3138887252037,2.3457971156768,861067747.15786
2006-03-14,2.3496828591561,2.4043812543302,2.3393725275314,2.4043812543302,641940292.30031
2006-03-15,2.4223915561624,2.43009152637,2.3400757755845,2.3653211887417,891964216.92688
2006-03-16,2.3888382804128,2.3890647501248,2.2962360071272,2.296593590883,749063899.23725
2006-03-17,2.3119935312981,2.3407790236375,2.2897637411478,2.3093116531298,811905923.34344
2006-03-20,2.3290621959068,2.3378229979231,2.2809910196729,2.28546081662,605258859.24191
2006-03-21,2.2962360071272,2.2977259394429,2.1924890401202,2.2075313967795,1343318252.7193
2006-03-22,2.2235988268721,2.258904263025,2.1883887463874,2.2025490631158,1345769490.7463
2006-03-23,2.2032403917103,2.2108211673326,2.1290775207639,2.1484943187021,1426485091.873
2006-03-24,2.1525946124349,2.1764335294862,2.1083615018463,2.1413784019623,1071877408.9054
2006-03-27,2.1510689217436,2.1921314563644,2.1214729062245,2.1253109718698,1105940452.8874
2006-03-28,2.1317951573077,2.1477791511906,2.0803150159355,2.0969069022032,1367948966.3854
2006-03-29,2.1119015810284,2.2328364072294,2.0596109164765,2.2260303964113,2339718527.4859
2006-03-30,2.244755865755,2.260787537472,2.1974832932424,2.2411323503633,1388377979.1192
2006-03-31,2.2585585987277,2.2717772782326,2.2228836593605,2.240059599096,810884474.25884
2006-04-03,2.2735175191774,2.2902286000303,2.2360784999484,2.2374969155129,815737773.58243
2006-04-04,2.2180681981162,2.2221804113075,2.1804265480923,2.1846221974933,931878521.67297
2006-04-05,2.3110757329916,2.4004359135582,2.2911463983368,2.4004359135582,2232245114.3903
2006-04-06,2.4391264759324,2.5732919010968,2.4357532691696,2.5442441806699,2659520429.712
2006-04-07,2.531752588135,2.5429568791491,2.4453365138242,2.4925733279613,1545149305.2649
2006-04-10,2.5088314693902,2.5326942253585,2.4447524603565,2.452202121935,903364473.88553
2006-04-11,2.4650870566012,2.4750398044701,2.3952628685581,2.4283870438008,939177450.54738
2006-04-12,2.4335124109668,2.4346924373609,2.3679077112418,2.3824017728089,739600409.78783
2006-04-13,2.3679077112418,2.4087199372335,2.3503741877506,2.3734264205391,734629329.94619
2006-04-17,2.3751666614839,2.3869550059657,2.2980716037402,2.3147111678419,721477214.04571
2006-04-18,2.3213741451578,2.3737720848364,2.3138887252037,2.3649993633615,793903146.66204
2006-04-19,2.3862755968298,2.3928312990189,2.3382997762641,2.3447243644094,1074754420.4681
2006-04-20,2.4821557212099,2.5001541035836,2.3642961153085,2.4154901896761,1666548224.2585
2006-04-21,2.4453365138242,2.45127240417,2.3737720848364,2.3942258756664,788897195.26989
2006-04-24,2.3897560787193,2.3897560787193,2.3393725275314,2.348252524133,706882743.19571
2006-04-25,2.3562147224281,2.3780630899056,2.3414822716905,2.3632352834997,528527307.38208
2006-04-26,2.3784206736614,2.4384470667964,2.3711736428778,2.4338699947226,710787392.8826
2006-04-27,2.4195070471992,2.4951479310028,2.405442086139,2.4771495486291,845862652.09332
2006-04-28,2.4731684494816,2.5463896832045,2.471297094493,2.513861480888,758971825.82184
2006-05-01,2.5273185495635,2.5550312906355,2.469890598387,2.4856838809335,750148711.93845
2006-05-02,2.5056608934224,2.5708126537235,2.5041590416482,2.5580945914766,771019875.62975
2006-05-03,2.5694061576174,2.5694061576174,2.506852839275,2.5405610679854,686757726.65369
2006-05-04,2.5372593779738,2.6031143863279,2.5165433590563,2.5399650950592,860367132.27825
2006-05-05,2.5681426950137,2.5805389318804,2.540799457156,2.5675467220874,562881441.76828
2006-05-08,2.6033527754984,2.6360716891513,2.5618134625366,2.5675467220874,594700708.48955
2006-05-09,2.5645072601634,2.5914213975143,2.5220382294366,2.5364369353356,531495787.86497
2006-05-10,2.5463896832045,2.54755779014,2.4862679344012,2.5212277062569,459883054.94048
2006-05-11,2.5241598930542,2.5295474883078,2.4125699223373,2.4338699947226,810300483.80449
2006-05-12,2.4338699947226,2.4529172894465,2.3876701734773,2.4179694370494,641763915.9997
2006-05-15,2.3971342235466,2.4421659378564,2.3971342235466,2.4212234492269,528927049.53393
2006-05-16,2.4374935101144,2.4374935101144,2.3123511150539,2.3206589776462,936640902.43699
2006-05-17,2.3143655035447,2.346619558315,2.2883810839588,2.3308381952271,744995789.10492
2006-05-18,2.3429841234647,2.366370101092,2.2542199158244,2.2563177405249,658192689.1339
2006-05-19,2.2563177405249,2.3172500125079,2.243575839361,2.3038167827495,985808146.79966
2006-05-22,2.2785832890508,2.28546081662,2.2418355984163,2.2636958853523,718343788.15059
2006-05-23,2.3165348449963,2.3283470283952,2.2500123469648,2.2553880227599,694392732.03623
2006-05-24,2.2482601865616,2.2731599354216,2.1984130110074,2.262170194661,915999161.91907
2006-05-25,2.2948175915627,2.3015759245467,2.260310759131,2.2973802751457,463363211.35118
2006-05-26,2.2962360071272,2.3055808626113,2.2549231638774,2.2693218697764,432914265.26694
2006-05-30,2.2549231638774,2.260787537472,2.1860167741408,2.1864935524818,562960876.58471
2006-05-31,2.2056838807081,2.2067327930583,2.096108298482,2.1346677468124,1280606758.8714
2006-06-01,2.137492658483,2.2243020749251,2.1256685556255,2.2202971368605,942462450.44194
2006-06-02,2.2489515151561,2.2535285872299,2.1744548993709,2.20219147936,685675485.37803
2006-06-05,2.1839427883573,2.1839427883573,2.1417359857181,2.1427848980683,605639884.10057
2006-06-06,2.1515457000847,2.1653245941403,2.1041777719038,2.1328321501994,726037531.10064
2006-06-07,2.1446085752228,2.1570286510065,2.0839146924103,2.0912809177791,749221369.47769
2006-06-08,2.0843914707513,2.1760759457304,2.0411238363033,2.1700327802579,1396923353.0371
2006-06-09,2.1853373650048,2.1984130110074,2.1107215546344,2.115858841259,775795380.31209
2006-06-12,2.1227602077453,2.1332731701649,2.0343535838607,2.0358673550935,717607101.16257
2006-06-13,2.0575011723175,2.1107215546344,2.0486092562574,2.0831995248987,1079761200.757
2006-06-14,2.0831995248987,2.0992431160742,2.0246392251624,2.0575011723175,877884379.35379
2006-06-15,2.0517798322252,2.1335115593354,2.0268800833652,2.1206623830448,1190265667.6477
2006-06-16,2.1069550057403,2.1141066808557,2.053996851511,2.0557370924557,837993307.20669
2006-06-19,2.064021116131,2.0778715269378,2.0358673550935,2.0428998356236,704315697.05563
2006-06-20,2.0575011723175,2.0839146924103,2.0461180894255,2.0524949997367,672084327.72169
2006-06-21,2.062638458942,2.0969069022032,2.0464756731813,2.0662738937924,863101993.08841
2006-06-22,2.0738546694147,2.1339644987594,2.0738546694147,2.1279094138284,966057642.23656
2006-06-23,2.1328321501994,2.1489710970431,2.0975982307977,2.1011263905213,659955588.84574
2006-06-26,2.1129266544617,2.1143450700262,2.0846298599218,2.1069550057403,466295173.39668
2006-06-27,2.1115439972727,2.1151555932059,2.0500276718219,2.0510765841722,548599509.44442
2006-06-28,2.0464756731813,2.0464756731813,1.9790234573848,2.0005499994821,850502474.43769
2006-06-29,2.0283700156809,2.1104831654639,2.0139713097819,2.1061564020191,871624344.98733
2006-06-30,2.0562138707967,2.0624000697715,2.0180000867636,2.0453433246214,737558120.70669
2006-07-03,2.0480132833311,2.0778715269378,2.0480132833311,2.069575583804,194772705.90852
2006-07-05,2.0392524813148,2.0571555080203,2.0200621530885,2.0358673550935,518138415.15733
2006-07-06,2.0428998356236,2.0500276718219,1.9857937098274,1.991658083422,633133160.68654
2006-07-07,1.9843991331799,2.0197284082498,1.9524669037897,1.978665873629,799015069.31096
2006-07-10,1.9902515873159,2.0176544224663,1.9466382885707,1.9643029261057,529190125.24272
2006-07-11,1.9675569382832,1.9994891676733,1.9478063955062,1.9872002059334,824956058.94026
2006-07-12,1.9708228699192,1.9728253389515,1.8895440822329,1.8914392761385,926553655.62611
2006-07-13,1.8588991543636,1.9330739447685,1.8361091496626,1.8661581046057,1249715928.6203
2006-07-14,1.87469243691,1.8889719482237,1.7913039050648,1.8096598711942,992708550.85939
2006-07-17,1.8446315625084,1.8968149519336,1.8446315625084,1.8705087069675,1024531279.9863
2006-07-18,1.8997232998138,1.9231211968996,1.8517593987067,1.8891984179357,1001160408.7843
2006-07-19,1.8910816923828,1.9672112739859,1.870270317797,1.9322515021303,1389326507.9451
2006-07-20,2.1772559721244,2.1995811179429,2.1328321501994,2.160532971813,1972134549.524
2006-07-21,2.1328321501994,2.1839427883573,2.1300310774459,2.1686024452348,891891969.51748
2006-07-24,2.1860167741408,2.2177106143604,2.1581014022738,2.1936452275972,722729988.23573
2006-07-25,2.2070903768141,2.2173530306046,2.1707241088524,2.2115363348441,589027960.02916
2006-07-26,2.2156485480355,2.3084892104916,2.2029066468716,2.2809910196729,898392896.53807
2006-07-27,2.3034591989937,2.3221846683375,2.2451134495108,2.2642680193615,735039927.45693
2006-07-28,2.2836848172997,2.3457971156768,2.2680226487971,2.3425311840407,691461586.30298
2006-07-31,2.386621261127,2.450819464746,2.3670852686035,2.4274454065773,892835399.95736
2006-08-01,2.400793497314,2.4262772996418,2.3550346960341,2.3992439677056,710326048.10018
2006-08-02,2.4151326059203,2.4525597056908,2.4112111040654,2.4343348536051,550652856.07484
2006-08-03,2.4239291663122,2.5001541035836,2.4215810329827,2.4853382166362,840983572.23621
2006-08-04,2.3935345470719,2.4501400556101,2.3199557295932,2.4391264759324,1852804452.696
2006-08-07,2.4198527114965,2.4856838809335,2.3681461004123,2.4004359135582,1245392066.9374
2006-08-08,2.3963237003669,2.3968004787079,2.3038167827495,2.3135311414479,997653753.68662
2006-08-09,2.3339730128193,2.3429841234647,2.2642680193615,2.2710740301796,955527626.1515
2006-08-10,2.2553880227599,2.3147111678419,2.2392371564577,2.2883810839588,697681649.89401
2006-08-11,2.2585585987277,2.2904550697423,2.2350653459737,2.2731599354216,777421033.85653
2006-08-14,2.283327233544,2.3293005850773,2.2714316139354,2.2836848172997,717502371.57294
2006-08-15,2.3297773634183,2.3749282723134,2.3143655035447,2.3730688367834,861325126.29916
2006-08-16,2.3945715399636,2.431045083052,2.3688255095483,2.428029460045,781252968.83091
2006-08-17,2.4287207886395,2.451975652223,2.3992439677056,2.41408369357,576343813.37308
2006-08-18,2.4183270208052,2.4428691859094,2.4020569599177,2.4255740515888,536309738.92463
2006-08-21,2.4040355900329,2.4040355900329,2.3624128408615,2.3770260970139,526082543.6424
2006-08-22,2.3792311968411,2.4399489185707,2.3749282723134,2.4151326059203,576827993.08541
2006-08-23,2.4304491101257,2.4516180684672,2.3905785213575,2.4040355900329,534270322.4572
2006-08-24,2.4269686282362,2.4354076048724,2.3667276848477,2.4220578113237,654978580.88246
2006-08-25,2.4043812543302,2.465921418698,2.4040355900329,2.4551581476493,543905195.53077
2006-08-28,2.4442756820155,2.4501400556101,2.3813528604587,2.3921161315073,738137249.36301
2006-08-29,2.3921161315073,2.4020569599177,2.3256770696855,2.3741177491336,947322981.63767
2006-08-30,2.4018185707472,2.4223915561624,2.3813528604587,2.3914009639958,680220069.77671
2006-08-31,2.3996015514614,2.4391264759324,2.3805184983619,2.4235715825564,574627826.86614
2006-09-01,2.4453365138242,2.4516180684672,2.4223915561624,2.4421659378564,408491616.42143
2006-09-05,2.4576254755642,2.553612875071,2.4481495060363,2.5527785129742,1012174011.4339
2006-09-06,2.5385585989531,2.5606453556011,2.4893193157838,2.5012268548509,974035893.91599
2006-09-07,2.5227414774896,2.6242475862938,2.5090698585607,2.5998246157748,1267910752.6162
2006-09-08,2.6185381656601,2.6277876654759,2.5683691647257,2.5897765122377,895870481.62003
2006-09-11,2.5897765122377,2.6335209250268,2.5507164466493,2.58919245877,948868801.85764
2006-09-12,2.6004205887011,2.6231152377339,2.551753439541,2.5937456919268,1684563602.1834
2006-09-13,2.6027687220307,2.6539985547738,2.5822910922836,2.6499936167092,1146090501.5638
2006-09-14,2.6358332999807,2.6665020667672,2.6236992912017,2.6491830935294,801691402.29467
2006-09-15,2.6695296092327,2.6774918075278,2.6169051998421,2.6466204099464,981837721.47385
2006-09-18,2.6360716891513,2.6732723192097,2.6175011727683,2.6393495402458,705259787.76041
2006-09-19,2.6424128410869,2.6552858562946,2.5998246157748,2.6351300519277,710044848.24595
2006-09-20,2.6570141777808,2.7031067238994,2.6505895896355,2.6879094142792,822411221.86274
2006-09-21,2.6904720978622,2.7162300477361,2.6442722766169,2.6655604295436,794094449.81521
2006-09-22,2.6537601656033,2.6544753331148,2.5921246455673,2.6070597270999,665094909.55131
2006-09-25,2.6360716891513,2.7091618088304,2.6332944553148,2.7053237431851,858934168.69494
2006-09-26,2.7176246243836,2.7781873931523,2.7176246243836,2.7717389660899,1102876965.5719
2006-09-27,2.7579481525758,2.7668639075529,2.7080175408119,2.7282210230128,810329975.07703
2006-09-28,2.7519884233129,2.7671022967234,2.7124515793835,2.750605766124,723373165.94247
2006-09-29,2.7579481525758,2.7689378933364,2.7384121600523,2.7494257397299,405771580.11019
2006-10-02,2.6786479950048,2.7096385871714,2.6534025818475,2.6732723192097,712421498.15325
2006-10-03,2.656656594025,2.6764428951775,2.6135081541623,2.6463820207759,790640483.3526
2006-10-04,2.6420552573311,2.6956332234038,2.612483080729,2.6928083117332,828442128.37124
2006-10-05,2.6605184985873,2.7193529458698,2.6477765974234,2.6722234068595,673942555.58937
2006-10-06,2.6585398684721,2.6798280213988,2.6364173534485,2.6505895896355,466894343.23184
2006-10-09,2.6360716891513,2.6814848261339,2.6261427801994,2.6651074901197,438217200.78739
2006-10-10,2.6634626048431,2.6634626048431,2.609896558229,2.6364173534485,531395660.83341
2006-10-11,2.6272036120082,2.6428776999694,2.5926967795765,2.6149146502683,571763544.90848
2006-10-12,2.6341168979531,2.6931539760305,2.6285862691972,2.6879094142792,592772228.26954
2006-10-13,2.7025107509731,2.7462432443036,2.6685998914677,2.6792439679311,684084318.29949
2006-10-16,2.6806623834956,2.7099723320101,2.6703520518709,2.693392365201,508661203.60807
2006-10-17,2.6817112958459,2.6883742731617,2.6449755246699,2.653164192677,480799896.88125
2006-10-18,2.6703520518709,2.8068536909064,2.6401839023426,2.6614482163523,1121803756.5428
2006-10-19,2.8304661382456,2.854805672555,2.7913941531987,2.8216814973123,1515686055.8022
2006-10-20,2.8205133903768,2.8558545849052,2.8095236496161,2.854805672555,639411731.96888
2006-10-23,2.8564267189145,2.9242484379252,2.8483572454926,2.9098854904019,831923819.24761
2006-10-24,2.9073108873603,2.9174901049412,2.8636856691566,2.8949265699522,463046766.60733
2006-10-25,2.9042833448948,2.9281341814046,2.8933770403439,2.9174901049412,484578769.04253
2006-10-26,2.921566559757,2.9503639715549,2.8980613875445,2.9351547424762,432630234.74721
2006-10-27,2.9208752311625,2.9448452622575,2.8567723832117,2.8716240285346,594837598.93609
2006-10-30,2.8564267189145,2.8894078606549,2.838774000838,2.8719816122904,499919388.71975
2006-10-31,2.9106840941231,2.9174901049412,2.8646392258386,2.8960946768877,501310553.42445
2006-11-01,2.8968932806089,2.9070724981898,2.7986292645237,2.8274505152387,611187009.40478
2006-11-02,2.8165561301462,2.8324447683609,2.8039334235676,2.8212166384298,465473550.50341
2006-11-03,2.8328023521167,2.8399182688565,2.7784138628642,2.7959712252725,431861752.69072
2006-11-06,2.822039081068,2.8587867717025,2.8010012367703,2.8471772190986,430259075.86115
2006-11-07,2.8751283493412,2.8931386511734,2.8607415629007,2.8754859330969,525846615.97891
2006-11-08,2.8564267189145,2.9532603999766,2.8530535121517,2.9448452622575,690741363.98906
2006-11-09,2.9643693353225,3.0243480506234,2.9327827702296,2.9768966862329,922898993.80516
2006-11-10,2.9856813271663,2.9856813271663,2.9468477312898,2.9686960987673,373823300.81702
2006-11-13,2.9717713190669,3.0155872486071,2.9518658233291,3.0127146591024,450623912.02197
2006-11-14,3.0282337941028,3.0360767978126,2.9960631755421,3.0360767978126,588888111.39456
2006-11-15,3.037852797133,3.067854074242,2.9998297244362,3.001593804298,654324155.18155
2006-11-16,3.0316189203241,3.0820382298874,3.0214993000358,3.0573768701979,693821962.82004
2006-11-17,3.038079266845,3.069510878977,3.0360767978126,3.0657800884585,466385758.04846
2006-11-20,3.050213275624,3.1069618176645,3.0427397751285,3.0884747374913,567649005.65365
2006-11-21,3.1228623753377,3.1636746013294,3.110692608183,3.1636746013294,622461993.05535
2006-11-22,3.1788599914911,3.2413417930824,3.1375948260754,3.224618792771,671942523.46134
2006-11-24,3.1971325214109,3.3240270768747,3.1967868571136,3.2731548278873,519067779.52201
2006-11-27,3.3022621456069,3.3266135993747,3.1967868571136,3.1979430445906,1074739872.8274
2006-11-28,3.2285641335429,3.2848478167009,3.2111736435541,3.2793410268621,1036039086.2935
2006-11-29,3.3213094403308,3.3266135993747,3.2228547129092,3.2793410268621,1156953815.5072
2006-11-30,3.2932510349615,3.3096283709757,3.2526891175988,3.2743348542813,870338158.20569
2006-12-01,3.2793410268621,3.2973751676114,3.2178127819528,3.2608658661474,795077830.05642
2006-12-04,3.2824996833714,3.2877561645812,3.2318658235545,3.2542148082901,709625282.207
2006-12-05,3.2737508008136,3.2973751676114,3.2457758316539,3.2590898668271,662675690.59619
2006-12-06,3.2372295798911,3.2634523886474,3.2029730560884,3.2084560070102,637487965.88918
2006-12-07,3.2149044340726,3.2318658235545,3.1034336579409,3.108582864024,1004748848.6373
2006-12-08,3.1112885811093,3.1930203082195,3.1069618176645,3.1512783644628,784058892.4329
2006-12-11,3.1742233221246,3.1898616517102,3.1451994406147,3.169288666295,499582019.36767
2006-12-12,3.1636746013294,3.1728049065601,3.0550287368684,3.0762930508781,1034211984.8398
2006-12-13,3.1420407841054,3.1812200442792,3.1124686075034,3.1806240713529,855792960.56711
2006-12-14,3.1788599914911,3.2146660449021,3.1512783644628,3.1616840517557,831942492.91467
2006-12-15,3.1779541126431,3.18695330383,3.1193461350727,3.1329223983333,739693826.78304
2006-12-18,3.1329223983333,3.1434472802115,3.0203192736418,3.0529070732508,721484628.81206
2006-12-19,3.0235375274437,3.0960793520306,2.9862653806341,3.0823958136432,911232613.18048
2006-12-20,3.0882363483208,3.0954833791044,3.0261240499438,3.02672002287,568045318.95848
2006-12-21,3.02672002287,3.0532646570066,2.935512326232,2.9612345177303,903556577.41062
2006-12-22,2.9820339728575,3.0009978313717,2.9147724683974,2.935512326232,611506514.69035
2006-12-26,2.9327827702296,2.9495415289166,2.8890502768991,2.9116257313466,490142603.15944
2006-12-27,2.7911557640281,2.9281341814046,2.7422979035316,2.9118641205171,1935299507.1388
2006-12-28,2.859931039721,2.9022808758625,2.8448648441446,2.8882278342608,1119783277.1772
2006-12-29,2.9980537251159,3.050213275624,2.9775999342859,3.0296641291259,1076296597.0662
2007-01-03,3.0814780153367,3.0922174474683,2.9242484379252,2.9924634990674,1238163691.6035
2007-01-04,3.006218554206,3.0698684627328,2.9929164384914,3.0588548830551,847137734.34369
2007-01-05,3.0655536187465,3.0781524864081,3.0141926719596,3.038079266845,834662025.84734
2007-01-08,3.0708220194148,3.0905725621918,3.046017626223,3.0529070732508,796566967.3324
2007-01-09,3.0887131266618,3.3204869976925,3.0415478292759,3.3055519161599,3348211307.9389
2007-01-10,3.3842441813461,3.493044998768,3.3376986958035,3.4633178692051,2942918304.0985
2007-01-11,3.4275237352526,3.4569171199768,3.3963185928326,3.4209799525221,1440251898.4479
2007-01-12,3.3764250165533,3.39512664698,3.3297603364255,3.3793572033506,1312475123.4605
2007-01-16,3.4184291883976,3.4720905906799,3.4084645210702,3.4668102705531,1243675759.9461
2007-01-17,3.4825320363484,3.4854046258531,3.3865923146756,3.3914912121297,1625120991.7262
2007-01-18,3.2856583398807,3.2895321639015,3.1806240713529,3.1812200442792,2364249672.0317
2007-01-19,3.1646281580115,3.2020433383234,3.1470707956033,3.1597054216404,1361661934.9872
2007-01-22,3.1843787007885,3.184617089959,3.0586284133431,3.0999531760515,1443403469.4626
2007-01-23,3.0612149358432,3.1254488978378,3.0540870996449,3.0603805737464,1207263715.8027
2007-01-24,3.0745647293919,3.1124686075034,3.0745647293919,3.0966634054984,927732734.35437
2007-01-25,3.1121110237476,3.1597054216404,3.0728244884471,3.0802860694842,905898427.91835
2007-01-26,3.109512581789,3.1208599063054,3.0357311335154,3.0496292221563,986543911.76592
2007-01-29,3.0802860694842,3.0948874061781,3.0550287368684,3.069510878977,901472903.89923
2007-01-30,3.0894163747148,3.0894163747148,3.0445992106585,3.0555055152094,577099035.59905
2007-01-31,3.0284721832733,3.0716444620531,3.0127146591024,3.061572519599,854484920.44377
2007-02-01,3.0762930508781,3.0812396261662,3.0261240499438,3.0261240499438,664161045.82117
2007-02-02,3.005062366729,3.0445992106585,2.9885896750466,3.0261240499438,621506797.8193
2007-02-05,3.0112008878697,3.0440151571907,2.9978153359454,2.9978153359454,578756437.22996
2007-02-06,3.0155872486071,3.0161593826163,2.9596969075805,3.0053007558995,864021924.97763
2007-02-07,3.0173394090104,3.0849584972262,2.9840364418898,3.0766267957168,1066458330.5252
2007-02-08,3.0584019436311,3.090214978436,3.0505708593798,3.0776876275256,679032545.19498
2007-02-09,3.0672700207742,3.0781524864081,2.9719977887789,2.9740836940209,860146782.50361
2007-02-12,3.0150031951393,3.042501385958,2.9866110449313,3.0313924506121,723473351.70153
2007-02-13,3.042501385958,3.0462560153935,3.0109624986992,3.0247056343792,580661869.42314
2007-02-14,3.0220833535036,3.0584019436311,3.0200808844713,3.0466135991493,507979265.75137
2007-02-15,3.0440151571907,3.0574960647832,3.0273159957963,3.0430973588842,363634781.78833
2007-02-16,3.0393665683657,3.0505708593798,3.0231918631464,3.0294257399553,399718894.92781
2007-02-20,3.0200808844713,3.0769843794726,3.005992084494,3.067854074242,617590621.60209
2007-02-21,3.0736469310854,3.1964292733579,3.0701068519033,3.1860116666065,1155265191.8204
2007-02-22,3.2430939534857,3.2436660874949,3.1608735285759,3.1971325214109,838211577.18887
2007-02-23,3.1887173836918,3.2260133694185,3.1730432957306,3.1812200442792,517879608.09883
2007-02-26,3.2090519799365,3.2146660449021,3.1289412991858,3.1657843454885,616002245.75773
2007-02-27,3.0812396261662,3.1097509709595,2.9791256249772,2.9971240073509,1145436764.6525
2007-02-28,3.0193657169597,3.0566617026864,2.9643693353225,3.0212609108653,919417523.57639
2007-03-01,2.9998297244362,3.153006685949,2.9904491105766,3.109512581789,1415496051.5807
2007-03-02,3.0987612301989,3.1265931658562,3.0430973588842,3.0505708593798,859915155.37104
2007-03-05,3.0653271490345,3.1657843454885,3.0627644654515,3.0823958136432,836127469.93294
2007-03-06,3.1359499407988,3.153006685949,3.1220399326994,3.1489659895088,723180279.66369
2007-03-07,3.1434472802115,3.1774773343021,3.1236967374345,3.1329223983333,626142312.92103
2007-03-08,3.1634362121589,3.168108639901,3.1236967374345,3.1434472802115,510910064.99237
2007-03-09,3.1709335515715,3.1730432957306,3.1220399326994,3.1422791732759,450584394.28725
2007-03-12,3.1434472802115,3.2143084611463,3.1432088910409,3.2096479528628,729422705.00877
2007-03-13,3.1930203082195,3.2353820638196,3.1566659597164,3.1566659597164,867666955.48859
2007-03-14,3.1636746013294,3.2146660449021,3.1406342879994,3.2146660449021,796465437.55255
2007-03-15,3.2146660449021,3.2264901477595,3.1901000408808,3.1991230709846,559089453.23937
2007-03-16,3.1997190439109,3.2143084611463,3.1901000408808,3.1999455136229,571703763.66939
2007-03-19,3.2224971291534,3.269996171378,3.1999455136229,3.2545604725873,712994502.37029
2007-03-20,3.2614618390737,3.2801634695004,3.2526891175988,3.2669447899954,489109661.1031
2007-03-21,3.2856583398807,3.3568771045713,3.2737508008136,3.3526814551703,687238951.53381
2007-03-22,3.3491532954467,3.369773958696,3.3213094403308,3.3557089976358,565201542.96587
2007-03-23,3.3324422145937,3.3594755465299,3.3324422145937,3.3399276345478,451189093.73602
2007-03-26,3.3576995472095,3.4251756019231,3.3324422145937,3.4230658577641,864740118.67591
2007-03-27,3.4174756317155,3.4580494685368,3.3931480168647,3.4088221048259,924931528.24856
2007-03-28,3.3894172263462,3.4069507498374,3.3266135993747,3.3299868061375,948623414.03288
2007-03-29,3.3631944175899,3.3635400818871,3.2938350884292,3.3479971079697,725581645.45883
2007-03-30,3.3682482680047,3.3815623031778,3.312560557773,3.3183057367824,600521175.90851
2007-04-02,3.3620382301129,3.3659001346752,3.3220126883838,3.3446000622899,501873339.89546
2007-04-03,3.3615733712304,3.4008718259893,3.3483546917254,3.3748874064035,583933075.9059
2007-04-04,3.3911455478324,3.3975939748948,3.3612157874746,3.3667106578549,476783148.14245
2007-04-05,3.3606317340068,3.3815623031778,3.3399276345478,3.3815623031778,355518390.44454
2007-04-09,3.4002758530631,3.4031961204018,3.3228470504806,3.3446000622899,413297932.06713
2007-04-10,3.3457800886839,3.3659001346752,3.3367689780385,3.3659001346752,352466487.54796
2007-04-11,3.3538495621058,3.3553871722556,3.2973751676114,3.3063624393397,548979543.48626
2007-04-12,3.2883521375075,3.2968983892703,3.2399233775179,3.2924405117818,658536568.84884
2007-04-13,3.2477902201448,3.2637980529447,3.2160844604666,3.2224971291534,720243099.26034
2007-04-16,3.2353820638196,3.2678625883019,3.2228547129092,3.2649780793387,609414144.47517
2007-04-17,3.2868145273577,3.2965527249731,3.2041411630239,3.226251758589,751769951.69178
2007-04-18,3.2195768618146,3.2448341944304,3.2002792584616,3.2283257443724,463944957.57607
2007-04-19,3.2205184990381,3.2584223771496,3.2084560070102,3.2236771555474,425940136.3817
2007-04-20,3.2531658959398,3.2565510221611,3.2338444536698,3.249518541631,524015771.9055
2007-04-23,3.2735124116431,3.3501068521287,3.2646204955829,3.3393316616216,780417216.94011
2007-04-24,3.3576995472095,3.4437699572231,3.2602698932211,3.3299868061375,1055263209.5628
2007-04-25,3.3664961076014,3.4069507498374,3.3501068521287,3.4046264554249,1186554536.8187
2007-04-26,3.6271746655568,3.6609782499355,3.5105785222592,3.5297330921099,1737945470.8843
2007-04-27,3.5050717324203,3.5702115732629,3.4889327855767,3.5690315468688,699406856.61844
2007-04-30,3.5737278135279,3.6069235055218,3.5594483022142,3.5643710385853,616496225.41187
2007-05-01,3.556539954334,3.5842526954061,3.520280961499,3.5525588551864,532506909.29923
2007-05-02,3.5588880876635,3.5912613370191,3.5525588551864,3.5861240503946,505204779.81907
2007-05-03,3.5962794290584,3.6219062648885,3.5725597065924,3.5863505201066,576076328.90698
2007-05-04,3.5987467569732,3.6279971081951,3.5898548409131,3.6003916422498,381998284.58751
2007-05-07,3.6092954777684,3.7270716474601,3.6071618946923,3.7115167540841,861543759.55287
2007-05-08,3.6932561436229,3.7554757171266,3.6929104793256,3.7523170606173,784048940.63855
2007-05-09,3.7468460291541,3.8199123099162,3.745892472472,3.8163960696511,717718638.94738
2007-05-10,3.8096258172085,3.886804311162,3.7831884581987,3.8333574591331,1197125426.4047
2007-05-11,3.8407356039604,3.8976986962544,3.8129155877616,3.8835264600674,651254194.4177
2007-05-14,3.9179140979138,3.9285581743772,3.865647272279,3.905875444803,651945386.05047
2007-05-15,3.913587334469,3.9351377154834,3.8030581955609,3.8400561948245,954526949.82259
2007-05-16,3.874515349422,3.8864586468647,3.6929104793256,3.8333574591331,1127245175.7029
2007-05-17,3.8298531383265,3.9240168606789,3.826372656437,3.908914906727,736809043.89411
2007-05-18,3.9362819835018,3.9509071591128,3.9208462847111,3.9290230332597,620750583.93755
2007-05-21,3.9388446670848,4.0157132551166,3.9299527510247,3.9985253959226,639890983.605
2007-05-22,4.0172389458078,4.0622349017421,3.9996696639411,4.0552381795875,572407252.00168
2007-05-23,4.072414119323,4.1071593409251,4.0209458974093,4.0326746445985,911347354.13092
2007-05-24,4.029623263216,4.0880762878256,3.9413358339167,3.9530288227303,887361096.75309
2007-05-25,3.9996696639411,4.0634149281361,3.9827201939176,4.0579319772143,632854218.4852
2007-05-29,4.0916044475492,4.1024988326416,4.0247124463034,4.0839044773417,645685471.6559
2007-05-30,4.0824979812356,4.2464620527141,4.054773320705,4.2423736784398,1478653329.9405
2007-05-31,4.2883351105146,4.3616755388228,4.2687037623229,4.3283368133266,1296664536.126
2007-06-01,4.324808653603,4.3283368133266,4.2241249874371,4.2283444757552,884246887.33492
2007-06-04,4.2370814388544,4.3476105777625,4.2105368047179,4.3339389588337,886607315.0288
2007-06-05,4.3361798170365,4.38247499395,4.3035324201348,4.381545276185,920839940.53967
2007-06-06,4.3690179252746,4.4292469492045,4.3545477026245,4.4154680551489,1112167167.7873
2007-06-07,4.4641232848505,4.5569877862236,4.400389940114,4.4295926135018,1916018075.0581
2007-06-08,4.4864722695861,4.4932425220286,4.3666817114035,4.446196419228,1241657061.7016
2007-06-11,4.5001319690564,4.505293094598,4.2687037623229,4.2923042902037,1874257603.3949
2007-06-12,4.2623387714702,4.3471576383386,4.2250785441191,4.2996943544895,1426565040.9745
2007-06-13,4.3259886799971,4.3283368133266,4.1208428793126,4.1963049712383,1721645522.394
2007-06-14,4.1858873644869,4.2649372134288,4.1581746234148,4.2414201217578,973263757.33108
2007-06-15,4.3070367409413,4.3090272905151,4.2806351403071,4.3035324201348,811167972.03625
2007-06-18,4.4037631468768,4.4704405978691,4.3766106203554,4.4670197132722,910568853.16294
2007-06-19,4.4547545904494,4.4644808686063,4.3905563868304,4.4161832226605,943087360.54033
2007-06-20,4.4237639982828,4.4524302960369,4.3395411043407,4.341317103661,897532809.64922
2007-06-21,4.3442492904583,4.4381507847232,4.3108032898354,4.4245983603795,866873709.7233
2007-06-22,4.4230726696883,4.4449210371657,4.3701979516686,4.3933336206668,631875231.06098
2007-06-25,4.4351232422577,4.4670197132722,4.323652466126,4.3686603415188,965396092.05095
2007-06-26,4.4275186277183,4.4277450974303,4.2400255451103,4.2726491030949,1341355685.3803
2007-06-27,4.3082286867939,4.3579209093872,4.2595734570923,4.3532484816452,974722352.11226
2007-06-28,4.3740598562309,4.3745247151134,4.2859988966436,4.3058447950888,838740831.93534
2007-06-29,4.3564905743641,4.4277450974303,4.324808653603,4.3579209093872,1134389648.7356
2007-07-02,4.325511901656,4.3593154860347,4.2600383159748,4.3313762752506,995142302.35386
2007-07-03,4.3564905743641,4.5500745002788,4.3395411043407,4.5421123019837,1162481352.6733
2007-07-05,4.6002435012131,4.7483189344769,4.5962862409826,4.7405116891427,1451111188.7187
2007-07-06,4.7552203009633,4.7621216674496,4.6572185129656,4.7251475071031,874220164.24653
2007-07-09,4.7251475071031,4.7463283849032,4.6139627979761,4.6549895742213,994779952.00122
2007-07-10,4.6092307729415,4.8031722826119,4.6009348298076,4.7272572512622,1254001221.4371
2007-07-11,4.7139312966305,4.7756979307103,4.6898539904088,4.7286756668267,820510579.31666
2007-07-12,4.7793095266436,4.794173091425,4.7286756668267,4.7873670806069,704208109.11468
2007-07-13,4.8215282487413,4.9239879142276,4.8035179469091,4.9193274059441,907007350.77517
2007-07-16,4.9479579453226,4.9991877780657,4.9114605633172,4.9315925287669,935705827.24242
2007-07-17,4.9380290363708,4.9868034606576,4.9114605633172,4.9607236854036,708639348.15851
2007-07-18,4.9349895744467,4.9432855175806,4.8588480733851,4.9321646627762,756812253.72847
2007-07-19,5.0101894382849,5.0286645989996,4.9888893658996,4.9997718315335,731831973.84748
2007-07-20,5.0603465197607,5.1497424587029,4.9997718315335,5.1343782766634,1163291151.204
2007-07-23,5.1218866841285,5.1865735855471,5.0335873353707,5.1321731768361,1034470925.2936
2007-07-24,4.9587331358298,5.0361738578708,4.7908952403305,4.8165220761606,1794278315.9172
2007-07-25,4.9077178533401,4.9403414113247,4.8215282487413,4.9025924861741,1500069371.5711
2007-07-26,5.2121885019186,5.3038848963562,4.8917100205402,5.2141790514924,2186268712.9605
2007-07-27,5.2190660294879,5.3183431995478,5.1348431355459,5.1375607720897,1158181938.4097
2007-07-30,5.1526150482076,5.1949768038076,4.9856234342636,5.0513592480324,1107772287.7776
2007-07-31,5.1072615085176,5.124210978541,4.6978161887039,4.7057545480819,1759426586.7797
2007-08-01,4.7724200796158,4.8359031157232,4.5628402403597,4.8215282487413,1749282766.0902
2007-08-02,4.8893738066692,4.8917100205402,4.7908952403305,4.8735805241227,852342474.12835
2007-08-03,4.8353429011725,4.8552007190762,4.6969937460656,4.7084245067917,677688487.49592
2007-08-06,4.7463283849032,4.8319577749512,4.5820186491275,4.831361802025,924498184.73812
2007-08-07,4.8186318203196,4.9017700435358,4.736709381873,4.8223268524625,949297979.91041
2007-08-08,4.8844629897566,4.8879553911046,4.7139312966305,4.7856030007451,807443567.95325
2007-08-09,4.6823447315376,4.7496181554562,4.4670197132722,4.5146498695406,1123714041.3054
2007-08-10,4.3933336206668,4.5619105225947,4.2969767179457,4.4641232848505,1409415261.0948
2007-08-13,4.5893729550378,4.6200059634486,4.5183687406006,4.5637580386662,752544240.22009
2007-08-14,4.5816610653717,4.5820186491275,4.4176850744347,4.4288893654488,737165058.38847
2007-08-15,4.3838695705975,4.4597965214057,4.2726491030949,4.2817794083255,990953593.62244
2007-08-16,4.175231368565,4.2320633468152,3.9865701790214,4.1803924941066,1862512945.7245
2007-08-17,4.3564905743641,4.4107717884898,4.279228644201,4.3584930433964,1194220627.5059
2007-08-20,4.4277450974303,4.4465540029837,4.3035324201348,4.3637733635233,803050962.37579
2007-08-21,4.3635349743528,4.6063343445197,4.3210778630845,4.5558077598296,1300312929.2058
2007-08-22,4.6897347958235,4.7405116891427,4.6549895742213,4.7328951551448,1049477623.7619
2007-08-23,4.7589868498574,4.7621216674496,4.6345357833913,4.6805925711344,865857329.6609
2007-08-24,4.6618790212491,4.8353429011725,4.6359303600388,4.8327802175895,910375301.58549
2007-08-27,4.7656379077147,4.8089055421627,4.7177812817343,4.7231807964464,706394179.05603
2007-08-28,4.6728687620098,4.7296173040502,4.522707423504,4.529716065117,1177000515.5722
2007-08-29,4.6377897955688,4.792063347266,4.6264424710525,4.7879630535332,1165524620.1105
2007-08-30,4.734849946343,4.9368490099767,4.7251475071031,4.8654991312424,1434075111.9906
2007-08-31,4.9853850450931,4.9888893658996,4.9083019068079,4.9446920136866,875257108.16251
2007-09-04,4.9997718315335,5.2046792430475,4.9945153503237,5.1491584052351,1311377122.2408
2007-09-05,5.1830454258235,5.2080643692688,4.8608386229588,4.8844629897566,2321465884.5883
2007-09-06,4.8432097437994,4.9143927501145,4.7389740789929,4.822088463292,1898660693.4661
2007-09-07,4.7145034306398,4.7251475071031,4.6421403979307,4.7057545480819,1429111472.9232
2007-09-10,4.8928900469342,4.9295781402761,4.7838865987174,4.8823770845146,1485757723.9713
2007-09-11,4.9253944103336,4.9380290363708,4.7770805878993,4.8396696646173,969494178.37718
2007-09-12,4.8568575238113,4.9791988461183,4.8487642114724,4.8876097268074,1022589093.6067
2007-09-13,4.9561704522468,4.9642160867516,4.880005112268,4.9005900171418,656160805.72679
2007-09-14,4.876488872003,4.9633936441133,4.8637588902976,4.9573147202652,607319735.57679
2007-09-17,4.9638585029958,5.0208454342068,4.9148695284555,4.9420101355183,792358770.29961
2007-09-18,4.9624520068898,5.1019811883907,4.9230462770041,5.0332297516149,1062066386.8905
2007-09-19,5.1076190922733,5.1131258821122,4.9791988461183,5.0269124385963,1025675415.0131
2007-09-20,5.0048137624898,5.0638627600258,4.9762547398624,5.0107734917526,688114596.17635
2007-09-21,5.0388080582049,5.1659767612148,5.0107734917526,5.1488008214794,1138234621.2149
2007-09-24,5.2375411902026,5.3515627304587,5.2375411902026,5.2960299731879,1048689484.7722
2007-09-25,5.2439538588894,5.4716989529385,5.2439538588894,5.4702805373739,1189095959.3115
2007-09-26,5.5153241711423,5.5353011836312,5.4009450471304,5.4565135627769,974214088.2522
2007-09-27,5.493797629045,5.5194363843336,5.4402196629723,5.5186139416954,655921272.1948
2007-09-28,5.4781116216253,5.5214030949903,5.4557149590556,5.4805908689986,613631324.29856
2007-10-01,5.5223089738383,5.6220986806148,5.4623421779959,5.5835034739088,835995977.38262
2007-10-02,5.5996424207525,5.6645438724246,5.5675075605675,5.6593112301318,790811696.667
2007-10-03,5.6426835854886,5.6857366696831,5.6071397601652,5.6398944321936,691479337.10932
2007-10-04,5.6415154785531,5.6453654636568,5.4818900899779,5.5799991531023,655170738.10127
2007-10-05,5.656367123876,5.7706389727611,5.6321587036104,5.7659665450191,938259737.71869
2007-10-08,5.8267796224168,5.9974185906696,5.819890175389,5.9974185906696,834525791.47088
2007-10-09,6.0749546683788,6.1117977146815,5.9526133460718,5.9954161216373,1103934398.6737
2007-10-10,5.986405010992,5.9962385642756,5.9146260317507,5.9562607003807,665771510.7562
2007-10-11,6.0534281262815,6.138092040189,5.471460563768,5.7942752590174,1632391163.4218
2007-10-12,5.8271252867141,5.9745093913834,5.7787322851,5.9735796736184,986740138.80048
2007-10-15,5.9991707510729,6.0558000985281,5.8394023289954,5.9630547917403,1076948290.2604
2007-10-16,5.9079511349763,6.0772789627913,5.897557367142,6.0560384876987,1062428717.947
2007-10-17,6.1679502837957,6.1796075142338,6.0426767746914,6.170381853335,1126270991.3493
2007-10-18,6.1251475082302,6.2209561158592,6.1098190845663,6.1961398032088,822476877.52975
2007-10-19,6.2200025591771,6.2372738545808,6.0716887367428,6.0861589593929,1289711582.6993
2007-10-22,6.0766949093236,6.2466425489819,6.0700438514663,6.2275833347994,1590424751.1955
2007-10-23,6.7324796784863,6.7356621739126,6.5273577167188,6.6486262877585,1791660447.8376
2007-10-24,6.6374100772859,6.6857196426903,6.401369040103,6.6409024786339,1286388113.7754
2007-10-25,6.6019616076307,6.6395317409035,6.4873560139069,6.5279536896451,970781583.33497
2007-10-26,6.6067413104995,6.620222218092,6.5311838629056,6.5967051264209,706141260.68784
2007-10-29,6.6323562268711,6.6638712752128,6.5967051264209,6.6106270539788,540285547.88425
2007-10-30,6.647458180823,6.7626597474732,6.5972891798887,6.6784606924482,938863857.44313
2007-10-31,6.7047907763313,6.7901579382918,6.6057043176078,6.7842697257801,832487308.7707
2007-11-01,6.7356621739126,6.789800354536,6.4285334860829,6.6938844717803,804552459.27361
2007-11-02,6.7550789718509,6.7653535451,6.5532110222609,6.7096777543268,1001711612.5144
2007-11-05,6.6172900312947,6.7479272967355,6.5798390926072,6.6494487303968,803463370.37145
2007-11-06,6.6796168799252,6.8568234698256,6.6164556691979,6.849552600125,953901882.83788
2007-11-07,6.7997292634879,6.8810438095497,6.647458180823,6.6533106349591,991795795.47066
2007-11-08,6.661153638669,6.6746107073444,5.9927461629276,6.2660593469201,1888591032.1856
2007-11-09,6.1019999197735,6.254855055906,5.9000962118079,5.9065446388703,1524517873.9401
2007-11-12,5.8922532080981,5.9907436938953,5.3801217530861,5.4918070794712,1765480547.1878
2007-11-13,5.7490051555371,6.1068749783104,5.4918070794712,6.0700438514663,1736833766.8609
2007-11-14,6.3397454395255,6.3414856804703,5.8485207147675,5.9328389643778,1447148437.3992
2007-11-15,5.9346030442396,6.0567417357517,5.7247013796034,5.8680209489155,1486241109.1844
2007-11-16,5.910621093686,5.964795032685,5.6911004260196,5.9424222090324,1382873969.0286
2007-11-19,5.929692227327,6.0072283050362,5.7895789923583,5.8557796650097,1153509410.7206
2007-11-20,5.9253773833408,6.1353148063526,5.840570435931,6.0299467929861,1541615841.9025
2007-11-21,5.9112051471538,6.1553156577586,5.880572138743,6.0157745567991,1217391594.4929
2007-11-23,6.1431578100624,6.1446715812952,6.0629040958094,6.1265301654192,465756025.58336
2007-11-26,6.210157086435,6.3310799931774,6.1553156577586,6.1623242993716,1304739158.7939
2007-11-27,6.2579898734983,6.277847691402,6.0720224815815,6.2434004562629,1315690833.2948
2007-11-28,6.3224264662878,6.4504056924774,6.2625550261136,6.436972462719,1148285946.092
2007-11-29,6.4027874556676,6.6135592407762,6.3981150279255,6.581603172469,1046764704.3847
2007-11-30,6.6974007120454,6.7040756088197,6.4175318258638,6.5075714155663,1187085273.176
2007-12-03,6.4923860254047,6.576954583644,6.3461819471294,6.3885317832709,960398851.62497
2007-12-04,6.3253824920022,6.4608828965214,6.3218304933615,6.4214890860943,773413282.17072
2007-12-05,6.5355583041845,6.642785753081,6.5150449160619,6.6251091960875,890619488.89536
2007-12-06,6.6506406762494,6.789800354536,6.6468860468138,6.7842697257801,899538780.80543
2007-12-07,6.8051406976585,6.9642893078926,6.7161023424721,6.9393776395741,1065405484.8801
2007-12-10,6.9134051394467,6.9875680103932,6.8810438095497,6.9366838419473,721486878.91427
2007-12-11,6.9573879414063,7.0301562357052,6.6921561502941,6.7338980940508,1107795710.8215
2007-12-12,6.9103895164397,6.9458260666364,6.6338819175623,6.8162496330044,1223293226.6726
2007-12-13,6.789800354536,6.8612336694801,6.7079017550065,6.8509471767725,864615828.63397
2007-12-14,6.7963560567251,7.1424136960995,6.7694538388328,6.7993835991906,674211654.22276
2007-12-17,6.8114222523015,6.8806862257939,6.5349742507167,6.5859537748308,1022893389.3088
2007-12-18,6.6696760515148,6.6900344866766,6.3780069013928,6.5349742507167,1221719541.0929
2007-12-19,6.5389195914887,6.5943689125499,6.4608828965214,6.5400876984242,825306598.35369
2007-12-20,6.6229994519284,6.7082593387622,6.547680393505,6.6857196426903,771125062.45492
2007-12-21,6.7869992817825,6.9259444098157,6.7819931092017,6.9259444098157,993738031.34909
2007-12-24,6.9646468916484,7.1188966044285,6.9569111630653,7.1001949740018,480267466.65497
2007-12-26,7.1076684744973,7.1777429711695,7.0295721822375,7.1055825692554,702888810.09064
2007-12-27,7.1055825692554,7.2488306218163,7.0642816454641,7.0923638897504,794636721.09256
2007-12-28,7.161949688623,7.1984470706285,7.0317892015232,7.1365850808805,692941195.46157
2007-12-31,7.1332833908689,7.1601975282198,7.0619573510516,7.0749495608445,537025546.60849
2008-01-02,7.1246417834378,7.1520207796712,6.8769315963583,6.9584487732151,1078518927.8829
2008-01-03,6.9812626168331,7.0494419195997,6.8810438095497,6.9619769329386,841399530.72873
2008-01-04,6.8401958251824,6.8922242616467,6.3890919978216,6.4303810021544,1454487238.0512
2008-01-07,6.4737916701047,6.5565723095651,6.0790430426531,6.3441079613459,2071026717.9447
2008-01-08,6.4311915253341,6.5171546602209,6.1002239204531,6.1167085315941,1521216022.6089
2008-01-09,6.1251475082302,6.4100344864511,6.0104108004626,6.4067566353566,1812964936.5821
2008-01-10,6.3441079613459,6.4645540897473,6.2643191059754,6.3574100770605,1481282645.6877
2008-01-11,6.2848920913906,6.351343072671,6.0716887367428,6.1679502837957,1229931227.8729
2008-01-14,6.3426776263228,6.4076982725801,6.2565833773923,6.3855876770151,1098274027.4534
2008-01-15,6.3494597982239,6.4007969060938,5.8802264744457,6.0370746291844,2342267661.7385
2008-01-16,5.8962700656212,6.0359065222489,5.5969486231257,5.7011723684738,2213192575.2576
2008-01-17,5.7651321829223,5.9063062496998,5.6577855394405,5.7457273044426,1757213247.1433
2008-01-18,5.7755497896737,5.9202281772577,5.699634758324,5.7630105193047,1716508638.0407
2008-01-22,5.2821199650885,5.7137950750524,5.2141790514924,5.5576859267423,2396002119.4425
2008-01-23,4.8631629173713,4.9997718315335,4.504816316257,4.9668026092516,3369495820.9438
2008-01-24,4.9997718315335,5.0246000636424,4.7145034306398,4.8432097437994,2003520515.522
2008-01-25,4.9650504488484,4.9677323270166,4.6290051546355,4.6427244513985,1552003823.8509
2008-01-28,4.5712553780788,4.7571035754103,4.5166284996559,4.6427244513985,1473369164.568
2008-01-29,4.6858728912612,4.7419062657902,4.609469162112,4.6983883227131,1099360090.2114
2008-01-30,4.6969937460656,4.8384777187648,4.6421403979307,4.7208565020339,1240665236.4459
2008-01-31,4.6319492608913,4.880005112268,4.6217700433104,4.8349853174168,1343958212.998
2008-02-01,4.8672632111041,4.877442428685,4.7208565020339,4.7770805878993,1010126019.9125
2008-02-04,4.7934579239135,4.853698867302,4.6939304452245,4.7023455829436,898352122.87381
2008-02-05,4.6572185129656,4.7852573364479,4.6036524663515,4.6203635472044,1139737998.2317
2008-02-06,4.673464734936,4.7115950827595,4.3493746576243,4.3564905743641,1569136227.1024
2008-02-07,4.2844612864938,4.4567332205646,4.1877468000169,4.3304227185686,2082089201.1705
2008-02-08,4.3590890163227,4.4888084834571,4.3428427943523,4.4818713585952,1354971735.946
2008-02-11,4.5731267330673,4.6415563444629,4.5435426370067,4.623665237216,1200260520.1608
2008-02-12,4.669745863876,4.6777080621712,4.4146336930521,4.4597965214057,1224956298.0242
2008-02-13,4.527153381534,4.6351198368591,4.4858882161183,4.6217700433104,966985137.38881
2008-02-14,4.6240109015132,4.6716887356157,4.5366412705204,4.5518266606821,953742049.23504
2008-02-15,4.5103111866373,4.5388582898062,4.4295926135018,4.4512860280184,899078564.42998
2008-02-19,4.501550384621,4.5273917707045,4.3373360045135,4.3623907063343,1003838695.7158
2008-02-20,4.3637733635233,4.4500940821659,4.3456438671058,4.4216542541237,966101026.75766
2008-02-21,4.5033025450242,4.5175343785038,4.316167046172,4.3409595199053,937377220.28072
2008-02-22,4.3748703794106,4.3754544328784,4.138495597389,4.2652947971846,1528306497.3832
2008-02-25,4.2352458422415,4.2923042902037,4.1665897611339,4.2760342293162,1255581606.1466
2008-02-26,4.201537613531,4.324808653603,4.1225831202573,4.2558188276567,1495651380.6123
2008-02-27,4.2229449610431,4.3951096199872,4.217116345824,4.3921774331899,1460394251.3479
2008-02-28,4.5411825842187,4.7212021663312,4.491347328123,4.6391962916749,1616058041.4447
2008-02-29,4.6185994673426,4.6502933075622,4.4576748577882,4.4647073383183,1246415632.7289
2008-03-03,4.4428470513823,4.4992022512914,4.214303353612,4.3476105777625,1592707110.7458
2008-03-04,4.3557992457697,4.4602732997467,4.3004929582108,4.4509284442626,1784644306.1379
2008-03-05,4.4137158947457,4.4689149071778,4.3649414704588,4.4457315603455,1218141248.5129
2008-03-06,4.4609646283412,4.5534715459586,4.3143910468516,4.3184913405845,1472775577.2012
2008-03-07,4.3035324201348,4.3925230974871,4.2526601711474,4.3649414704588,1230392935.0879
2008-03-10,4.3614371496523,4.4099731847686,4.2623387714702,4.2745204580834,1000348793.057
2008-03-11,4.4181618527757,4.5526491033203,4.3564905743641,4.5479766755783,1164937679.0188
2008-03-12,4.5364028813499,4.5959286572269,4.4699638195281,4.5009663311532,1059203584.0269
2008-03-13,4.4261240510708,4.6251670889902,4.3933336206668,4.5688953252907,1263002126.9538
2008-03-14,4.6419020087602,4.6534519640715,4.4354808260134,4.5218849808657,1156666030.6223
2008-03-17,4.3777906467494,4.5925316115471,4.3768490095259,4.526926911822,1072040364.2943
2008-03-18,4.6191835208103,4.7496181554562,4.5955829929296,4.7434081175644,1204719450.0598
2008-03-19,4.752764892507,4.795579587531,4.6310076236678,4.6310076236678,1010189956.5417
2008-03-20,4.6722727890835,4.7601191984173,4.6139627979761,4.7593086752376,908219582.85508
2008-03-24,4.7873670806069,5.0304167594029,4.7735881865513,4.9844434078695,1067110502.768
2008-03-25,4.9994261672363,5.1107658293241,4.9054054783861,5.0352441401058,1052461513.5019
2008-03-26,5.0312272825826,5.2050368268033,5.0224664805663,5.1812813459617,1181816762.0381
2008-03-27,5.1741654292219,5.1898275977246,4.9994261672363,5.0081869692526,997572260.89079
2008-03-28,5.0650427864198,5.1659767612148,5.0570805881247,5.1076190922733,714702145.37741
2008-03-31,5.1145085393011,5.2041071090383,5.0893584818121,5.125140696306,767101461.8948
2008-04-01,5.224918483624,5.345150061772,5.1294912986679,5.3400127751474,1030967297.1791
2008-04-02,5.3205840577506,5.3997650207364,5.2084219530245,5.267709339731,1042500285.8383
2008-04-03,5.2539066067583,5.4864314036762,5.2502115746154,5.4139134180063,1051335064.6811
2008-04-04,5.4359048189861,5.5248954963384,5.3845677111162,5.4670265251965,854109762.46236
2008-04-07,5.5779847646115,5.7025907840383,5.5394372357396,5.5675075605675,1158184848.7768
2008-04-08,5.4809365332959,5.5872223449688,5.4402196629723,5.4591716020281,1013766124.0252
2008-04-09,5.4761449109686,5.4965152655888,5.3741620238233,5.4078225746997,873333272.44878
2008-04-10,5.3967136393538,5.5502958624565,5.3787152569801,5.5200085183428,955733979.48497
2008-04-11,5.451209403733,5.4742854754386,5.2284347238891,5.2548363245233,1203887691.6391
2008-04-14,5.2377795793731,5.3300600272785,5.1622221317792,5.2778051211022,845011842.47154
2008-04-15,5.3356860117026,5.3469022221752,5.2043335787502,5.2995223745359,695129923.24178
2008-04-16,5.4192056575917,5.5037384574554,5.3796568942036,5.489125201303,794923208.93869
2008-04-17,5.5070282280084,5.5713337067542,5.4761449109686,5.5182801968566,703117320.47088
2008-04-18,5.6802417993028,5.795443365953,5.656367123876,5.7511268191547,1026152410.6742
2008-04-21,5.7984589889599,6.0169545831931,5.7775403392475,6.0058575673058,1038082080.9436
2008-04-22,5.9799923423052,6.000124307755,5.6457111279541,5.7211613004213,1435027523.5431
2008-04-23,5.8592720663577,5.8866749015081,5.7525213958022,5.8172798139719,1504190797.0448
2008-04-24,5.9053884513933,6.0708782135631,5.6860942534389,6.0336537445875,1697255609.0959
2008-04-25,6.0962189823885,6.1114639698428,5.9432446516707,6.0620816531711,992471860.57736
2008-04-28,6.0629040958094,6.2052462695224,6.0405670305324,6.1512034445672,786591589.69722
2008-04-29,6.1117977146815,6.2735686057913,6.0799965993352,6.252042063694,922399411.54753
2008-04-30,6.2926159005152,6.4285334860829,6.1756621734618,6.2121357165502,1138262531.8788
2008-05-01,6.2486092596386,6.4285334860829,6.2451287777491,6.4285334860829,902289093.65979
2008-05-02,6.4354229331107,6.4958665072941,6.3762189826139,6.4625397012565,995896851.73046
2008-05-05,6.4958665072941,6.6179813598892,6.4666519144478,6.5972891798887,853777330.41509
2008-05-06,6.5951794357296,6.6823225970105,6.5060338054165,6.6667438647175,917763622.94344
2008-05-07,6.644645188611,6.7221931857787,6.5597309660744,6.5842969700957,701864460.7065
2008-05-08,6.5624366831598,6.6609152494985,6.5383355380209,6.6094470275848,898419731.64969
2008-05-09,6.5418398588275,6.5804350655334,6.4773079103698,6.5516972510282,672658759.01697
2008-05-12,6.6149299785066,6.745126223982,6.5304925343111,6.7203099113316,818485471.38511
2008-05-13,6.7356621739126,6.8372517189265,6.7090817814005,6.7848656987064,821593487.56893
2008-05-14,6.8317926069218,6.8657034664272,6.6280652218018,6.6521425280236,915944730.75522
2008-05-15,6.6702601049825,6.7823506929575,6.5786948245887,6.7760929772316,872501552.62034
2008-05-16,6.7963560567251,6.7963560567251,6.6784606924482,6.7009169523104,765073436.04547
2008-05-19,6.7106074720918,6.7390353806754,6.4749597770402,6.5565723095651,945774804.76703
2008-05-20,6.4929462399554,6.6486262877585,6.4327172160254,6.6395317409035,969012481.16018
2008-05-21,6.6288876644401,6.7143621015273,6.2942607857918,6.3640611349178,1156801215.4545
2008-05-22,6.3996168796997,6.4762351591024,6.1431578100624,6.3234992175551,1206669140.9749
2008-05-23,6.4556502542287,6.498584143838,6.3494597982239,6.4706210941369,906971094.93359
2008-05-27,6.5288834074101,6.6585551967104,6.4931846291259,6.6585551967104,789266349.62288
2008-05-28,6.6958988602712,6.7126218605826,6.5605534087127,6.6787944372869,743353407.4516
2008-05-29,6.6756238613191,6.7221931857787,6.6251091960875,6.6673279181852,646567034.35251
2008-05-30,6.6962326051099,6.7694538388328,6.6919177611236,6.7410020913321,609314367.29172
2008-06-02,6.7324796784863,6.7734349379803,6.5906142831143,6.6461708793023,679067210.36028
2008-06-03,6.6746107073444,6.7221931857787,6.5128636551517,6.620222218092,750504647.57016
2008-06-04,6.5710782905908,6.6815001543722,6.5442118310741,6.6141313747854,726966974.32797
2008-06-05,6.6521425280236,6.7804554990519,6.6323562268711,6.7649959613442,753735811.96552
2008-06-06,6.7143621015273,6.7842697257801,6.6272427791636,6.6303895162143,964730529.09916
2008-06-09,6.6045481301308,6.6054659284373,6.2761312893743,6.4860567929276,1887045216.9994
2008-06-10,6.4412634677883,6.6702601049825,6.3937882644807,6.6303895162143,1140408165.4195
2008-06-11,6.5835818025842,6.642785753081,6.4130858678337,6.4579983875582,960766575.54385
2008-06-12,6.4803354528353,6.5224230608892,6.1148133376885,6.1878319406165,1306651959.6104
2008-06-13,6.1251475082302,6.2200025591771,5.9041965055407,6.1559116306848,1345297878.719
2008-06-16,6.1167085315941,6.3530833136157,6.0384930447489,6.316013797601,1051062011.1701
2008-06-17,6.3634770814501,6.498584143838,6.3362530381775,6.4794057350703,899517177.47509
2008-06-18,6.4645540897473,6.50697544264,6.334381683189,6.384407650621,810983149.88219
2008-06-19,6.3738946882014,6.5128636551517,6.3144881069097,6.4608828965214,791903903.9994
2008-06-20,6.3943723179485,6.4645540897473,6.2500395946617,6.2599923425306,887711663.01338
2008-06-23,6.2422323493274,6.2812924149159,6.1274718026427,6.1839819555127,645705788.85399
2008-06-24,6.1446715812952,6.2772636379342,6.1294385132994,6.187593551446,621914290.32322
2008-06-25,6.2322796014585,6.3873636763354,6.210157086435,6.3355497901245,643491510.41649
2008-06-26,6.2197760894651,6.2441990599841,6.0003507774669,6.008992384898,868370851.55752
2008-06-27,5.943840624597,6.0911293735981,5.8631816487541,6.0741560646576,1039094543.0428
2008-06-30,6.0726184545078,6.1431578100624,5.9500506624888,5.9807909460264,684085724.40363
2008-07-01,5.8592720663577,6.2404563500071,5.8572815167839,6.2387041896038,1110600162.8801
2008-07-02,6.252042063694,6.337397306196,6.0066680904855,6.0066680904855,837510266.80787
2008-07-03,6.0567417357517,6.1482831772284,5.9202281772577,6.075526802388,523436947.79321
2008-07-07,6.1782486959619,6.3269916189031,6.1387952882421,6.256011243383,819551716.96772
2008-07-08,6.2640807168049,6.4175318258638,6.1697977998672,6.4121442306102,888228311.4825
2008-07-09,6.4381167307375,6.461121285692,6.2197760894651,6.2232327324376,894821772.06891
2008-07-10,6.2468809381524,6.3336665156775,6.1210352950389,6.3086356527737,839431011.77718
2008-07-11,6.2631509990399,6.3261930151819,6.1077093404072,6.1640645403164,929492878.90749
2008-07-14,6.401369040103,6.4036218177643,6.1809186546716,6.210157086435,885378288.56183
2008-07-15,6.1532059135995,6.2049125246837,5.9424222090324,6.0583508626526,1039423869.2443
2008-07-16,6.0738104003604,6.176234307471,6.020828407214,6.1727299866645,747738818.07135
2008-07-17,6.2174160366771,6.2493244271502,6.1213809593361,6.1357915846936,755848015.29639
2008-07-18,6.0078004390455,6.0586965269499,5.8922532080981,5.897557367142,862807442.7955
2008-07-21,5.9606709000351,5.9825669453467,5.7539040529912,5.9389536466015,1274050940.9345
2008-07-22,5.3179975352506,5.8128815337759,5.2336912050989,5.7871474228191,1876510714.9723
2008-07-23,5.897557367142,6.0127470143336,5.7698284495814,5.9375471504954,1059090841.4894
2008-07-24,5.8680209489155,5.9020986808402,5.6593112301318,5.6796458263765,839379176.36883
2008-07-25,5.7275978080251,5.8209629266563,5.6669039252126,5.7901630458261,632785898.26761
2008-07-28,5.7923681456533,5.8020109876006,5.5011519349553,5.5143706144602,780472266.42064
2008-07-29,5.5445387639886,5.69473586087,5.4873730408997,5.6100600275039,683822106.72391
2008-07-30,5.6323851733224,5.7325086249377,5.5748737859363,5.7097067007781,724182720.33449
2008-07-31,5.6321587036104,5.7932025077501,5.6059597337711,5.6768328341645,636794193.60227
2008-08-01,5.7121740286929,5.7141407393497,5.5623106766503,5.5952203016395,544685917.23721
2008-08-04,5.5926337791395,5.6391911841406,5.4618653996549,5.4724022009915,590818047.21761
2008-08-05,5.553549874634,5.7426997619771,5.5293652932855,5.736847307841,688047020.12008
2008-08-06,5.7133421356285,5.9796466780079,5.6424451963181,5.8649218896988,791264125.77595
2008-08-07,5.8172798139719,5.9346030442396,5.7677187054224,5.8423345157928,672090609.88625
2008-08-08,5.8543970078207,6.0586965269499,5.8487591039381,6.0548465418461,713806583.72274
2008-08-11,6.075526802388,6.3037248358611,6.0593997750029,6.1984760170798,890617060.93272
2008-08-12,6.1964973869646,6.4032642340086,6.1964973869646,6.3121280541217,835950872.98473
2008-08-13,6.3585662645375,6.4285334860829,6.2818645489251,6.4036218177643,842288041.72755
2008-08-14,6.3628930279823,6.4454829561063,6.3509854889152,6.4039555626031,710812623.05554
2008-08-15,6.3951947605867,6.419510455979,6.252042063694,6.2757737056185,708203276.33621
2008-08-18,6.2625550261136,6.3499246571064,6.2078208725639,6.2638423276344,551351535.46385
2008-08-19,6.2258192549376,6.3244408547786,6.1357915846936,6.1973079101443,615744169.43711
2008-08-20,6.2431620670924,6.3199710578315,6.2002281774831,6.2795164155956,506877785.34672
2008-08-21,6.2351760298802,6.2657136826229,6.1384377044863,6.2249014566312,539671796.01086
2008-08-22,6.2840815682109,6.3389110774287,6.2698020568972,6.314130523154,439609448.59498
2008-08-25,6.2823413272661,6.293450262612,6.130856928864,6.1625626885421,484264931.79968
2008-08-26,6.1670205660307,6.2457128312169,6.1648989024132,6.2011340563311,445451249.19778
2008-08-27,6.1839819555127,6.2766795844665,6.1488553112377,6.2384658004333,476576080.0114
2008-08-28,6.2608028657103,6.2942607857918,6.170381853335,6.2049125246837,430910745.56438
2008-08-29,6.1733140401323,6.1961398032088,6.0370746291844,6.0540121797493,599195763.35172
2008-09-02,6.1625626885421,6.1961398032088,5.8922532080981,5.9351990171659,780623799.31084
2008-09-03,5.96386531492,6.0236056410504,5.8572815167839,5.962458818814,734741949.99492
2008-09-04,5.9195368486632,5.9974185906696,5.7430454262743,5.7577897964705,742838546.81537
2008-09-05,5.65496062777,5.800115793695,5.6306449323777,5.7205772469535,786343709.30956
2008-09-08,5.8768413482244,5.8881767532823,5.4085377422112,5.6398944321936,1045811069.6222
2008-09-09,5.6016329703263,5.7131037464579,5.3492741944218,5.4166072156331,1244139806.1935
2008-09-10,5.446560814908,5.5350747139192,5.3145289728196,5.4139134180063,973068975.83198
2008-09-11,5.4139134180063,5.464702230784,5.2141790514924,5.4520437658297,969349681.04148
2008-09-12,5.3851517645839,5.3901936955403,5.2325230981633,5.3189391724741,792836456.42837
2008-09-15,5.0708833210974,5.2740266527496,5.0127521218679,5.0127521218679,919284456.2901
2008-09-16,4.772992213625,5.0887982672614,4.7194500059279,4.9959099269712,1198402232.7267
2008-09-17,4.9397692773155,4.9458720400806,4.564592400763,4.564592400763,1199465677.8465
2008-09-18,4.6621054909611,4.9997718315335,4.3096232634414,4.7885590264595,1674727417.1128
2008-09-19,5.0278540758199,5.1506840959264,4.8672632111041,5.0326337786886,1430689238.3862
2008-09-22,4.9926439953352,5.0081869692526,4.666229623611,4.6797939674131,855907120.11531
2008-09-23,4.7005934225404,4.8501945464955,4.5238636109809,4.5306577023405,1278747566.1948
2008-09-24,4.5500745002788,4.6762777271481,4.4693797660603,4.5971086836209,1046790092.283
2008-09-25,4.6438687194169,4.813446855861,4.590195397676,4.7121791362273,1002577846.4945
2008-09-26,4.4641232848505,4.6356919708683,4.3933336206668,4.5793248515007,1125598040.478
2008-09-29,4.2668204878759,4.2738172100304,3.5928108666275,3.7593257022304,2619599812.5987
2008-09-30,3.8673875132237,4.1071593409251,3.7960733928649,4.0591120036084,1625959739.5584
2008-10-01,3.9954620950815,4.0125545986073,3.8353718476239,3.8974722265424,1296288226.2466
2008-10-02,3.8591988452166,3.8846945670029,3.5723213174219,3.5752415847607,1608849524.3954
2008-10-03,3.7148899608469,3.8036541684872,3.3804180351594,3.4656779219932,2293999631.042
2008-10-06,3.2856583398807,3.5282431597942,3.1265931658562,3.5050717324203,2106699611.062
2008-10-07,3.5898548409131,3.6239087339208,3.1771197505463,3.184617089959,1878422788.4068
2008-10-08,3.0714060728826,3.4410999985133,3.0595581311081,3.2067157660655,2207563214.6741
2008-10-09,3.3391051919096,3.4209799525221,3.0931471652333,3.1689310825392,1617248754.0907
2008-10-10,3.0600349094491,3.5723213174219,3.0360767978126,3.4573700594008,2218956963.7868
2008-10-13,3.7426146213775,3.9474028383062,3.6074002838628,3.9373308958521,1538747835.7823
2008-10-14,4.1565178186798,4.157340261318,3.6829696509153,3.7174645638884,1980912200.7718
2008-10-15,3.7083461781163,3.8208539471397,3.4965254806575,3.4988616945285,1582231601.3314
2008-10-16,3.5631910121913,3.6932561436229,3.2772312827031,3.6390941240825,1975203125.9968
2008-10-17,3.5511523590804,3.6446009139213,3.0676156850714,3.4781575950695,1761034331.7926
2008-10-20,3.5635485959471,3.5734894243574,3.3443735925779,3.5155966142985,1546613035.3464
2008-10-21,3.4616729839285,3.4970856952082,3.2557166600643,3.2676241991314,2049404906.8997
2008-10-22,3.4766319043782,3.6148857038169,3.3188778707916,3.4589911057603,2246711260.6191
2008-10-23,3.4481086401264,3.5443821066378,3.2819156299036,3.5078728051739,1673847699.2986
2008-10-24,3.2254293159507,3.4970856952082,3.2181703657086,3.4430786286286,1589378849.6579
2008-10-27,3.3953650361505,3.4865608133301,3.2809859121386,3.2889481104337,1208918375.6983
2008-10-28,3.4081069373144,3.5898548409131,3.2988889388441,3.5685666879863,1634460394.163
2008-10-29,3.5980435089202,3.9124549859091,3.5697347949219,3.7336035107321,1952481871.5524
2008-10-30,3.8710467869911,4.006130010462,3.8438704215527,3.9660091130647,1637431231.2966
2008-10-31,3.8345374855271,3.9564139489516,3.7552492474147,3.8430718178314,1647038209.6467
2008-11-03,3.7827116798577,3.8965186698603,3.7449508352485,3.8199123099162,1057839011.1342
2008-11-04,3.928236348997,3.9923034385722,3.8096258172085,3.9643761472467,1398610058.8515
2008-11-05,3.8896530617496,3.9187484600106,3.6786428874705,3.6887863466758,1256392373.681
2008-11-06,3.6083419210863,3.6706687697168,3.5006376938488,3.5388633973405,1318454503.2995
2008-11-07,3.540734752329,3.5664927022029,3.4184291883976,3.5082303889296,1095636646.7425
2008-11-10,3.5824886155443,3.5863505201066,3.3748874064035,3.4242458841581,1123602360.8967
2008-11-11,3.3871882876019,3.4691703233412,3.2950151148233,3.3848163153553,1224194825.5143
2008-11-12,3.3028461990746,3.3299868061375,3.2149044340726,3.2184087548791,1176166376.1708
2008-11-13,3.2146660449021,3.4454267619581,3.0724788241499,3.4454267619581,1853955039.3582
2008-11-14,3.3441471228659,3.3565195208155,3.2146660449021,3.2224971291534,1404214887.2803
2008-11-17,3.1597054216404,3.2338444536698,3.1166523374459,3.147654849071,1162401814.6643
2008-11-18,3.2002792584616,3.2504363399375,3.1015861418695,3.2111736435541,1209562451.0968
2008-11-19,3.2032114452589,3.271152358855,3.0788676539196,3.0817044850487,1171685048.4422
2008-11-20,3.0390209040685,3.0875211808092,2.8564267189145,2.8745562153319,1715345065.8893
2008-11-21,2.9269660744691,3.0041445684225,2.8269737368976,2.9497679986286,1568773234.1031
2008-11-24,3.0399506218335,3.3857579525789,3.0296641291259,3.3194619242593,1442054106.9924
2008-11-25,3.3793572033506,3.3826112155281,3.1482508219973,3.2430939534857,1235184313.8135
2008-11-26,3.2178127819528,3.4014677989156,3.2090519799365,3.3931480168647,899746645.11358
2008-11-28,3.3823728263576,3.3845898456433,3.2809859121386,3.3094019012637,301205467.70494
2008-12-01,3.2614618390737,3.2953726985791,3.1759635630694,3.1762019522399,923520157.92802
2008-12-02,3.2146660449021,3.3084841029572,3.0896309249683,3.3020356758949,1148540054.1116
2008-12-03,3.1917449261573,3.4375956777068,3.1709335515715,3.4251756019231,1338624643.5356
2008-12-04,3.369773958696,3.4002758530631,3.1808624605234,3.2643821064124,1091325339.3211
2008-12-05,3.2242612090152,3.374649017233,3.1732697654426,3.3568771045713,1043592717.1742
2008-12-08,3.4680022164057,3.6001532530792,3.4209799525221,3.5615461269147,1184012816.4934
2008-12-09,3.4992192782843,3.700288624153,3.4709105642859,3.5740853972837,1203430602.0835
2008-12-10,3.4942131057035,3.5535124118685,3.4477748952877,3.5070622819941,937862723.87868
2008-12-11,3.4683478807029,3.6146711535634,3.3871882876019,3.3931480168647,1040519783.9599
2008-12-12,3.3177336027731,3.5354782711192,3.3040262254687,3.5093984958651,1041154348.8592
2008-12-15,3.4283461778909,3.4368805101953,3.3213094403308,3.3842441813461,890326040.16256
2008-12-16,3.3568771045713,3.4469524526494,3.312560557773,3.4081069373144,1093082243.7942
2008-12-17,3.250674729108,3.2538572245343,3.1442458839327,3.184617089959,1293831161.6126
2008-12-18,3.1967868571136,3.2439044766654,3.1579413417786,3.1940811400283,856379269.07978
2008-12-19,3.2143084611463,3.2483742736125,3.1709335515715,3.2146660449021,801556198.16635
2008-12-22,3.2146660449021,3.2154884875403,3.0243480506234,3.0619301033547,844723282.38363
2008-12-23,3.1066042339088,3.1385364632989,3.067854074242,3.0849584972262,634927563.50728
2008-12-24,3.0748031185624,3.0802860694842,3.0193657169597,3.037852797133,271459828.73671
2008-12-26,3.0914069242886,3.1228623753377,3.0442535463612,3.0645285453133,308311243.50994
2008-12-29,3.0940768829983,3.1289412991858,3.0390209040685,3.0933855544038,685972958.6225
2008-12-30,3.1228623753377,3.1451994406147,3.0253016073055,3.0817044850487,966393471.25021
2008-12-31,3.0716444620531,3.1338640355569,3.0482584844258,3.0486160681816,607537854.5454
2009-01-02,3.0564471524329,3.251854755502,3.0419054130317,3.2413417930824,745989956.7489
2009-01-05,3.3252071032687,3.4357124032597,3.3107964779112,3.3779507072446,1181333672.1404
2009-01-06,3.4275237352526,3.4691703233412,3.2994610728533,3.3220126883838,1289198477.1763
2009-01-07,3.2719867209518,3.3028461990746,3.2233314912502,3.2509131182785,752952843.51272
2009-01-08,3.2303401328633,3.3266135993747,3.2158460712961,3.3105700081992,662800697.95259
2009-01-09,3.3289259743287,3.335600871103,3.2190047278054,3.2344404265961,546679808.14668
2009-01-12,3.2299825491075,3.2504363399375,3.1270699441973,3.166022734659,615237389.70488
2009-01-13,3.1539483231725,3.2053092699594,3.0838023097492,3.1324456199923,796277004.4962
2009-01-14,3.0800476803137,3.1164139482753,3.0253016073055,3.0476863504166,1011611003.4763
2009-01-15,2.8751283493412,3.0041445684225,2.8584291879468,2.9780647931684,1831529968.6702
2009-01-16,3.0097705528466,3.0138350882038,2.8710399750669,2.940184753974,1047055050.6276
2009-01-20,2.9269660744691,2.9281341814046,2.792943682807,2.792943682807,907694724.28147
2009-01-21,2.838774000838,2.9602928805067,2.8320991040637,2.958552639562,1068951287.7292
2009-01-22,3.1434472802115,3.2146660449021,3.0646477398986,3.1547826852693,1387474151.9884
2009-01-23,3.105066623759,3.2096479528628,3.0896309249683,3.1547826852693,759369201.25545
2009-01-26,3.1742233221246,3.249518541631,3.1527682967785,3.2018049491529,692195771.49949
2009-01-27,3.2178127819528,3.269996171378,3.2053092699594,3.2404001558589,609366461.94003
2009-01-28,3.2910459351343,3.3931480168647,3.2678625883019,3.3641241353548,861358428.98645
2009-01-29,3.3243727411719,3.369070710643,3.3067200230954,3.3213094403308,589734085.2262
2009-01-30,3.3075424657337,3.3434557942714,3.2149044340726,3.2190047278054,651433546.52463
2009-02-02,3.1788599914911,3.2856583398807,3.1751411204311,3.2681009774724,558019762.03044
2009-02-03,3.2786496982676,3.335600871103,3.2236771555474,3.3204869976925,582983130.06938
2009-02-04,3.33303818752,3.4381797311745,3.3246111303424,3.3408573523128,804213184.63364
2009-02-05,3.3137048257915,3.4720905906799,3.3075424657337,3.4463564797231,734630030.48137
2009-02-06,3.4656779219932,3.5723213174219,3.4633178692051,3.5615461269147,674351403.85957
2009-02-09,3.5723213174219,3.6788693571825,3.5537269621219,3.6613239142327,709671385.81135
2009-02-10,3.6120846310634,3.6613239142327,3.4653203382374,3.4942131057035,838171686.11505
2009-02-11,3.4440083463936,3.5111744951855,3.4198356845036,3.4576084485713,671025587.51357
2009-02-12,3.4221480594576,3.5623566500945,3.4221480594576,3.5453118244028,807381993.00851
2009-02-13,3.5392209810963,3.5697347949219,3.5041300951968,3.54121153067,606047700.44471
2009-02-17,3.4633178692051,3.4644859761406,3.3670682416107,3.3760674327975,660424896.23818
2009-02-18,3.3979515586506,3.4230658577641,3.3110229476232,3.37022689812,681736238.48195
2009-02-19,3.33303818752,3.3659001346752,3.2181703657086,3.2366574458818,901670228.29907
2009-02-20,3.1964292733579,3.3000332068626,3.1788599914911,3.2572423507556,749835748.05741
2009-02-23,3.2719867209518,3.2856583398807,3.090214978436,3.105066623759,752328110.4358
2009-02-24,3.1164139482753,3.2465982742922,3.1069618176645,3.2228547129092,755923384.4919
2009-02-25,3.209290369107,3.3186394816211,3.1881214107655,3.2557166600643,817407334.32273
2009-02-26,3.2895321639015,3.3186394816211,3.1771197505463,3.1854395325972,617152571.50202
2009-02-27,3.1434472802115,3.2602698932211,3.1309080098425,3.1901000408808,703575712.09901
2009-03-02,3.1432088910409,3.2572423507556,3.1309080098425,3.1414448111792,763360666.96656
2009-03-03,3.1823881512147,3.2407577396146,3.1391205167667,3.1551402690251,720837820.90686
2009-03-04,3.2195768618146,3.3131326917822,3.1950108577933,3.2563126329906,740857479.475
2009-03-05,3.2228547129092,3.2813434958944,3.1581678114906,3.1728049065601,705158841.06074
2009-03-06,3.1536026588753,3.1566659597164,2.940184753974,3.0466135991493,1009987660.4395
2009-03-09,3.001593804298,3.12858371543,2.9495415289166,2.9682431593433,698310735.51764
2009-03-10,3.0273159957963,3.1852130628852,3.0129530482729,3.1648546277235,844319187.68506
2009-03-11,3.2108279792568,3.3594755465299,3.1997190439109,3.3096283709757,846392722.31307
2009-03-12,3.3179600724851,3.4498608005297,3.2856583398807,3.4419224411516,768468350.32895
2009-03-13,3.4402894753336,3.4703265108182,3.3933864060353,3.4263556283171,601199750.35739
2009-03-16,3.4481086401264,3.4775735416017,3.3631944175899,3.4076301589734,797284760.00575
2009-03-17,3.4006334368188,3.5603780199792,3.3953650361505,3.5592218325023,787429650.41772
2009-03-18,3.5674224199679,3.6952347737381,3.5615461269147,3.6248265322273,796049607.42157
2009-03-19,3.6414541768705,3.68470989186,3.5807483745995,3.6289387454186,500179395.49719
2009-03-20,3.6481052347278,3.682147208277,3.5922148937012,3.6277706384831,695633032.50526
2009-03-23,3.6671525294518,3.862631649272,3.6338257234141,3.8457775349168,666396469.51451
2009-03-24,3.7899706300998,3.908914906727,3.76426035806,3.8036541684872,640734238.35339
2009-03-25,3.8398178056539,3.8696283714265,3.7095142850518,3.8034157793167,646629376.11061
2009-03-26,3.8547767261036,3.9276403760707,3.8427142340757,3.9240168606789,616007516.97033
2009-03-27,3.8754569866456,3.8759218455281,3.8001498476807,3.8154544324276,492873930.25203
2009-03-30,3.7180605368147,3.7505768196726,3.6646017653273,3.731469927656,502599748.73202
2009-03-31,3.7685632825878,3.8380418063336,3.7499808467463,3.7543076101911,569465803.78701
2009-04-01,3.7162964569529,3.893109704722,3.7103486471486,3.8814643937425,588441277.33842
2009-04-02,3.9299527510247,4.0986011697038,3.9210846738816,4.0256540835269,810082361.48002
2009-04-03,4.0680039196685,4.1477331777464,4.0544157369493,4.1426078105804,633201677.22177
2009-04-06,4.1055144556486,4.2414201217578,4.0458814046449,4.2303231058704,656644916.64404
2009-04-07,4.1581746234148,4.1669354254312,4.0779209091618,4.1071593409251,535571463.77723
2009-04-08,4.1153360894737,4.1707854105349,4.092438809646,4.154551108023,455011769.06158
2009-04-09,4.2303231058704,4.2859988966436,4.2127776629207,4.2698599497999,529971179.17902
2009-04-13,4.2859988966436,4.3205057290753,4.2507888161589,4.2938180614364,388984968.57327
2009-04-14,4.2689183125764,4.2923042902037,4.1874011357196,4.2250785441191,454012521.48885
2009-04-15,4.17874760883,4.2232906253403,4.1341688339442,4.2011800297753,412616010.15075
2009-04-16,4.2578093772305,4.3995674974757,4.2429577319076,4.3375624742254,592183370.1444
2009-04-17,4.3228419429463,4.4369707583291,4.2949861683719,4.4090434670036,497320429.21724
2009-04-20,4.3490289933271,4.3929879563696,4.2561764114125,4.3035324201348,466348846.97578
2009-04-21,4.2487982665851,4.3611987604818,4.2354723119535,4.3490289933271,469339412.35451
2009-04-22,4.378982592602,4.4766387163024,4.3290400613796,4.3397794935112,922670338.28409
2009-04-23,4.523637141269,4.5435426370067,4.4111174527871,4.4786054269591,943055783.60257
2009-04-24,4.4465540029837,4.4689149071778,4.3925230974871,4.4245983603795,540172422.77902
2009-04-27,4.3885658372566,4.4641232848505,4.381545276185,4.4547545904494,480484043.60722
2009-04-28,4.40551530728,4.5076173890105,4.40292878478,4.4245983603795,454901614.72889
2009-04-29,4.4588668036407,4.5308841720525,4.4218926432942,4.4689149071778,457805957.23116
2009-04-30,4.5138274269024,4.5364028813499,4.4614294872237,4.4932425220286,497900989.14663
2009-05-01,4.4932425220286,4.5692529090465,4.4922889653466,4.5446749855667,397439770.42382
2009-05-04,4.5779183553946,4.7231807964464,4.5595385503481,4.7166131747988,609580766.977
2009-05-05,4.7057545480819,4.7447907747534,4.6826784763763,4.7389740789929,398026582.31507
2009-05-06,4.7677476518737,4.7682959469659,4.650650891318,4.7322157460088,473408145.83731
2009-05-07,4.7174356174371,4.7286756668267,4.5672623594727,4.6098267458677,530430288.12162
2009-05-08,4.6106611079645,4.6868145284847,4.509715213711,4.6142011871466,467898235.31085
2009-05-11,4.545747736834,4.6762777271481,4.5403839804975,4.627634416905,404501032.46178
2009-05-12,4.6321876500618,4.6321876500618,4.4025712010242,4.4437886886058,607072362.76252
2009-05-13,4.3986258602522,4.4284483454833,4.2625771606408,4.2667132127491,593217264.42521
2009-05-14,4.2769877859982,4.4115942311281,4.2747469277954,4.3917125743074,445733306.47352
2009-05-15,4.3614371496523,4.4509284442626,4.3433076532348,4.3717474812769,366652939.02447
2009-05-18,4.42225022705,4.525770724345,4.3416746874168,4.523637141269,457395001.48266
2009-05-19,4.5306577023405,4.6185994673426,4.4905248854848,4.5518266606821,371563167.10859
2009-05-20,4.5628402403597,4.6151070659946,4.4746481667286,4.4948874073051,387934870.53626
2009-05-21,4.4641232848505,4.528333407928,4.3896266690654,4.4345391887899,407391753.53992
2009-05-22,4.4307607204373,4.4345391887899,4.3485522149861,4.3748703794106,297973906.47947
2009-05-26,4.4586284144702,4.6726303728392,4.4485564720161,4.6707709373092,632866906.98104
2009-05-27,4.7057545480819,4.8207177255616,4.6746328418715,4.7510127321037,646282123.75924
2009-05-28,4.7682959469659,4.8359031157232,4.7154569873218,4.8242220463681,486138018.56381
2009-05-29,4.836487169191,4.853698867302,4.7804895530376,4.8501945464955,456053882.67549
2009-06-01,4.8696113444337,4.9994261672363,4.857215107567,4.9777804305537,450683162.19668
2009-06-02,4.9638585029958,5.0489991952443,4.9397692773155,4.9828223615101,453366939.31048
2009-06-03,5.0027278572479,5.0404529434814,4.9668026092516,5.0340521942532,562589853.85826
2009-06-04,5.0032999912571,5.1497424587029,5.0012975222248,5.1337942231956,546527507.60416
2009-06-05,5.1970984674252,5.2284347238891,5.1150925927689,5.1664416200973,631855242.73689
2009-06-08,5.139563241122,5.1514946191062,4.980486147639,5.1375607720897,930066694.403
2009-06-09,5.1363807456957,5.1626869906617,5.0189383208427,5.097678263863,675443675.79223
2009-06-10,5.0708833210974,5.0831365244617,4.9380290363708,5.0081869692526,687776535.5177
2009-06-11,4.9874828697936,5.0556860114772,4.9472666167281,4.9982342213837,524134754.65936
2009-06-12,4.9593291087561,4.9679707161871,4.8588480733851,4.8919484097107,561824423.11488
2009-06-15,4.856261550885,4.8905180746876,4.8172253242136,4.8602545694911,539506171.87653
2009-06-16,4.8790873139616,4.9441198796774,4.8608386229588,4.8686935461272,510968236.259
2009-06-17,4.8823770845146,4.9098514364162,4.8039947252501,4.8423753817026,570486324.13816
2009-06-18,4.857215107567,4.9286841808867,4.8427329654584,4.8528764246637,425499774.93502
2009-06-19,4.9307700861287,4.9832872203926,4.8893738066692,4.9824766972128,719953737.96154
2009-06-22,5.0219897022253,5.0556860114772,4.8682167677862,4.9065616658631,633097520.64475
2009-06-23,4.8693729552632,4.8914716313697,4.7457324119769,4.7856030007451,705014966.23653
2009-06-24,4.8376552761265,4.9114605633172,4.8158188281076,4.8643429437654,484227368.85174
2009-06-25,4.8501945464955,5.006065305635,4.8295977221632,4.9952066789182,588185712.87687
2009-06-26,4.9914878078582,5.1271431653383,4.9914878078582,5.0869388317314,438398477.47839
2009-06-29,5.1230667105225,5.1413034820667,5.0549827634242,5.0699416838738,567426846.23305
2009-06-30,5.09511558028,5.1357847727694,5.0641011491963,5.0867004425609,433948329.01854
2009-07-01,5.125617474647,5.1664416200973,5.0893584818121,5.1010514706257,414005242.7207
2009-07-02,5.0481886720646,5.1010514706257,4.9930015790909,5.0006061936303,369541433.49139
2009-07-06,4.9528806816937,4.9638585029958,4.8654991312424,4.9493525219701,497790617.52218
2009-07-07,4.9446920136866,4.9894734193674,4.8284296152277,4.836487169191,460600083.31737
2009-07-08,4.8540564510578,4.9295781402761,4.8002400958146,4.9010667954828,574845054.01572
2009-07-09,4.9219854451953,4.9281001274189,4.854402115355,4.8693729552632,342846165.47095
2009-07-10,4.8713515853784,4.9631671744013,4.8678591840304,4.9461104292511,444185731.97923
2009-07-13,4.9836328846898,5.0831365244617,4.9127478648379,5.0831365244617,482117556.56908
2009-07-14,5.0733506490122,5.1137099355799,5.0425984460161,5.0804546462934,346699338.82621
2009-07-15,5.1738078454661,5.2502115746154,5.1541288194403,5.245598744166,483687345.99868
2009-07-16,5.2100549188425,5.2859818696508,5.1991724532086,5.2685437018278,392549119.5713
2009-07-17,5.3271397599397,5.4287769827877,5.309344008361,5.4192056575917,601308158.80541
2009-07-20,5.4691005109799,5.5368268743225,5.3892401388582,5.4618653996549,731637980.13585
2009-07-21,5.4792797285608,5.4792797285608,5.3480941680278,5.410075352361,852486889.24556
2009-07-22,5.6253765317094,5.6692282196251,5.5754459199455,5.5977591463055,873575962.1644
2009-07-23,5.5899519009712,5.6587271766641,5.5550755653252,5.6367238562258,525460878.65787
2009-07-24,5.6045651571236,5.7141407393497,5.5897135118007,5.7141407393497,438359682.93088
2009-07-27,5.7141407393497,5.7454889152721,5.616615729693,5.7178834493267,432193592.4292
2009-07-28,5.6774168876322,5.7178834493267,5.6285471076772,5.7141407393497,363090837.61619
2009-07-29,5.6750925932197,5.7309829342464,5.6514682264219,5.715213490617,381995325.56047
2009-07-30,5.775216044835,5.881978634849,5.7677187054224,5.8140138823359,468346395.76953
2009-07-31,5.8209629266563,5.8922532080981,5.8172798139719,5.8353139547212,422500631.98544
2009-08-03,5.897557367142,5.9508731051271,5.8878310889851,5.943840624597,393147911.87253
2009-08-04,5.8934451539506,5.9134579248151,5.8655059431666,5.9125162875916,395139560.23046
2009-08-05,5.9283214895966,5.9791818191254,5.8655059431666,5.8962700656212,422397671.77148
2009-08-06,5.9125162875916,5.9458311741707,5.8239427912877,5.8543970078207,341356561.73083
2009-08-07,5.8855067945726,5.9493474144358,5.8855067945726,5.9112051471538,386951278.87605
2009-08-10,5.907128692338,5.9493474144358,5.8452547831315,5.881978634849,300056653.7743
2009-08-11,5.8435145421868,5.8705121157473,5.7815929551462,5.8149555195594,354971201.99751
2009-08-12,5.8027976718633,5.9535430638368,5.8016653233033,5.9041965055407,443910507.22863
2009-08-13,5.9505155213713,6.0230096681241,5.945247120703,6.0140104769373,439691506.01377
2009-08-14,5.9942599341603,6.0083964119717,5.9121587038359,5.9560223112101,305647896.01544
2009-08-17,5.843156958431,5.843156958431,5.693806143105,5.6991698994415,523088124.06174
2009-08-18,5.7769682052382,5.8661853523025,5.764786518625,5.8572815167839,424700937.47277
2009-08-19,5.8116061517137,5.9036243715315,5.8013077395476,5.8783431999987,412119158.72186
2009-08-20,5.8881767532823,5.9537814530073,5.8785696697106,5.9403363037904,341559273.12035
2009-08-21,5.9942599341603,6.0493635909243,5.9569520289751,6.0440713513389,415269334.53894
2009-08-24,6.0716887367428,6.096457371559,6.0095764383658,6.0380162664079,406277361.47492
2009-08-25,6.0514375767078,6.1051228179072,6.0405670305324,6.0501383557285,323792971.10715
2009-08-26,6.0336537445875,6.0548465418461,5.9550806739866,5.9799923423052,303296592.05815
2009-08-27,6.0204827429167,6.0558000985281,5.8860789285818,6.0522480998875,447975597.9285
2009-08-28,6.1446715812952,6.1602145552126,6.0177770258314,6.0729760382636,453434948.27232
2009-08-31,6.0029253805085,6.0299467929861,5.945247120703,6.0078004390455,310914443.97691
2009-09-01,6.0003507774669,6.0716887367428,5.8901792223146,5.9036243715315,468383665.07996
2009-09-02,5.8748627181092,5.9873466482155,5.8619897029015,5.8985943600337,363968640.07488
2009-09-03,5.9460695633413,5.9677033805653,5.8922532080981,5.9470231200233,293806935.31268
2009-09-04,5.9718155937566,6.0962189823885,5.9674769108533,6.0819037126993,373357367.73893
2009-09-08,6.1579021802586,6.1830403182892,6.1431578100624,6.176234307471,314128907.94922
2009-09-09,6.1691064712727,6.2314571588202,6.0606870765236,6.1133234053728,810715459.03087
2009-09-10,6.1439683332422,6.187593551446,6.1002239204531,6.1632540171366,490463404.64483
2009-09-11,6.1773070587383,6.1847686397754,6.102464778656,6.1481639826432,348431930.11428
2009-09-14,6.1019999197735,6.2105146701907,6.0799965993352,6.2039708874602,321539193.39214
2009-09-15,6.21553276223,6.2731037469088,6.1992746208011,6.256011243383,414929856.8696
2009-09-16,6.3570644127633,6.5270120524216,6.3528568439037,6.4944600111881,750711666.20231
2009-09-17,6.498584143838,6.6704984941531,6.4978689763265,6.5915440008793,808754203.83209
2009-09-18,6.6395317409035,6.662083356434,6.5982308171122,6.6076948671815,601289289.65968
2009-09-21,6.5878370492779,6.6133327710642,6.4860567929276,6.5719126526876,437173121.48016
2009-09-22,6.6109727182761,6.6208181910183,6.5304925343111,6.5889813172963,356624522.90615
2009-09-23,6.6195308894975,6.7462943309175,6.6079332563521,6.6251091960875,591843713.77568
2009-09-24,6.687686353347,6.7040756088197,6.5279536896451,6.5644391521921,549025858.50961
2009-09-25,6.5044008395985,6.6251091960875,6.4796441242408,6.5139006480434,445041751.56922
2009-09-28,6.5647967359478,6.6673279181852,6.547680393505,6.6483998180465,337163817.58121
2009-09-29,6.6667438647175,6.6927402037619,6.5824375345657,6.6208181910183,344874805.44214
2009-09-30,6.6442876048552,6.6587935858809,6.5230190338155,6.6195308894975,539186726.15743
2009-10-01,6.6245132231612,6.6513200853853,6.4538861743669,6.4595479171666,523616059.95635
2009-10-02,6.4776416552085,6.6411408678044,6.4770695211992,6.603737606951,552707180.09865
2009-10-05,6.6504022870789,6.6728585469411,6.5807807298307,6.643715470846,422487227.01409
2009-10-06,6.7050172460433,6.7866416980267,6.6886279905705,6.7866416980267,603870291.97064
2009-10-07,6.7796330564137,6.8057247511262,6.7505972554452,6.7942343931075,464673602.25245
2009-10-08,6.8148431368984,6.8372517189265,6.745579163406,6.7593818963786,437315012.15383
2009-10-09,6.7462943309175,6.8108262793752,6.7364846165509,6.8025303362414,292956796.02337
2009-10-12,6.8203141683616,6.8399574360118,6.7729700790978,6.8150815260689,287988014.1049
2009-10-13,6.806535274306,6.8275731186037,6.774924870296,6.7869992817825,345787353.60669
2009-10-14,6.8641658562774,6.8685283780978,6.7936384201813,6.8317926069218,375337546.61612
2009-10-15,6.7714443884066,6.8185739274169,6.769096255077,6.8057247511262,372900221.97276
2009-10-16,6.7585475342818,6.7985849954694,6.7087241976447,6.7164599262279,428321824.26953
2009-10-19,6.7087241976447,6.7860457251004,6.6272427791636,6.7804554990519,907056033.35573
2009-10-20,7.15938700504,7.2047643836471,7.0656881415701,7.0990149476077,1132832137.5483
2009-10-21,7.1289804663412,7.4545723954271,7.1150466193247,7.3191554271175,1191307399.5329
2009-10-22,7.3042799428775,7.4234626086752,7.2323579301339,7.3287505912306,790405491.13429
2009-10-23,7.3474283827402,7.3498003549868,7.2582231551345,7.2835758434185,420004619.27344
2009-10-26,7.2757685980842,7.3841641539162,7.1464901509153,7.2314043734518,483079776.45309
2009-10-27,7.20102167367,7.243586060065,7.0165799724445,7.0485122018347,755818731.24802
2009-10-28,7.0482738126642,7.0727206221002,6.8250223544792,6.8715440011047,817128066.60324
2009-10-29,6.9605585173741,7.0292145984817,6.8621753067036,7.0125869538384,569923157.61632
2009-10-30,7.0061862046102,7.0292145984817,6.645098128035,6.7324796784863,717159938.23243
2009-11-02,6.7796330564137,6.8885173100452,6.6280652218018,6.7612770902842,678388979.04779
2009-11-03,6.7143621015273,6.7687386713212,6.6403303446247,6.7410020913321,519119463.07783
2009-11-04,6.811183863131,6.9238108267396,6.7936384201813,6.8150815260689,487259795.19244
2009-11-05,6.8813894738469,6.9646468916484,6.850708787602,6.9300208646314,381881099.7341
2009-11-06,6.8922242616467,6.9712025938375,6.8715440011047,6.9405576659681,291989440
2009-11-09,7.0337439927214,7.2108433074951,7.0094402167877,7.1944659714809,526176282.7999
2009-11-10,7.1815810368147,7.3211340572327,7.1794951315727,7.2494265947426,400445884.32765
2009-11-11,7.3078081026011,7.321956499871,7.2082567849951,7.2582231551345,443814325.00713
2009-11-12,7.2622996099502,7.3170456829584,7.1935243342574,7.2138946888777,358160320.0198
2009-11-13,7.2490690109868,7.3156272673939,7.2164573724607,7.3013715949972,341950173.4276
2009-11-16,7.3371538094912,7.4279204861638,7.3222902447097,7.3797301153447,481589440.29715
2009-11-17,7.3593716801829,7.4089566276495,7.321956499871,7.3928176808058,395928898.93908
2009-11-18,7.3661419326255,7.3928176808058,7.2861623659185,7.3550449167381,373601086.86373
2009-11-19,7.304041553707,7.3075697134306,7.135416973945,7.160769662229,540283912.74286
2009-11-20,7.0837103628608,7.1566812879547,7.0625533239779,7.1395053482193,406581235.17793
2009-11-23,7.2541109419431,7.3567732382243,7.2486041521043,7.3521484883164,473840662.96793
2009-11-24,7.3289889804011,7.3521484883164,7.2465063274038,7.3010259307,317232934.85786
2009-11-25,7.3392635536502,7.3438287062655,7.2769367050197,7.2925869540639,286452534.95871
2009-11-27,7.1108628893822,7.2488306218163,7.0852360535521,7.1640594327821,295256985.24262
2009-11-30,7.176574864234,7.2027976729903,7.0990149476077,7.1391477644635,423879742.45129
2009-12-01,7.223132269235,7.2418338996618,7.0301562357052,7.034459160233,462585563.60988
2009-12-02,7.1087293063061,7.1932978645454,6.9908458614877,7.0080456401402,713455235.54774
2009-12-03,7.0666416982521,7.1067149178153,7.0096786059582,7.0176527237118,447680535.86738
2009-12-04,7.1316742639679,7.138682905581,6.7954144195016,6.9036907807483,826354705.52845
2009-12-07,6.9036907807483,6.9209143983179,6.7386777969196,6.747688907565,713118706.83786
2009-12-08,6.7511932283715,6.8694580958628,6.7396313536017,6.7811587471049,688629278.11319
2009-12-09,6.8301238827282,7.0773811303837,6.7965944458956,7.0642816454641,681607529.61513
2009-12-10,7.1313166802122,7.1316742639679,7.0038261518221,7.0157456103477,488952384.6634
2009-12-11,7.0619573510516,7.0718981794619,6.9084108863245,6.9525009634108,428976894.29501
2009-12-14,6.9805593687801,7.0508484157057,6.8772772606556,7.0346975494035,492153181.9075
2009-12-15,6.9910842506582,7.0541024278832,6.9018313452183,6.9352773458412,419004546.15986
2009-12-16,6.9646468916484,7.0183559717648,6.9481503610489,6.9654812537452,352821150.47085
2009-12-17,6.9599863833649,6.9646468916484,6.8214822752971,6.8524847869223,386938770.75753
2009-12-18,6.8960027299993,6.9817393951741,6.8789340653906,6.9797369261418,607496523.80886
2009-12-21,6.9998450526745,7.1332833908689,6.9882712584462,7.0802060420543,608836893.42092
2009-12-22,7.1351785847745,7.1742505698215,7.0951768819625,7.1556323756044,348678991.67279
2009-12-23,7.1851091965383,7.2276855023918,7.1724984094182,7.2179353853179,344667252.38974
2009-12-24,7.2653629107913,7.4767902661188,7.2622996099502,7.4655502167292,500887941.94515
2009-12-28,7.5405355303139,7.6409092905581,7.4861470410615,7.5577472284249,643309904.01253
2009-12-29,7.594578355269,7.5971648777691,7.4550491737681,7.4679221889758,443203628.64166
2009-12-30,7.4559788915331,7.5716572365243,7.4394823609336,7.5589034159019,410864871.87923
2009-12-31,7.6110748858685,7.6192516344171,7.5205704372835,7.5256838849909,351676271.2827
2010-01-04,7.6248776188412,7.660635994418,7.5854599694969,7.6432335849706,491409557.52382
2010-01-05,7.6711608762962,7.699934449177,7.6163313670783,7.6563330698903,601391945.3296
2010-01-06,7.6563330698903,7.6868826420915,7.5262560190002,7.5341228616271,550064585.2247
2010-01-07,7.5601907174226,7.5716572365243,7.4659078004849,7.520808826454,476407239.288
2010-01-08,7.5149325334008,7.5716572365243,7.4664918539527,7.5714188473538,447251445.90587
2010-01-11,7.606164068956,7.6069626726772,7.44452429189,7.5041811818107,461112191.31178
2010-01-12,7.4753718505543,7.4914154417298,7.3720182256786,7.4189093755184,593241966.88962
2010-01-13,7.4327001890326,7.5329547546916,7.2893448613449,7.5227636176522,604405470.64392
2010-01-14,7.5014635452669,7.5166846938041,7.4650853578467,7.4791503189069,432507090.73049
2010-01-15,7.550130694427,7.5574015641276,7.3519100991459,7.3539840849293,593912563.62712
2010-01-19,7.44266485636,7.6853450319417,7.4015784828222,7.6802792620683,728953071.25922
2010-01-20,7.6756545121603,7.6980988525641,7.4820705862457,7.5619428778259,611179905.05522
2010-01-21,7.5825516216167,7.6178332188525,7.4004342148037,7.4305904448735,606982273.93863
2010-01-22,7.3853441803103,7.4109471772233,7.0404308089543,7.0619573510516,876899900.90833
2010-01-25,7.2441820329913,7.3107402893984,7.1496845658002,7.2529428350076,1039719442.2346
2010-01-26,7.3516717099754,7.6324941528391,7.2348252580487,7.3542224740999,1860190718.5914
2010-01-27,7.3865122872458,7.520808826454,7.1254642260761,7.423820192431,1721115140.0795
2010-01-28,7.3328151265878,7.3392635536502,7.0966906531952,7.1173947526542,1171600375.9718
2010-01-29,7.1905087112504,7.2213801088318,6.7942343931075,6.8589451334432,1244317671.6557
2010-02-01,6.8780997032938,6.9998450526745,6.8321501906776,6.9548371772818,747719038.64937
2010-02-02,6.9971750939648,7.0115499609467,6.9062892227069,6.994230987709,697834543.58428
2010-02-03,6.9735388077085,7.1503758943946,6.9435017722239,7.1150466193247,614205564.31
2010-02-04,7.0307164502559,7.0852360535521,6.8423055693414,6.8587186637312,756030026.08114
2010-02-05,6.8813894738469,6.9998450526745,6.8162496330044,6.9805593687801,849449120.38029
2010-02-08,6.9885096476167,7.0672376711784,6.9291984219932,6.9332152795163,476685916.37663
2010-02-09,7.0172951399561,7.053780602503,6.9550636469938,7.0068775332047,632439156.84549
2010-02-10,6.992824491603,7.0214788698986,6.937947304551,6.9692120442637,369264374.76486
2010-02-11,6.9569111630653,7.1332833908689,6.931212810484,7.0955106268012,549606904.19932
2010-02-12,7.0778579087248,7.20102167367,6.9817393951741,7.1560972344869,643541210.66074
2010-02-16,7.2123809176449,7.2755302089137,7.1969213799372,7.264290159524,541624010.5305
2010-02-17,7.2946966982229,7.2963415834994,7.1745962341187,7.2336690705717,434778865.06837
2010-02-18,7.2007832844995,7.2819190386834,7.1769086090727,7.2476863537978,421318479.29203
2010-02-19,7.2086143687508,7.257281517911,7.1824153989115,7.2023208946493,415266910.77112
2010-02-22,7.2302362665163,7.2320003463781,7.1139023513062,7.1575156500515,390437011.04339
2010-02-23,7.1391477644635,7.1905087112504,6.9894393653817,7.0378681253713,575052329.37094
2010-02-24,7.0896700921236,7.1935243342574,7.0654497523996,7.1668724249941,460177736.95078
2010-02-25,7.0487505910052,7.2451117507563,7.0317892015232,7.2141330780482,664835437.19413
2010-02-26,7.2304746556868,7.3273440951246,7.2141330780482,7.3075697134306,506991494.37109
2010-03-01,7.347785966496,7.4820705862457,7.3378570575442,7.4639291703697,549273042.55691
2010-03-02,7.4986982308889,7.5294385144265,7.4196126235714,7.4594951317982,565993138.48842
2010-03-03,7.4706279060611,7.4953965408773,7.4260491311753,7.4758486288953,371401576.71454
2010-03-04,7.4777438228009,7.5325971709358,7.4518905172588,7.5247541672259,358499024.16407
2010-03-05,7.6784079070798,7.8460312523256,7.6653441805357,7.8196058127743,898750482.41253
2010-03-08,7.8560793558627,7.8607756225218,7.794813339041,7.8242901599749,429366139.32573
2010-03-09,7.7916427630732,8.0359797433899,7.7825362967596,7.9645345089873,919639205.62632
2010-03-10,7.9900183113151,8.0535132668811,7.9710663722594,8.0302345643806,595683118.04909
2010-03-11,7.9946788195986,8.0538708506369,7.9760844642987,8.0538708506369,404892549.40779
2010-03-12,8.1088076349815,8.1325750352816,8.062059518644,8.0928117216401,415379307.65535
2010-03-15,8.0538708506369,8.0538708506369,7.8662704929021,7.9940828466724,492731288.70532
2010-03-16,8.0056804798178,8.0351573007517,7.946953307662,8.0156093887696,446627366.38212
2010-03-17,8.0289591823183,8.0873168512598,7.9741058341834,8.0033442659468,450411998.03322
2010-03-18,7.9966693691724,8.0359797433899,7.9500046890446,8.0233331978942,341647022.91181
2010-03-19,8.0414746137702,8.0446332702795,7.9008846004605,7.9379779553923,558908286.45269
2010-03-22,7.8749121003332,8.0710467903723,7.862754252637,8.0275526862123,455992700.36604
2010-03-23,8.0593538015587,8.171158322529,8.002760212479,8.1559729323674,601978883.06548
2010-03-24,8.1372593824821,8.2218279407214,8.124851226157,8.1909446236816,597814866.7309
2010-03-25,8.2454403880607,8.2496479569202,8.0806419544854,8.0951479355111,542361711.82633
2010-03-26,8.1791205208241,8.2831177964602,8.1628504599367,8.246966078752,640512699.76635
2010-03-29,8.3181729239841,8.352572481289,8.271865827612,8.2992209849283,527056727.15712
2010-03-30,8.4525886577775,8.4818270895409,8.3663871337202,8.4233263870971,525335904.02108
2010-03-31,8.4233263870971,8.4505861887452,8.3738606342158,8.3930390429835,429787137.47671
2010-04-01,8.4876437853014,8.5268707233092,8.3129283622328,8.4273074862447,602396516.96968
2010-04-05,8.3926814592277,8.517954968332,8.3847311803911,8.5176093040348,681581578.77186
2010-04-06,8.5093014414424,8.5799242332067,8.4645200357617,8.5554893432292,445759759.85639
2010-04-07,8.5617947367893,8.6398314317565,8.5241530867654,8.5920940003614,627671028.33715
2010-04-08,8.5854429425041,8.6272087251779,8.5000638610851,8.5692801567434,572512833.14006
2010-04-09,8.6242526994635,8.638639485904,8.5871831834488,8.6352662791412,333812012.63855
2010-04-12,8.6754944516652,8.6810965971722,8.6362079163647,8.6526925275057,332955574.40538
2010-04-13,8.6505708638881,8.6717636611467,8.6110578588757,8.6583065924712,304865535.81175
2010-04-14,8.7559627161717,8.779599002428,8.7167476976224,8.7751411249394,403473015.12579
2010-04-15,8.7839019269557,8.8943237907371,8.7680132887411,8.889877832707,375614426.64325
2010-04-16,8.8928100195044,8.9683436281812,8.7338282816896,8.8353582294108,750058613.04698
2010-04-19,8.804725221,8.8536069204136,8.6343127224592,8.823796354641,566360433.69655
2010-04-20,8.9010821237211,8.9013205128916,8.6768890283127,8.7357234755952,719603542.52347
2010-04-21,9.2238968189706,9.2947579999054,9.1327844780007,9.2575692893055,980383902.91634
2010-04-22,9.2215606050996,9.5263530790583,9.1501034512385,9.5174611629982,791497732.02527
2010-04-23,9.5357217734594,9.7202588303531,9.5352449951184,9.6720803789925,795721394.52569
2010-04-26,9.7130117995695,9.7309029068165,9.5783934349811,9.6251534707772,478326890.24788
2010-04-27,9.5352449951184,9.5662236678265,9.3040313386384,9.3590992370267,707888605.16286
2010-04-28,9.3919731036404,9.4289234250698,9.157576951734,9.3433417128559,757595301.04392
2010-04-29,9.3943212369699,9.6436524704089,9.3579192106327,9.5939483283571,558136295.84756
2010-04-30,9.6335924474133,9.6627116845914,9.3213145535005,9.3248427132241,541732930.74673
2010-05-03,9.443441325554,9.567391774762,9.3879920044928,9.5129079298414,453426575.40875
2010-05-04,9.3737363320962,9.4026052606453,9.1689242762504,9.2374730822313,722739002.90698
2010-05-05,9.0319577783325,9.2200229949498,8.883822747776,9.1424988366991,881563820.82386
2010-05-06,9.0708032936675,9.2235392352148,7.1158571425044,8.7952492514721,1278954952.2933
2010-05-07,8.7142207724149,8.8055595830968,8.043238693632,8.4237912459796,1676017197.1785
2010-05-10,8.9697382048287,9.0946422107187,8.8767545088703,9.070564904497,982181594.47708
2010-05-11,9.0006215218686,9.2821472127853,8.9467336498743,9.1618917957203,848326029.93359
2010-05-12,9.2730169075547,9.3973368599769,9.2382955248695,9.361101706059,653571683.91948
2010-05-13,9.4014371537097,9.4640262304278,9.1572193679783,9.2267098111826,598851829.10411
2010-05-14,9.115465504763,9.1605210579898,8.910558093249,9.0644859806489,757585599.26092
2010-05-17,9.077096767769,9.1491498945564,8.8474088019803,9.078503263875,761668506.20635
2010-05-18,9.1802716007668,9.2339449225077,8.9376987003118,9.0130058392767,779720290.98646
2010-05-19,8.9096402949425,9.0333881133556,8.744949136494,8.8695074780868,1024427809.682
2010-05-20,8.6215708212953,8.7090477274148,8.4350312953693,8.4908143612692,1278372168.2696
2010-05-21,8.273045854006,8.7318615710329,8.2626282472547,8.6540990236117,1223184256.9575
2010-05-24,8.8305785265421,8.9603933493446,8.7959524995251,8.8121033658274,753125594.64866
2010-05-25,8.5672061709599,8.8121033658274,8.4709207849899,8.7571308231072,1045641924.3548
2010-05-26,8.9355055199431,9.0048290907282,8.7055672455253,8.7185236969427,849106122.41682
2010-05-27,8.9540760363261,9.0668341139784,8.8967672797349,9.047774899796,661373049.20802
2010-05-28,9.2557098537755,9.2646017698356,9.047774899796,9.1738470126215,814642099.6496
2010-06-01,9.2752339268404,9.4987476131129,9.2482125143629,9.3145562205165,874086429.98363
2010-06-02,9.4541926771442,9.4561593878009,9.298059689917,9.4274334927541,686838526.46502
2010-06-03,9.4709037579971,9.4839913234582,9.300395903788,9.3970984708064,649387742.18314
2010-06-04,9.2307862659984,9.3538427558169,9.094058157251,9.1413068908465,756412118.94133
2010-06-07,9.2274249786942,9.2548754916787,8.9478898373513,8.9615376173631,885191058.58027
2010-06-08,9.0489191678144,9.0642475914784,8.7733651256191,8.9041454245622,999762426.65578
2010-06-09,8.9843872193567,8.9971291205206,8.6606308868837,8.6857809443728,852503879.11129
2010-06-10,8.743089700964,8.9629679523862,8.6497722601669,8.9474130590102,774084523.23278
2010-06-11,8.8632020845267,9.0659043962135,8.8341901224753,9.0538419041855,544647945.71367
2010-06-14,9.1460031575056,9.2548754916787,9.0713992665938,9.0806249274926,601913505.09564
2010-06-15,9.1282312448439,9.2807526361378,9.1249653132079,9.2749955376699,583538104.10497
2010-06-16,9.3213145535005,9.5627312664785,9.3079885988689,9.543898522008,782443647.91834
2010-06-17,9.6678608906745,9.7472683233722,9.6251534707772,9.7096266733483,871508226.45753
2010-06-18,9.7223924134292,9.8217649391573,9.6939168270115,9.7877468045252,783795303.27797
2010-06-21,9.919313787731,9.9647984414648,9.5969877902811,9.6494930050865,772894749.38781
2010-06-22,9.7223924134292,9.8559141878332,9.6963007187166,9.7795581365181,715577993.88828
2010-06-23,9.8057809452745,9.8092733466225,9.5682142174003,9.6772057461586,767539918.05359
2010-06-24,9.6772057461586,9.7572091517825,9.5756996373544,9.6069524576085,713964487.70772
2010-06-25,9.6445941076325,9.6526635810543,9.4932408232741,9.5251730526642,546797748.06794
2010-06-28,9.5348874113626,9.6340573062958,9.446456948561,9.5823864535872,584773129.16658
2010-06-29,9.4419037154042,9.4419037154042,9.0815784841746,9.1489115053859,1131198881.3095
2010-06-30,9.168709725997,9.2133600176339,8.9297484214753,8.9832310318797,738226849.90969
2010-07-01,9.0753803657413,9.0999225308456,8.6866033870111,8.8750261873841,1022140177.2412
2010-07-02,8.9529079293905,8.9613230671096,8.6857809443728,8.8190047323137,693822687.68518
2010-07-06,8.8190047323137,9.0292878196227,8.7924362592601,8.8805210577644,614442236.97377
2010-07-07,8.9505478766025,9.2412157922083,8.9195811233529,9.2371154984755,652735614.06123
2010-07-08,9.3774671226147,9.3889098027993,9.1030811873549,9.218056284293,737081647.72029
2010-07-09,9.1746694552598,9.2823736824973,9.1138444584035,9.2724209346284,433054475.49515
2010-07-12,9.2331463187865,9.3518879646187,9.1019130804194,9.189413825456,561957164.88302
2010-07-13,9.1503299209504,9.1572193679783,8.8012089807349,8.9936128802555,1187471135.5028
2010-07-14,8.8993657216934,9.135013416745,8.8931437643431,9.0264748274107,811894770.9912
2010-07-15,8.866837519377,9.1777089171838,8.8312817745951,8.9799174224096,820494581.10671
2010-07-16,9.0380724605561,9.1064663135761,8.8722251146306,8.925433577489,1038198502.3395
2010-07-19,8.9188659558414,8.924503859724,8.557730201432,8.7706832474508,1023484856.6128
2010-07-20,8.6599276388307,9.0327921404293,8.5714971760291,8.9971291205206,1058314524.3454
2010-07-21,9.4635494520868,9.4690443224671,9.0708032936675,9.0788608476308,1183939282.9518
2010-07-22,9.2049448799148,9.2857588087186,9.1184215304773,9.2502388223122,644632625.17189
2010-07-23,9.1861240549029,9.3000383200323,9.1525469402362,9.2838993731886,532986679.41527
2010-07-26,9.2852820303775,9.2895134381541,9.2047064907443,9.2599412615521,416816125.44058
2010-07-27,9.3095142895601,9.4561593878009,9.2968677440645,9.4324277458764,580762568.62835
2010-07-28,9.4174688254267,9.5008692767305,9.2947579999054,9.3195623930972,519111722.79334
2010-07-29,9.3107896716224,9.3794576721885,9.1465991304319,9.2188668074728,643362300.68799
2010-07-30,9.133380450927,9.2752339268404,9.1037963548664,9.1875186315504,448124670.97541
2010-08-02,9.3012183464263,9.3778247063705,9.2724209346284,9.3518879646187,426412240.88107
2010-08-03,9.3518879646187,9.4014371537097,9.2654361319324,9.3553565270497,416435851.45496
2010-08-04,9.38389171076,9.4389834480655,9.297106133235,9.3913890501726,420218699.46799
2010-08-05,9.3382759429825,9.3988625506682,9.3051756066568,9.3463334969458,289039650.80241
2010-08-06,9.2752339268404,9.3386096878212,9.2012140893963,9.2892750489836,444618357.33624
2010-08-09,9.3386096878212,9.3633068058863,9.2709071633956,9.3483240465196,302322637.58069
2010-08-10,9.2807526361378,9.3015640107235,9.1991162646958,9.2648401590061,451535319.1951
2010-08-11,9.1132484854772,9.1310323175975,8.9219173372239,8.9349214664754,617994577.03259
2010-08-12,8.8065131397788,9.0395504734133,8.7905649042716,8.992897712744,534210355.807
2010-08-13,8.9648393073747,8.9967715367648,8.8958256425113,8.8965288905643,354313453.99804
2010-08-16,8.8480047749065,8.9297484214753,8.8070852737881,8.8448341989387,317682904.12353
2010-08-17,8.932442219102,9.094058157251,8.8996875470736,8.9991196700944,422197029.26789
2010-08-18,9.0197164944267,9.0955838479423,8.9851977425365,9.0384181248534,338206078.01387
2010-08-19,9.0286084104868,9.0523042940357,8.8819275538705,8.924503859724,426148384.09653
2010-08-20,8.905659195795,9.068002220914,8.8931437643431,8.9153616350348,383308799.65549
2010-08-23,8.9915269750136,9.0006215218686,8.7582989300427,8.7792414186722,413238465.43964
2010-08-24,8.6787842222183,8.6787842222183,8.5237955030096,8.5683385195198,600759826.85007
2010-08-25,8.5683385195198,8.713994302703,8.4726967843102,8.6748984787389,595816878.31987
2010-08-26,8.766833262347,8.7772270301814,8.5818075076538,8.5818075076538,465239285.66714
2010-08-27,8.6269703360074,8.6646000665728,8.41327828356,8.6301051535996,548156317.33224
2010-08-30,8.5973624010297,8.7772270301814,8.5946805228615,8.6609884706395,382667347.69829
2010-08-31,8.6352662791412,8.7345434492011,8.5841437215248,8.6822527846492,420002106.57541
2010-09-01,8.8397088317727,8.9805133953359,8.7963100832809,8.9403924979386,695872852.96303
2010-09-02,8.9777004031238,9.0060210365807,8.8779345352644,9.0060210365807,414533012.50039
2010-09-03,9.1048214282996,9.2416806510908,9.0888016760412,9.2412157922083,520196286.32214
2010-09-07,9.1616653260083,9.2695125867481,9.1521059202708,9.2083419255946,342503810.15412
2010-09-08,9.2769980067022,9.4419037154042,9.253159089651,9.3895057757256,525620503.3586
2010-09-09,9.4678762155316,9.5192371623185,9.3895057757256,9.3948933709792,437607400.43577
2010-09-10,9.3998041878917,9.4459920896785,9.3353437561852,9.4070631381338,387411355.14447
2010-09-13,9.4991051968687,9.581564010949,9.4917508909584,9.5369971555217,388184779.53956
2010-09-14,9.50693628112,9.6130075425396,9.4832046391955,9.5741739466631,405309007.92303
2010-09-15,9.5715039879533,9.6565374050751,9.5662236678265,9.6506372731049,427270097.80285
2010-09-16,9.6526635810543,9.8806232253569,9.6251534707772,9.8774645688476,650135604.17543
2010-09-17,9.9112443143092,9.9265846574317,9.7740632661378,9.8345425986968,633930595.40051
2010-09-20,9.8608488436628,10.134746081123,9.852326430817,10.115579591814,658462701.3994
2010-09-21,10.136152577229,10.262820662981,10.099333369844,10.134746081123,666457114.88682
2010-09-22,10.103755488957,10.284931258546,10.085745187124,10.276754509997,584741604.24461
2010-09-23,10.231818151356,10.455915891096,10.21408199707,10.318484534296,784847985.32498
2010-09-24,10.428417700277,10.483878940797,10.376270069228,10.440015333423,647942819.16394
2010-09-27,10.499791417929,10.525179864588,10.393088425207,10.398547537212,482495143.3521
2010-09-28,10.417547154102,10.420598535485,9.8217649391573,10.245060669778,1034207871.3979
2010-09-29,10.255812021368,10.350166455057,10.21408199707,10.263404716449,468994580.41511
2010-09-30,10.321071056796,10.357198935587,10.044110518494,10.1338044439,672779991.03409
2010-10-01,10.225739227508,10.235358230538,10.047841309013,10.090441453783,448066435.9475
2010-10-04,10.06071432422,10.103755488957,9.9201123914522,9.951853909506,434584240.4556
2010-10-05,10.083993026721,10.33744839281,10.065529785465,10.319318896392,499661343.44082
2010-10-06,10.346578698041,10.428060116522,10.188192933152,10.328663751877,668926357.08744
2010-10-07,10.369487897327,10.374267600196,10.246681716137,10.329831858812,407511889.86968
2010-10-08,10.41966881772,10.516979277123,10.357198935587,10.503271899818,656768774.61937
2010-10-11,10.527730628713,10.615112179164,10.520829262227,10.548542003299,426729527.1061
2010-10-12,10.550091532907,10.696343289016,10.445760512432,10.662313234926,556909954.90526
2010-10-13,10.715783925872,10.783498369756,10.707476063279,10.719407441263,621806302.1963
2010-10-14,10.770279690251,10.803165476323,10.728561585411,10.797313022187,433425921.89857
2010-10-15,10.979895287882,11.25122984176,10.890070248433,11.241873066817,917211486.28506
2010-10-18,11.374024103491,11.392773411752,11.226663837738,11.35649058,1078349222.1873
2010-10-19,10.838387476266,11.207950287853,10.715223711321,11.054713729048,1228353157.8658
2010-10-20,11.037192125015,11.224291865492,10.960013631062,11.0909965608,717801873.43306
2010-10-21,11.154169690986,11.241873066817,10.957427108562,11.054713729048,547353292.59924
2010-10-22,11.037192125015,11.073582231894,10.938951947847,10.981063394818,369982616.28411
2010-10-25,11.04070836528,11.129591767506,11.015999327757,11.031351590338,384874588.0644
2010-10-26,10.960013631062,11.062926235972,10.915899715058,11.001505266189,388793205.66768
2010-10-27,10.982481810383,11.068909804152,10.913933004402,10.993209323056,392583733.55977
2010-10-28,10.998143978885,11.000372917629,10.746428853741,10.901393734033,548554760.76738
2010-10-29,10.868662900921,10.924195658192,10.745165391137,10.749241845953,426098304.64043
2010-11-01,10.808421957533,10.913933004402,10.792616755528,10.8626912522,422357492.09394
2010-11-02,10.972874726811,11.078230820719,10.964662219887,11.048908952746,431778072.715
2010-11-03,11.124919339764,11.1752313742,11.01952748748,11.171691295018,507805870.29087
2010-11-04,11.255890350043,11.4360410462,11.252397948695,11.365859274401,640798094.44202
2010-11-05,11.35649058,11.413787417132,11.310874812222,11.324915934365,360614064.87215
2010-11-08,11.324915934365,11.420796058745,11.312030999699,11.378696531233,279994037.71788
2010-11-09,11.464075612652,11.47460049453,11.233660559893,11.288645022072,382316866.17339
2010-11-10,11.309694785828,11.383380878433,11.199761619846,11.358826793871,381309443.73267
2010-11-11,11.252397948695,11.370507863226,11.224291865492,11.307358571957,360815244.31288
2010-11-12,11.268787204168,11.302698063673,10.843882346647,11.000372917629,794970558.40501
2010-11-15,11.017191273609,11.0909965608,10.937783840911,10.965830326822,402468554.22899
2010-11-16,10.911799421326,10.985723903101,10.689346566862,10.770732629675,656915358.45925
2010-11-17,10.752412421921,10.857315576405,10.633933004176,10.732626120768,478627081.73664
2010-11-18,10.909594321498,11.060590022101,10.881512077212,11.015999327757,492546109.99144
2010-11-19,11.000372917629,11.01484314028,10.901393734033,10.955090894691,384484963.82183
2010-11-22,10.954030062882,11.192741058775,10.92396918848,11.192741058775,391601593.30778
2010-11-23,11.089828453864,11.134276114706,10.949000051384,11.026428853966,517613438.28976
2010-11-24,11.143632889649,11.266439070838,11.134276114706,11.244185441771,413653100.04652
2010-11-26,11.199761619846,11.345965698121,11.177531829696,11.25122984176,237744959.96678
2010-11-29,11.294509395666,11.337777030114,11.121426938416,11.315571078881,442100461.07983
2010-11-30,11.198581593452,11.229000051609,11.102808744199,11.11322635095,500731827.47099
2010-12-01,11.27345963191,11.348301911992,11.25122984176,11.29916990395,459403008.80519
2010-12-02,11.338957056508,11.392773411752,11.247725520953,11.36230727576,462826536.80458
2010-12-03,11.317895373294,11.379888477085,11.297977958097,11.336608923179,342034606.79325
2010-12-06,11.375216049343,11.512051433217,11.370507863226,11.434849100347,444706128.94077
2010-12-07,11.566988217562,11.570516377286,11.361163007742,11.364667328548,389797286.51366
2010-12-08,11.420796058745,11.465255639046,11.323723988513,11.465255639046,320676935.26373
2010-12-09,11.515531915107,11.517880048436,11.393905760311,11.419639871268,293544793.37114
2010-12-10,11.416135550462,11.46643566544,11.377528424297,11.448866383573,262365896.34314
2010-12-13,11.583389392493,11.607967315973,11.464075612652,11.487473509738,438830166.55125
2010-12-14,11.49917841801,11.519071994289,11.392773411752,11.43950960863,350926175.96749
2010-12-15,11.433657154494,11.535425491386,11.399758214448,11.441869661419,415189210.09386
2010-12-16,11.467603772375,11.52140820816,11.433657154494,11.472264280659,321271500.86289
2010-12-17,11.476960547318,11.492157856938,11.437185314218,11.450046409967,386387781.80229
2010-12-20,11.478128654254,11.54363799831,11.365859274401,11.507355166558,384042847.26186
2010-12-21,11.540097919128,11.584581338346,11.500370363862,11.577525018899,255831320.14301
2010-12-22,11.583389392493,11.631317535225,11.555342906582,11.612615904798,265804308.40791
2010-12-23,11.605619182644,11.611435878404,11.542446052458,11.557631442619,223012895.61818
2010-12-27,11.542446052458,11.621972679741,11.481621055602,11.595070461848,249274385.54468
2010-12-28,11.639530042149,11.666408421124,11.607967315973,11.623140786676,175593392.56064
2010-12-29,11.646550603221,11.658219753117,11.609111583992,11.61728833254,163105373.94133
2010-12-30,11.620804572805,11.624296974153,11.537785544174,11.55996765649,157416358.80241
2010-12-31,11.535425491386,11.552994773253,11.47460049453,11.520240101225,193392437.67195
2011-01-03,11.59974288959,11.793875110597,11.59974288959,11.769392542786,444381193.03939
2011-01-04,11.875797549044,11.875797549044,11.719044749973,11.831290290909,308859345.58907
2011-01-05,11.784458738362,11.942343885992,11.767020570539,11.929351676199,253403662.04614
2011-01-06,11.965944413873,11.974168840256,11.889957865772,11.919935303964,299837861.11736
2011-01-07,11.934000265024,12.012668691294,11.853508161601,12.005636210763,310187754.92628
2011-01-10,12.101468657309,12.260593428627,12.042944115949,12.229960420216,447815764.32566
2011-01-11,12.321501861693,12.322693807545,12.122446904315,12.202068887266,442604828.78975
2011-01-12,12.266433963304,12.302669117222,12.213749956621,12.302669117222,302021609.64453
2011-01-13,12.328534342223,12.379668819298,12.281452481046,12.345817557085,296514884.66547
2011-01-14,12.35749862644,12.442961144069,12.302669117222,12.442961144069,307505771.51812
2011-01-18,11.680461462726,12.314469381162,11.640674310167,12.165833733348,1861891914.158
2011-01-19,12.447609732894,12.448801678746,12.031382241179,12.101468657309,1132996566.1585
2011-01-20,12.007900907883,12.080490410304,11.789155005021,11.882925385242,763761730.48717
2011-01-21,11.929351676199,11.962368576315,11.664060287795,11.667588447518,753355752.75476
2011-01-24,11.680461462726,12.051049347746,11.667588447518,12.051049347746,573066287.81133
2011-01-25,12.007900907883,12.195155601321,11.95068750696,12.193963655468,544062164.90954
2011-01-26,12.247839608004,12.34367205455,12.197420298441,12.281452481046,506259936.81072
2011-01-27,12.282644426899,12.312204684043,12.244263770446,12.259401482774,284576376.74633
2011-01-28,12.297901333812,12.301477171369,11.913200809897,12.004444264911,591090500.03021
2011-01-31,11.997411784381,12.14342515132,11.94115194014,12.11803670466,376862754.32257
2011-02-01,12.198612244293,12.344864000403,12.178706748556,12.32507769925,425407990.56431
2011-02-02,12.302669117222,12.330918233928,12.269771411691,12.297901333812,258626941.26358
2011-02-03,12.276803892221,12.295517442107,12.08990678254,12.267625909157,393190251.8831
2011-02-04,12.272155303396,12.382052711003,12.269771411691,12.375020230473,321393640.63937
2011-02-07,12.427823431741,12.616150876446,12.416380751556,12.566923512735,484194342.1837
2011-02-08,12.626759194534,12.696607221494,12.57633988497,12.685164541309,379975243.02499
2011-02-09,12.685164541309,12.821999925183,12.673483471954,12.79267805721,482034987.38208
2011-02-10,12.779805042003,12.855851187396,12.427823431741,12.662875153866,927341808.87819
2011-02-11,12.673483471954,12.77861309615,12.627951140386,12.745834585205,367134619.46219
2011-02-14,12.7434506935,12.838329583364,12.739874855942,12.826648514008,310000785.86261
2011-02-15,12.827840459861,12.855851187396,12.770507864353,12.853467295691,282988779.46082
2011-02-16,12.881597217812,13.032616757331,12.874564737281,12.968013292122,475127226.44453
2011-02-17,12.75298626032,12.866340310899,12.733080764582,12.797445840621,529356103.41998
2011-02-18,12.797445840621,12.838329583364,12.481580189692,12.519245678633,813324984.44959
2011-02-22,12.210293313648,12.336877963191,12.060465719981,12.093482620097,870442154.54053
2011-02-23,12.09467456595,12.309820792337,12.093482620097,12.237112095331,670919547.46173
2011-02-24,12.286220264457,12.328534342223,12.083947053277,12.246647662152,499233834.08802
2011-02-25,12.334494071485,12.441769198216,12.316853272868,12.432472020566,379120072.46686
2011-02-28,12.54141587149,12.680515952484,12.539031979785,12.614958930593,402044534.12865
2011-03-01,12.687548433014,12.703758896609,12.416380751556,12.474428514576,454934124.59493
2011-03-02,12.496837096604,12.655961867921,12.440577252363,12.575147939118,601663462.69702
2011-03-03,12.765859275528,12.848818706866,12.710910571725,12.840594280483,498608919.79481
2011-03-04,12.840594280483,12.866340310899,12.777421150298,12.855851187396,452673709.83347
2011-03-07,12.914256534172,12.916640425877,12.546064460315,12.692077827254,545286798.55951
2011-03-08,12.671099580249,12.76478652426,12.579915722528,12.704950842462,355847808.93209
2011-03-09,12.667642937277,12.670026828982,12.5203184299,12.588020954325,453111597.17447
2011-03-10,12.461555499369,12.490996561927,12.319117969987,12.38086076515,507117549.59389
2011-03-11,12.323885753398,12.582061225063,12.323885753398,12.571691296145,470181292.04044
2011-03-14,12.602085915386,12.732008013315,12.546064460315,12.627951140386,435979202.31266
2011-03-15,12.209101367796,12.423294037501,12.145809043025,12.337950714458,720298608.4933
2011-03-16,12.209101367796,12.251296250977,11.651223030963,11.785638764756,1153129942.9796
2011-03-17,12.033766132884,12.128287438992,11.809179695344,11.95295220408,658561562.43386
2011-03-18,12.032574187031,12.077152961917,11.784458738362,11.809179695344,752764183.93602
2011-03-21,12.005636210763,12.132936027817,11.974168840256,12.116844758808,413034481.34131
2011-03-22,12.234728203626,12.237112095331,12.112076975397,12.186931174938,325994451.98345
2011-03-23,12.115652812955,12.149384880583,11.998603730233,12.11326892125,372825151.44853
2011-03-24,12.209101367796,12.35749862644,12.102660603162,12.322693807545,404477390.44823
2011-03-25,12.427823431741,12.572883241998,12.392780223676,12.555004054209,448734712.10978
2011-03-28,12.616150876446,12.654769922069,12.514477895222,12.514477895222,308751959.83851
2011-03-29,12.410540216879,12.534264196375,12.359644128974,12.534264196375,352133940.56258
2011-03-30,12.524967018725,12.530807553402,12.408156325174,12.448801678746,328649709.34535
2011-03-31,12.372636338767,12.492069313194,12.359644128974,12.445225841188,273812516.1461
2011-04-01,12.539031979785,12.556196000062,12.262977320332,12.307436900632,418019863.84608
2011-04-04,12.307436900632,12.308628846485,12.083947053277,12.185739229086,459022250.73718
2011-04-05,12.019581977238,12.223047134271,12.000987621938,12.103852549015,482631077.37935
2011-04-06,12.195155601321,12.282644426899,12.041752170096,12.072385178507,401950520.62984
2011-04-07,12.07357712436,12.15772850155,12.002179567791,12.07357712436,373086547.55082
2011-04-08,12.1411604542,12.147000988877,11.92708697908,11.96701716514,376817415.85364
2011-04-11,11.949495561108,11.988114606731,11.785638764756,11.814889115978,398725809.54775
2011-04-12,11.810371641197,11.919935303964,11.791515057809,11.872245550403,425127682.52911
2011-04-13,11.95998468461,12.005636210763,11.875797549044,12.005636210763,345980322.10397
2011-04-14,11.95295220408,12.000987621938,11.859444051947,11.872245550403,301444896.36639
2011-04-15,11.915584701602,11.916538258284,11.671116607242,11.695658772346,453348505.58721
2011-04-18,11.644190550432,11.865260747707,11.434849100347,11.852328135207,611868029.43456
2011-04-19,11.902854719897,12.070001286802,11.846416083778,12.065233503392,418415583.16419
2011-04-20,12.276803892221,12.34820144879,12.197420298441,12.228887668948,676379350.84626
2011-04-21,12.655961867921,12.682899844189,12.445225841188,12.524967018725,753044877.05583
2011-04-25,12.51805373278,12.634864426331,12.509829306397,12.607807255478,265709924.92584
2011-04-26,12.627951140386,12.678132060779,12.475620460429,12.513405143955,337490811.46198
2011-04-27,12.580988473795,12.583253170915,12.395164115381,12.50398877172,355155913.40829
2011-04-28,12.364411912385,12.489804616074,12.340215411578,12.384436602708,360623140.78779
2011-04-29,12.392780223676,12.641658517691,12.38086076515,12.50398877172,1004504230.9817
2011-05-02,12.488612670222,12.515669841075,12.33914266031,12.367987749942,441588363.99196
2011-05-03,12.425677929206,12.494453204899,12.34367205455,12.433544771833,313281795.64304
2011-05-04,12.435928663538,12.56453962103,12.388012440265,12.482652940959,390567933.93696
2011-05-05,12.438193360658,12.534264196375,12.359644128974,12.384436602708,335403891.99777
2011-05-06,12.493261259047,12.49922098831,12.365603858237,12.379668819298,279989603.79163
2011-05-09,12.424485983354,12.469660731166,12.375020230473,12.413996859851,204618737.06402
2011-05-10,12.455834159276,12.487420724369,12.379668819298,12.479196297986,285050245.58759
2011-05-11,12.468587979899,12.49922098831,12.330918233928,12.399931898791,334060774.77767
2011-05-12,12.37382828462,12.396356061233,12.223047134271,12.377284927592,319812895.17518
2011-05-13,12.350585340495,12.36679580409,12.155344609845,12.161304339108,325861111.19481
2011-05-16,12.11326892125,12.188123120791,11.879361467143,11.903915551706,449364291.88338
2011-05-17,11.857083999159,12.005636210763,11.811539748132,12.005636210763,452182294.05418
2011-05-18,12.018390031386,12.181090640261,12.000987621938,12.13639267079,334057856.85989
2011-05-19,12.216133848326,12.228887668948,12.09467456595,12.162496284961,260592980.23671
2011-05-20,12.132936027817,12.177514802703,11.96701716514,11.972976894403,337917437.38539
2011-05-23,11.78681879115,11.999795676086,11.764636678834,11.944727777698,382169751.26912
2011-05-24,11.982393266639,11.996339033114,11.833662263156,11.86418799644,321794401.29387
2011-05-25,11.903915551706,12.091098728392,11.888885114505,12.027806403621,293805654.21422
2011-05-26,11.992763195556,12.031382241179,11.94591972355,11.965944413873,222500460.4277
2011-05-27,11.957600792905,12.057009077009,11.94115194014,12.049857401894,203542099.23082
2011-05-31,12.190387817911,12.423294037501,12.178706748556,12.423294037501,416649498.74393
2011-06-01,12.466323282779,12.575147939118,12.31101273819,12.340215411578,553417492.56643
2011-06-02,12.37609298174,12.427823431741,12.297901333812,12.36202802068,338705953.909
2011-06-03,12.257136785654,12.334494071485,12.213749956621,12.267625909157,313107144.253
2011-06-06,12.347009502937,12.392780223676,12.064041557539,12.072385178507,461079465.83191
2011-06-07,12.075961016065,12.077152961917,11.853508161601,11.858252106094,529452706.80155
2011-06-08,11.857083999159,11.957600792905,11.809179695344,11.865260747707,333421492.38211
2011-06-09,11.903915551706,11.917718284678,11.812540982648,11.83839428819,274951848.1024
2011-06-10,11.806819642556,11.845474446555,11.624296974153,11.638361935213,433833465.57931
2011-06-13,11.685157729385,11.724909123568,11.607967315973,11.664060287795,329434630.06804
2011-06-14,11.78681879115,11.902854719897,11.761215794237,11.873425576797,334011235.61457
2011-06-15,11.76345665244,11.796235163385,11.600910996526,11.668756554454,395850185.63193
2011-06-16,11.671116607242,11.73896216517,11.36820740773,11.612615904798,507365508.00522
2011-06-17,11.752979448396,11.758903419283,11.405598749125,11.438353421154,614860218.20918
2011-06-20,11.331924575978,11.345965698121,11.089828453864,11.26407901805,639620809.41939
2011-06-21,11.303878090067,11.633665668554,11.259418509767,11.61728833254,492604355.92589
2011-06-22,11.605619182644,11.746006565158,11.51437572763,11.52140820816,389876936.10495
2011-06-23,11.390401439505,11.845474446555,11.361163007742,11.828930238121,558403514.36199
2011-06-24,11.839574314585,11.899278882339,11.609111583992,11.654715432311,439631342.20697
2011-06-27,11.700331200088,11.924703087375,11.68745818488,11.858252106094,339257824.6157
2011-06-28,11.915584701602,12.025422511916,11.90962497234,11.974168840256,293539632.06286
2011-06-29,12.006828156616,12.013860637146,11.852328135207,11.930424427467,352499494.91983
2011-06-30,11.94591972355,12.005636210763,11.887693168652,11.988114606731,322762761.55748
2011-07-01,11.998603730233,12.268698660424,11.93638415673,12.260593428627,439756305.09826
2011-07-05,12.250223499709,12.492069313194,12.232344311921,12.478004352134,354720328.18529
2011-07-06,12.461555499369,12.646426301101,12.382052711003,12.562155729325,444007368.17223
2011-07-07,12.671099580249,12.78564557668,12.642850463543,12.75775404373,398766026.13972
2011-07-08,12.626759194534,12.855851187396,12.577531830823,12.846434815161,489372037.95464
2011-07-11,12.732008013315,12.847626761014,12.601013164118,12.642850463543,442339304.98318
2011-07-12,12.625567248681,12.775156453178,12.448801678746,12.634864426331,450941730.98932
2011-07-13,12.798637786473,12.855851187396,12.728432175757,12.786837522533,390654253.29432
2011-07-14,12.888629698342,12.914256534172,12.72735942449,12.777421150298,428986101.08907
2011-07-15,12.892086341314,13.036192594889,12.826648514008,13.033808703184,483105110.65761
2011-07-18,13.052164669313,13.379830584183,13.047635275073,13.349555159528,570967676.54084
2011-07-19,13.496641277734,13.523817643172,13.332867917592,13.458141426696,802764696.85519
2011-07-20,14.144821432357,14.153165053325,13.785568952395,13.818824241681,939781906.6965
2011-07-21,13.821923300898,13.930747957237,13.710833947439,13.832293229815,525941823.32391
2011-07-22,13.869958718756,14.108347889269,13.848622887995,14.045293953668,514594874.9949
2011-07-25,13.935396546062,14.284994264618,13.915491050324,14.23242945252,588740225.4821
2011-07-26,14.284994264618,14.445310981788,14.273432389849,14.405619184898,475930905.56967
2011-07-27,14.297986474411,14.38094590575,14.005363767607,14.020739869105,657597410.4151
2011-07-28,13.98569666104,14.178791889155,13.861734292374,13.99272914157,593442582.54635
2011-07-29,13.83920651576,14.112996478094,13.714409784997,13.94600486415,631528206.90791
2011-08-01,14.213358318879,14.267711049756,14.01358819399,14.16961390609,610692572.51511
2011-08-02,14.207517784202,14.209782481322,13.870912275438,13.890936965761,638416559.24568
2011-08-03,13.967936667837,14.053637574636,13.651475043982,14.020739869105,732503209.03679
2011-08-04,13.901545283849,13.976280288805,13.476616587411,13.477808533263,866443308.46061
2011-08-05,13.567800445132,13.696768986379,12.949418936822,13.343595430265,1203536909.7649
2011-08-08,12.907343248227,13.134051349384,12.607807255478,12.614958930593,1140335913.8153
2011-08-09,12.921408209287,13.37863863833,12.678132060779,13.356468445472,1080884695.5845
2011-08-10,13.250027680839,13.379830584183,12.945843099265,12.989110733713,877795541.42565
2011-08-11,13.232267687635,13.407841311718,13.026895417239,13.34597932197,741230573.60427
2011-08-12,13.514401270937,13.558980045823,13.364692871855,13.462909210106,528539823.89025
2011-08-15,13.560171991675,13.749214603892,13.502601006997,13.693312343406,459758407.49976
2011-08-16,13.624417873128,13.692120397554,13.430249893746,13.590089832575,498485350.42319
2011-08-17,13.655646854466,13.733361724053,13.500217115291,13.587705940869,440419961.92319
2011-08-18,13.238227416898,13.307241081762,12.90627049696,13.074573251341,850186192.45291
2011-08-19,12.919024317582,13.107470956872,12.71329446343,12.714367214697,775304601.30669
2011-08-22,13.024511525534,13.031424811479,12.681707898337,12.72962412161,534532070.08553
2011-08-23,12.867532256751,13.344787376117,12.750602368615,13.342403484412,655972256.89337
2011-08-24,13.337635701002,13.535617907112,13.23465157934,13.435017677156,585345320.42723
2011-08-25,13.037265346156,13.407841311718,13.036192594889,13.347171267822,870500960.90313
2011-08-26,13.255987410101,13.707258109881,13.241803254456,13.699033683499,640676165.24558
2011-08-29,13.863998989493,13.982120823482,13.856966508963,13.927172119679,404665800.01358
2011-08-30,13.866382881199,13.993921087423,13.793912573363,13.928364065532,417238451.67203
2011-08-31,13.963526468182,14.002979875902,13.637410082921,13.744685209652,522290052.57389
2011-09-01,13.782231504008,13.833485175668,13.59724150769,13.60677707451,343136773.47068
2011-09-02,13.390319707685,13.500217115291,13.280422300079,13.357660391325,438817558.59598
2011-09-06,13.11104679443,13.584130103312,13.088757406987,13.56231749421,508563889.62376
2011-09-07,13.764352316219,13.771503991335,13.642058671746,13.712025893292,349500590.2361
2011-09-08,13.656838800318,13.880447842259,13.653620546516,13.719177568407,415351689.79005
2011-09-09,13.719177568407,13.785568952395,13.392584404805,13.481265176236,564692748.88039
2011-09-12,13.338827646854,13.603201236953,13.282806191784,13.570184336837,467026694.04263
2011-09-13,13.647899206424,13.793912573363,13.580673460339,13.73669917244,440291451.8909
2011-09-14,13.821923300898,14.00655571346,13.776271774745,13.905121121407,534209187.12975
2011-09-15,13.98569666104,14.058405358046,13.924788227974,14.033732078898,414855506.17673
2011-09-16,14.143629486505,14.303707814504,14.108347889269,14.303707814504,695804063.76441
2011-09-19,14.176527192035,14.757600795159,14.114188423946,14.702652091356,821284701.73004
2011-09-20,14.833527745968,15.103622676158,14.686203238591,14.765706026957,774278396.13356
2011-09-21,14.99026862558,15.05785195542,14.715405911979,14.721365641241,604113892.80148
2011-09-22,14.322421364389,14.63697587488,14.168541154823,14.351743232362,967337693.67238
2011-09-23,14.294410636854,14.524813770154,14.280345675793,14.439351252525,545975918.78946
2011-09-26,14.289762048029,14.427908572341,13.976280288805,14.398467509782,812225149.2539
2011-09-27,14.606700450225,14.615997627875,14.214550264732,14.259486623374,631188748.53475
2011-09-28,14.302515868651,14.41837300552,14.16031672844,14.179864640422,429293818.92643
2011-09-29,14.357583767039,14.365808193422,13.793912573363,13.949461507122,650614175.41151
2011-09-30,13.826452695138,13.889864214494,13.612736803773,13.617266198013,547542003.35277
2011-10-03,13.585322049164,13.666135977968,13.327265772085,13.377446692477,667964875.492
2011-10-04,13.38793581598,13.635026191216,12.651194084511,13.302711687522,1232544292.8819
2011-10-05,13.137627186942,13.565774137182,12.867532256751,13.509633487527,785911266.84676
2011-10-06,13.322497988674,13.742301317947,13.279349548812,13.477808533263,811571346.0645
2011-10-07,13.419641575658,13.490681548471,13.159916574385,13.206640851805,535396263.70455
2011-10-10,13.542769582228,13.887599517374,13.507249595822,13.887599517374,440856464.97312
2011-10-11,14.020739869105,14.398467509782,13.982120823482,14.296794528559,604789117.26597
2011-10-12,14.550559800569,14.615997627875,14.290953993881,14.36461624757,621485951.23474
2011-10-13,14.463786142503,14.586794954487,14.386786440427,14.586794954487,423666348.52953
2011-10-14,14.891933092743,15.073347251503,14.830071102995,15.073347251503,571746413.25778
2011-10-17,15.052011420742,15.238312557498,14.853433241705,15.000757749082,684843395.56634
2011-10-18,15.05785195542,15.16941808722,14.855817133411,15.082882818324,863761049.87216
2011-10-19,14.338870217154,14.586794954487,14.207517784202,14.237197235931,1102842307.9573
2011-10-20,14.284994264618,14.299178420264,14.079264410466,14.117645066919,549085463.56621
2011-10-21,14.224085831552,14.254838034549,13.955182847214,14.031348187193,619996673.01276
2011-10-24,14.14601337821,14.517900484209,14.120028958624,14.490962507941,501870359.05536
2011-10-25,14.464978088355,14.518973235476,14.192618461045,14.206445032935,429933693.63077
2011-10-26,14.357583767039,14.377370068192,14.039453418991,14.308475597914,455573078.95545
2011-10-27,14.56462476163,14.607773201492,14.354007929482,14.452462656903,494227099.94219
2011-10-28,14.391435029252,14.513251895384,14.375105371072,14.461521445383,322353098.65295
2011-10-31,14.36235155045,14.61838151958,14.323613310241,14.455919299876,385499471.31594
2011-11-01,14.19726704987,14.267711049756,14.041837310696,14.16031672844,531324435.2825
2011-11-02,14.292026745149,14.301562311969,14.110612586389,14.193810406897,327467237.84551
2011-11-03,14.259486623374,14.405619184898,14.118837012771,14.394891672225,441391925.53841
2011-11-04,14.371767922685,14.40681113075,14.254838034549,14.294410636854,301626200.74321
2011-11-07,14.282610372913,14.284994264618,14.147205324062,14.275697086968,269658102.59673
2011-11-08,14.365808193422,14.570584490892,14.342446054712,14.507292166121,399630353.99303
2011-11-09,14.179864640422,14.318964721416,14.080456356319,14.116453121066,557593222.52036
2011-11-10,14.183321283395,14.186897120953,13.647899206424,13.758630976127,744478194.28408
2011-11-11,13.814056458271,13.882831733964,13.581746211607,13.73669917244,653302855.43259
2011-11-14,13.717985622555,13.759822921979,13.507249595822,13.5462262252,432752936.62975
2011-11-15,13.600817345248,13.910723266914,13.551947565293,13.887599517374,430526813.69447
2011-11-16,13.909650515647,13.970320559542,13.726329243522,13.742301317947,348464752.914
2011-11-17,13.712025893292,13.735626421172,13.40903325757,13.479000479116,479717476.06723
2011-11-18,13.533234015407,13.571376282689,13.38793581598,13.390319707685,371861001.1077
2011-11-21,13.2228513154,13.274700959987,13.069805467931,13.178987708026,447531203.5805
2011-11-22,13.259563247659,13.497833223586,13.247762983719,13.446698746511,408849197.2621
2011-11-23,13.381022530035,13.422025467363,13.103895119314,13.107470956872,428092619.22686
2011-11-25,13.15050020215,13.255987410101,12.976237718505,12.985534896155,254759172.44665
2011-11-28,13.298063098697,13.453492837871,13.226427152958,13.432633785451,346176603.6712
2011-11-29,13.413801040981,13.530969318287,13.221778564133,13.328457717937,375624277.76189
2011-11-30,13.60677707451,13.652547795249,13.510825433379,13.650283098129,405507858.3989
2011-12-01,13.658030746171,13.894512803319,13.598433453543,13.854582617258,383511129.31625
2011-12-02,13.936588491914,14.057213412194,13.879255896406,13.917755747444,378896667.18429
2011-12-05,14.051253682931,14.156740890883,13.942548221177,14.034924024751,357080197.96792
2011-12-06,14.019547923253,14.093090982356,13.907505013112,13.96233452233,283386284.93389
2011-12-07,13.917755747444,13.96233452233,13.814056458271,13.896777500439,304602507.08496
2011-12-08,13.982120823482,14.124558352864,13.936588491914,13.95303734468,375944893.83617
2011-12-09,14.02538845793,14.072351124521,13.965791165302,14.057213412194,296733631.17936
2011-12-12,13.988080552745,14.067583341111,13.909650515647,13.993921087423,299096639.52739
2011-12-13,14.030156241341,14.120028958624,13.82537994387,13.887599517374,338508431.51359
2011-12-14,13.811791761151,13.834557926935,13.488297656766,13.579481514487,405992219.32751
2011-12-15,13.689736505849,13.704874218176,13.512017379232,13.53442596126,256175006.89616
2011-12-16,13.586513995017,13.719177568407,13.556596154118,13.60677707451,421165270.99015
2011-12-19,13.658984302853,13.745757960919,13.590089832575,13.650283098129,234485196.95687
2011-12-20,13.838133764493,14.14601337821,13.831101283963,14.141245594799,336695730.04283
2011-12-21,14.161508674293,14.190353763925,13.999642427515,14.157932836735,261926305.90464
2011-12-22,14.179864640422,14.254838034549,14.14601337821,14.234813344226,201820378.40299
2011-12-23,14.274624335701,14.412651665428,14.267711049756,14.403235293193,269340286.14627
2011-12-27,14.39727556393,14.61134903905,14.392626975105,14.517900484209,264945037.83131
2011-12-28,14.531846250684,14.581073614395,14.334102433744,14.38094590575,228443054.1997
2011-12-29,14.400851401487,14.486313919116,14.303707814504,14.46736198006,215110415.83711
2011-12-30,14.409195022455,14.508484111974,14.409195022455,14.46259419665,179774839.2172
2012-01-03,14.638167820733,14.731735570159,14.607773201492,14.687395184443,302174263.39102
2012-01-04,14.646392247115,14.809212050575,14.617189573728,14.765706026957,260139713.00243
2012-01-05,14.818270839055,14.948431326155,14.737456910251,14.930671332951,270981261.69545
2012-01-06,14.992652517285,15.100046838601,14.972508632376,15.087650601734,318317262.6377
2012-01-09,15.194925728464,15.275501268098,15.049746723622,15.063811684683,393824968.63502
2012-01-10,15.20910988411,15.211493775815,15.054395312447,15.117926026389,258194842.77614
2012-01-11,15.096709390213,15.102430730306,14.976084469934,15.093252747241,215113601.3845
2012-01-12,15.082882818324,15.104814622011,14.955344612099,15.05081947489,212594293.15121
2012-01-13,14.99026862558,15.01613385058,14.951768774542,14.993844463137,226061668.33901
2012-01-17,15.149274202311,15.211493775815,15.107198513716,15.164769498395,242796899.18621
2012-01-18,15.24653698388,15.339031982039,15.223055650585,15.324728631809,276505183.76443
2012-01-19,15.363228482846,15.405423366027,15.231160882382,15.275501268098,261489273.46824
2012-01-20,15.266561674203,15.267634425471,14.991460571432,15.011485261755,413496909.22661
2012-01-23,15.095517444361,15.301485687684,15.084074764176,15.264177782498,305712519.75638
2012-01-24,15.180860767404,15.180860767404,14.984428090902,15.014941904728,543465178.89841
2012-01-25,16.229057950148,16.230249896,15.847635277328,15.951692150256,958046532.5209
2012-01-26,16.015938031709,16.02773829565,15.826418641152,15.880532982858,324004215.60241
2012-01-27,15.866468021798,16.018202728829,15.850019169033,15.974100732284,299713446.90871
2012-01-30,15.919986390578,16.21141715153,15.907232569956,16.177327500146,378905805.18328
2012-01-31,16.277808535517,16.365654944851,16.179711391851,16.303673760518,391875825.56363
2012-02-01,16.372568230796,16.392712115704,16.269822498305,16.293184637015,269549649.6836
2012-02-02,16.282576318928,16.328347039666,16.213801043235,16.254565591392,186705887.28641
2012-02-03,16.331922877224,16.42799371294,16.271014444158,16.416193449,286717169.46314
2012-02-06,16.370303533676,16.607023979995,16.364462998999,16.570312047736,249575868.19947
2012-02-07,16.617274714327,16.776399485644,16.592720629764,16.743382585528,315882802.21841
2012-02-08,16.801787932304,17.02778086595,16.774015593939,17.024205028392,407436550.03792
2012-02-09,17.167953698211,17.742471599146,17.160802023096,17.612668695802,883176746.44114
2012-02-10,17.535311409971,17.772508634631,17.449729697757,17.622085068037,630892234.22645
2012-02-13,17.848793169195,17.992661033599,17.753914279331,17.950585345003,516930523.87863
2012-02-14,18.016976728991,18.198271693166,17.928176762975,18.194695855608,460990450.88231
2012-02-15,18.36550169628,18.794959786958,17.748312133824,17.77477333175,1504745517.7132
2012-02-16,17.552833014003,18.031160884637,17.379881670796,17.935209243505,944153280.6048
2012-02-17,17.969298894889,18.13533695215,17.8697714162,17.931633405948,535367391.58764
2012-02-21,18.10947172715,18.386718332456,18.003030962516,18.386718332456,604559463.3774
2012-02-22,18.323664396855,18.410080471166,18.180988478304,18.322472451003,482910262.88034
2012-02-23,18.395061953424,18.494351042942,18.195887801461,18.441667036259,567812899.84363
2012-02-24,18.554067530156,18.676599563799,18.522361770477,18.659435543522,415130245.16701
2012-02-27,18.612472876931,18.87458176991,18.438210393287,18.779702880046,546790870.23873
2012-02-28,18.854437885001,19.12131456139,18.782086771751,19.12131456139,599490124.0387
2012-02-29,19.33312333939,19.558639494695,19.130492544455,19.373887887548,951419170.2267
2012-03-01,19.572823650341,19.579736936286,19.240389952061,19.446239000799,682847934.9547
2012-03-02,19.446239000799,19.528244875455,19.37734453052,19.473415366237,430789494.25108
2012-03-05,19.482831738472,19.553037349188,18.786854555161,19.040619827172,808231459.44847
2012-03-06,18.712953912302,19.058022236619,18.435826501581,18.936324565072,809271397.62799
2012-03-07,19.159814412428,19.205465938581,18.692094859882,18.952773417838,654858899.27134
2012-03-08,19.104865708625,19.393674188701,19.004384673254,19.35600869976,515642022.39452
2012-03-09,19.445047054946,19.563407278105,19.398441972111,19.473415366237,418511739.37779
2012-03-12,19.606317328798,19.714069233869,19.535277355985,19.714069233869,407280155.34969
2012-03-13,19.910740299542,20.294189280311,19.845183277651,20.290613442754,690850452.83711
2012-03-14,20.64021116131,21.240475092661,20.550219249442,21.057034625951,1418838700.0672
2012-03-15,21.414975965476,21.429040926536,20.661666186656,20.912809177791,1159670645.297
2012-03-16,20.881699391039,21.044161610744,20.64021116131,20.912809177791,825487718.99733
2012-03-19,21.370277996005,21.492094862137,21.039393827333,21.467183193818,901235096.11678
2012-03-20,21.407943484946,21.675535328846,20.785628555323,21.641684066633,816668159.80561
2012-03-21,21.527138070202,21.773751667097,21.477791511906,21.519032838404,644041495.97044
2012-03-22,21.350253305682,21.587927308683,21.268485820196,21.404367647388,624131536.1774
2012-03-23,21.44501300096,21.493286807989,21.227602077453,21.288510510519,430469056.8762
2012-03-26,21.419624554301,21.683640560643,21.259069447961,21.676727274698,595409653.44556
2012-03-27,21.648478157993,22.01011452966,21.643948763753,21.945749453622,606421872.64308
2012-03-28,22.08473034003,22.194746942222,21.797352194978,22.058030752933,654938805.5857
2012-03-29,21.886152160994,22.019530901895,21.686024452348,21.780903342212,607198362.61367
2012-03-30,21.742165102004,21.806530178042,21.355974645774,21.411400127918,730462018.99887
2012-04-02,21.492094862137,22.100106441529,21.441437163403,22.095457852704,597700417.74003
2012-04-03,22.404171828517,22.578553506747,22.232412431163,22.4754501905,833549629.67838
2012-04-04,22.297611869298,22.353037351442,22.035860560075,22.296419923446,572385147.80966
2012-04-05,22.392371564577,22.667234278178,22.262568661233,22.618126109052,508012210.20092
2012-04-09,22.361976945336,22.853416220348,22.331820715267,22.722421371151,545204678.2184
2012-04-10,22.855800112053,22.99835683602,22.356136410659,22.445293960431,888687090.71213
2012-04-11,22.721229425299,22.745545120691,22.261495909965,22.364360837042,696170598.03194
2012-04-12,22.321212397179,22.546847747069,22.159822928742,22.241828803398,613875420.11833
2012-04-13,22.288433886233,22.310604079091,21.553837657299,21.613554144513,859378207.32208
2012-04-16,21.788055017328,21.796160249125,20.648554782278,20.717449252556,1050243520.1305
2012-04-17,20.674539201864,21.785671125623,20.425422518678,21.77494361295,1025186385.2482
2012-04-18,21.917738726087,22.151717696944,21.525946124349,21.727027389677,953762951.19124
2012-04-19,21.43571582331,21.597224486332,20.876931607629,20.980630896802,834100995.32857
2012-04-20,21.121280507404,21.23570730925,20.372380928239,20.46356478596,1030610968.9121
2012-04-23,20.378340657502,20.595036413498,19.876769842744,20.418390038148,966141327.24606
2012-04-24,20.094538350007,20.275833314182,19.820629193088,20.009075832378,1071440767.4263
2012-04-25,21.986394807194,22.070903768141,21.641684066633,21.785671125623,905068430.48358
2012-04-26,21.938836167677,21.952901128737,21.506159823197,21.703784445552,535635685.65428
2012-04-27,21.608905555688,21.648478157993,21.446085752228,21.536196858681,406735628.09738
2012-04-30,21.351445251534,21.37266188771,20.82162532007,20.855714971453,505750311.31163
2012-05-01,20.889566233666,21.313302984252,20.757379438617,20.790396338733,610762318.97198
2012-05-02,20.720905895529,20.979438950949,20.672155310159,20.928185279289,429914446.95111
2012-05-03,21.090647498994,21.122353258672,20.723289787234,20.778715269378,399926539.42732
2012-05-04,20.609101374558,20.653322565688,20.185960596899,20.188225294019,531464569.16496
2012-05-07,20.053297023509,20.455578748748,20.043999845859,20.33996000105,463345580.51673
2012-05-08,20.342343892755,20.411238363033,19.953888739405,20.294189280311,501923619.02507
2012-05-09,20.132680617289,20.499084772367,20.029934884798,20.328278931695,480548813.32795
2012-05-10,20.52137415981,20.567979242645,20.302532901279,20.375956765797,340755708.09435
2012-05-11,20.180000867636,20.516606376399,20.157592285608,20.240432522361,398521710.51131
2012-05-14,20.092154458302,20.268800833652,19.913124191247,19.935294384105,357358070.48981
2012-05-15,20.052105077656,20.115278207842,19.705844807487,19.756502506221,476012926.913
2012-05-16,19.787850682143,19.887378160832,19.323706967155,19.503571596307,566291948.203
2012-05-17,19.478063955062,19.55399090587,18.932748727515,18.932748727515,616663559.35541
2012-05-18,19.068511360122,19.409050290199,18.650019171287,18.94216509975,731994800.87488
2012-05-21,19.088536050445,20.054488969361,19.072087197679,20.046264542978,639760608.5551
2012-05-22,20.342343892755,20.495508934809,19.73540506463,19.889762052537,694395902.48226
2012-05-23,19.90954835369,20.457843445868,19.757694452073,20.37714871165,587930779.31647
2012-05-24,20.567979242645,20.589076684235,20.043999845859,20.190489991138,429098900.67616
2012-05-25,20.16581671199,20.209680319365,19.944591561755,20.082738086067,328043819.40626
2012-05-29,20.38894897559,20.500276718219,20.190489991138,20.439487479739,380290325.29085
2012-05-30,20.328278931695,20.712800663731,20.234591987683,20.684074768685,529164738.18346
2012-05-31,20.739738639999,20.76810695129,20.410284806351,20.631033178245,491746816.97158
2012-06-01,20.327086985842,20.452241300361,20.018373010028,20.035775419476,520728823.09689
2012-06-04,20.053297023509,20.268800833652,19.587842168083,20.15401644805,556692806.61833
2012-06-05,20.045191791711,20.231016150126,19.938751027077,20.102524387219,387936357.18098
2012-06-06,20.279170762569,20.494316988957,20.197284082498,20.410284806351,368083874.8311
2012-06-07,20.616968217185,20.618160163038,20.375956765797,20.419462789416,379672856.80566
2012-06-08,20.416006146443,20.733898105322,20.321127256579,20.724481733086,347211661.59548
2012-06-11,20.990047269037,21.018296385743,20.378340657502,20.399676488263,590944508.49911
2012-06-12,20.516606376399,20.593844467646,20.239240576508,20.577276420295,435422279.36303
2012-06-13,20.518990268105,20.658090349099,20.371427371557,20.434719696328,293700097.40581
2012-06-14,20.402060379968,20.483708670869,20.259384461417,20.412430308886,345677127.96203
2012-06-15,20.392524813148,20.522566105662,20.342343892755,20.503733361192,334871122.82991
2012-06-18,20.391332867295,20.995887803715,20.371427371557,20.919960852907,439952021.20356
2012-06-19,20.835571086545,21.071814754523,20.82389001719,20.979438950949,361160934.51275
2012-06-20,21.007688067655,21.046545502449,20.740930585852,20.918768907054,359034782.56167
2012-06-21,20.908279783551,21.008880013508,20.621736000595,20.62864928654,326368117.4474
2012-06-22,20.678115039422,20.791588284586,20.551411195294,20.789204392881,284593244.12328
2012-06-25,20.616968217185,20.706006572372,20.371427371557,20.384300386765,285953104.55361
2012-06-26,20.405517022941,20.517798322252,20.262841104389,20.430190302089,276591964.55215
2012-06-27,20.536511872137,20.597301110618,20.426614464531,20.517798322252,202953990.30079
2012-06-28,20.417198092296,20.500276718219,20.200621530885,20.323511148284,282938439.92579
2012-06-29,20.64021116131,20.856906917306,20.508381950017,20.856906917306,421085949.4339
2012-07-02,20.882772142307,21.194942761093,20.843914707513,21.163237001415,399861328.41138
2012-07-03,21.246196432753,21.427848980683,21.214729062245,21.406751539093,241712681.31069
2012-07-05,21.448469643933,21.941220059382,21.416167911328,21.783287233917,484128245.22146
2012-07-06,21.681375863523,21.730603227234,21.484943187021,21.638108229075,418956461.76082
2012-07-09,21.615818841632,21.924890401202,21.573862347622,21.923698455349,379151573.05887
2012-07-10,22.069711822288,22.138844681737,21.617010787485,21.721067660414,511074245.26916
2012-07-11,21.646213460873,21.702711694284,21.329513447847,21.585543416977,468995589.68915
2012-07-12,21.436669379992,21.551453765594,21.168004784825,21.389110740475,427710455.05471
2012-07-13,21.534170550732,21.684832506496,21.427848980683,21.604256966863,311510425.74779
2012-07-16,21.61009750154,21.842884526546,21.606521663982,21.675535328846,301305185.32193
2012-07-17,21.816065744863,21.839427883573,21.540964642092,21.676727274698,293675534.20947
2012-07-18,21.663854259491,21.727027389677,21.555029603152,21.650862049698,252341541.65092
2012-07-19,21.832276208458,21.977097629544,21.641684066633,21.941220059382,436386325.67229
2012-07-20,21.894019003621,21.944676702354,21.560870137829,21.581014022738,397257435.79886
2012-07-23,21.227602077453,21.639300174928,20.990047269037,21.565518726654,487533814.35137
2012-07-24,21.691984181611,21.77494361295,21.376118530682,21.461461853726,561936798.18604
2012-07-25,20.516606376399,20.740930585852,20.358673550935,20.535319926285,877066336.32113
2012-07-26,20.704814626519,20.726865624791,20.37035462029,20.531744088727,406664338.78518
2012-07-27,20.536511872137,20.922225550026,20.416006146443,20.898744216731,403950150.89398
2012-07-30,21.106023600492,21.407943484946,20.993623106595,21.250845021578,378972338.40694
2012-07-31,21.543110144626,21.846221974933,21.525946124349,21.81487379901,462039011.09778
2012-08-01,21.997003125282,22.01488231307,21.535243301999,21.672078685873,384324653.68728
2012-08-02,21.529521961907,21.812489907305,21.436669379992,21.706168337257,332177200.12101
2012-08-03,21.915354834381,22.070903768141,21.841811775278,21.988659504314,344611330.38635
2012-08-06,22.046588072748,22.316444613769,21.973640986572,22.234796322868,302146028.88697
2012-08-07,22.241828803398,22.321212397179,22.072095713993,22.173530306046,290447260.88503
2012-08-08,22.122395828971,22.280209459851,22.040628343486,22.138844681737,244163062.75522
2012-08-09,22.065086163561,22.203472884591,22.062831148382,22.167392641715,221697462.2147
2012-08-10,22.096419006059,22.204659734685,22.096419006059,22.203472884591,194975095.89013
2012-08-13,22.264002239415,22.499354613172,22.259492209055,22.499354613172,278478463.71367
2012-08-14,22.567005068564,22.809003802851,22.507662563834,22.56130818811,339949277.36783
2012-08-15,22.54587913688,22.64237004957,22.417936696683,22.530924825688,257377031.34732
2012-08-16,22.543505436691,22.741472032469,22.517869474648,22.727467201352,254629556.31668
2012-08-17,22.855884381587,23.14915503996,22.814700683305,23.145713174686,442547457.67299
2012-08-20,23.214550480172,23.753855163154,23.211108614898,23.753855163154,613127685.89452
2012-08-21,23.958468119462,24.105281476163,23.226300296109,23.430913252416,811170133.77509
2012-08-22,23.374181817895,23.892241884184,23.145713174686,23.887613168815,564934668.71341
2012-08-23,23.788511185916,23.924761576775,23.610364986718,23.664010610994,419914080.36407
2012-08-24,23.554464347263,23.909807265584,23.412398390941,23.684780487649,432394798.92112
2012-08-27,24.28354636037,24.317252903056,24.057451417351,24.13447798849,426637550.35945
2012-08-28,24.108723341437,24.1496696697,23.952771239008,24.101839610888,267025875.84099
2012-08-29,24.119167622269,24.201772388853,24.02255802457,24.053890867067,202544506.75418
2012-08-30,23.952771239008,23.984222766514,23.672081191637,23.708161434513,302491849.33827
2012-08-31,23.830644364274,23.878237053067,23.474351965878,23.757415713438,338191177.49531
2012-09-04,23.77462503981,24.11465759191,23.731661066385,24.107536491342,367581430.02929
2012-09-05,24.130917438206,24.157858935353,23.914317295943,23.937579557797,336098384.13301
2012-09-06,24.043565271244,24.224085170631,23.957281269367,24.154417070079,391223728.35146
2012-09-07,24.215895904978,24.373272227521,24.137801168754,24.300874371751,329431875.83844
2012-09-10,24.300874371751,24.401163204744,23.644190214414,23.668639326363,487552565.09427
2012-09-11,23.75266831306,23.931763992333,23.447291783722,23.592680920309,503657176.8621
2012-09-12,23.815333998054,23.924761576775,23.428539552227,23.921319711501,711828026.00816
2012-09-13,24.193820493219,24.480207421044,24.100652760794,24.389532073817,597970219.85732
2012-09-14,24.642212458955,24.89358730899,24.566254052902,24.688736982663,600162405.72128
2012-09-17,24.977497610677,24.993994826992,24.808490157207,24.992807976897,398028415.00634
2012-09-18,24.996368527181,25.083720694143,24.874122967438,25.069478493008,373132870.79678
2012-09-19,25.010254673288,25.140570813674,24.985805561339,25.075412743481,326634603.449
2012-09-20,24.970613880129,25.003370942739,24.77276596936,24.955422198918,336248670.17235
2012-09-21,25.086094394332,25.179024756739,24.977497610677,25.004557792834,571129504.12987
2012-09-24,24.52934301496,24.828547923806,24.390718923912,24.672477136367,639255277.86366
2012-09-25,24.580496254037,24.742382606939,24.037631020771,24.057451417351,518528107.13413
2012-09-26,23.882984453446,24.026118574853,23.611551836813,23.755042013249,576557588.12242
2012-09-27,23.724539965818,24.364014796783,23.584729024675,24.333512749352,593690156.16339
2012-09-28,24.240463701936,24.325442168709,23.81177344777,23.824828798811,534840098.92503
2012-10-01,23.970217935398,24.171863766469,23.447291783722,23.549835631894,543256870.38213
2012-10-02,23.633864618591,23.79658176656,23.237694057017,23.616299237191,627751822.57287
2012-10-03,23.744597732417,23.995972582451,23.664010610994,23.981849066325,424001763.40181
2012-10-04,23.973778485682,24.082256584328,23.767503939242,23.81414714796,370533984.87676
2012-10-05,23.756228863344,23.783882470547,23.26107500388,23.307718212598,593687243.41138
2012-10-08,23.102630516252,23.12731699822,22.718209770615,22.793100011583,637735904.8542
2012-10-09,22.810190652945,22.873331077978,22.268749639793,22.709071024886,838244549.61451
2012-10-10,22.84650826584,23.034030580785,22.750966833225,22.888404074179,509971693.7789
2012-10-11,23.087438835042,23.114499017198,22.43182284279,22.43182284279,545793240.40368
2012-10-12,22.48440030198,22.691743013505,22.332958229911,22.490097182434,459855906.39253
2012-10-15,22.585519930039,22.682485582767,22.28049945573,22.670617081822,432192728.75144
2012-10-16,22.691743013505,23.226300296109,22.536621706142,23.207548064614,549576339.90417
2012-10-17,23.174909687013,23.314720628156,23.00008666808,23.021093914754,389090331.71482
2012-10-18,22.840574015367,22.930299882518,22.499354613172,22.595014730796,476429560.5462
2012-10-19,22.538995406331,22.564750053384,21.772646300254,21.780954250916,743859966.83479
2012-10-22,21.872816448238,22.691743013505,21.812168408404,22.644743749759,546341116.67126
2012-10-23,22.536621706142,22.639165554315,21.847417856214,21.90533614083,706701995.326
2012-10-24,22.193147288768,22.37699036842,21.80872654313,22.030074085771,558104305.69036
2012-10-25,22.1421127347,22.214035850433,21.625832943553,21.769085749971,654731169.96134
2012-10-26,21.765525199687,21.928954457712,21.105517862085,21.571237839202,1018198232.0327
2012-10-31,21.246040913284,21.498009188366,20.991224197976,21.262538129599,510001892.2009
2012-11-01,21.365081977772,21.533970746232,21.220998376289,21.303365772853,361447767.46047
2012-11-02,21.282477211188,21.318676139073,20.526809755963,20.599088926723,599372219.99836
2012-11-05,20.839900810916,20.993479213156,20.626623848918,20.879422919065,529202977.58132
2012-11-06,21.079881900042,21.097328596432,20.717773936182,20.816519864052,374752800.73465
2012-11-07,20.492554758717,20.51913747221,19.847835347478,19.929001232675,792630541.77663
2012-11-08,20.022808674955,20.079872899919,19.116279072162,19.20677844343,1055320164.5631
2012-11-09,19.303185084363,19.81534536432,19.060750737311,19.536994817705,929792854.64663
2012-11-12,19.789944104761,19.801522353304,19.239386571981,19.387659040573,515647145.42166
2012-11-13,19.248601912659,19.657975700444,19.157039232851,19.390021948439,533028129.50101
2012-11-14,19.482884227573,19.55223557344,19.150068654646,19.174406605666,476863883.78103
2012-11-15,19.19744495736,19.269277356486,18.664372942789,18.771885250692,789461318.75793
2012-11-16,18.756998931136,18.928664187602,18.061477000778,18.846316848471,1266890783.6262
2012-11-19,19.313463733581,20.268787383806,19.283218512896,20.203689272098,822597817.69912
2012-11-20,20.425330029929,20.426511483862,19.80494856971,20.032969178779,642543863.78881
2012-11-21,20.151587153653,20.264297858861,19.877962422769,20.061087782385,373059723.86062
2012-11-23,20.257209135263,20.427692937795,20.095113655655,20.410207419587,272826334.56626
2012-11-26,20.566513774923,21.070758313529,20.487947088378,21.05469054004,629567475.48306
2012-11-27,21.05469054004,21.085999069264,20.717149151381,20.886333354587,532966386.93284
2012-11-28,20.616489276289,20.921422536397,20.436671987686,20.819226771192,520930499.11463
2012-11-29,21.07902849106,21.221748126166,20.903818872795,21.047601816442,514373128.7563
2012-11-30,20.937608455279,21.013103361598,20.809893285122,20.905000326728,390970731.14485
2012-12-03,21.200836391552,21.234625974036,20.910907596393,20.935363692807,364022870.45334
2012-12-04,20.777757738144,20.778939192077,20.432418753527,20.56533232099,557504814.70405
2012-12-05,20.318644739779,20.330222988323,19.243876096927,19.243876096927,1043818803.7225
2012-12-06,18.889085480846,19.759817029469,18.524016215548,19.543965395909,1176724942.1793
2012-12-07,19.763243245875,19.827041758257,18.928664187602,19.043265219103,787310538.32628
2012-12-10,18.750146498325,19.233479302316,18.62609383536,18.921693609397,630240140.72866
2012-12-11,19.278492697164,19.627612334366,19.191537687695,19.336502085274,591296938.02327
2012-12-12,19.56405011277,19.572083999515,19.153613016445,19.252146274458,486860362.41645
2012-12-13,18.96906991211,19.202170773092,18.777674374964,18.916967793665,624936635.59403
2012-12-14,18.383659488307,18.5054673888,18.056751185046,18.20620510757,1009155364.1621
2012-12-17,18.175251014526,18.571510663655,17.900326684316,18.532168247686,758163542.37657
2012-12-18,18.750146498325,19.103519369686,18.580726004332,19.06642171619,625077469.69289
2012-12-19,18.980766306047,19.059569283378,18.767277580353,18.797759091825,449047648.13951
2012-12-20,18.928664187602,18.935516620413,18.534531155552,18.631882959631,474666786.68948
2012-12-21,18.304856510976,18.559932415111,18.221327717913,18.548236021175,596372635.71447
2012-12-24,18.585451820064,18.723445639439,18.527560577347,18.57848124186,175747899.43125
2012-12-26,18.538075517351,18.552843691513,18.25381770107,18.321278720645,302184937.58166
2012-12-27,18.340772710539,18.438242660012,18.023197893348,18.395474027638,454793599.64076
2012-12-28,18.223690625779,18.373144548304,18.145950956987,18.199470820152,354054298.11123
2012-12-31,18.216601902181,19.121004887894,18.178677230932,19.005104257067,659006153.56305
2013-01-02,19.778247710824,19.820071180052,19.343590808872,19.608945362225,560237683.84927
2013-01-03,19.555779935239,19.632338150098,19.322560928865,19.360958181687,352671653.42711
2013-01-04,19.177714676679,19.238205118048,18.778855828897,18.822924060598,593974041.13465
2013-01-07,18.643343062781,18.901845183322,18.401145006516,18.709622628423,483748439.13506
2013-01-08,18.899482275456,18.995888916389,18.616760349289,18.760425147542,458170173.10551
2013-01-09,18.666735850655,18.750146498325,18.428791028548,18.46825158991,407381991.42203
2013-01-10,18.875380615223,18.881051594102,18.412841400453,18.694263727294,600657795.59974
2013-01-11,18.614397441423,18.761606601475,18.538075517351,18.583088912198,350544106.23311
2013-01-14,17.953610256695,18.123739623047,17.80415633417,17.920056964997,733701721.90884
2013-01-15,17.797067610572,17.820342253052,17.263759305214,17.352959077156,875617529.47137
2013-01-16,17.666162514795,18.193681695881,17.590903899263,18.074354848647,690333155.79829
2013-01-17,18.224872079712,18.241176143987,17.929154160281,17.953610256695,452841066.46485
2013-01-18,17.80415633417,17.937306192419,17.728779573244,17.857321761155,472979227.87376
2013-01-22,18.019771676943,18.136499325523,17.738113059315,18.027687418294,460641407.84302
2013-01-23,18.171706652727,18.393111119772,18.027687418294,18.356958629422,857768823.38903
2013-01-24,16.429180246941,16.632272178024,16.079115446593,16.089512241203,1460118608.7855
2013-01-25,16.132280873578,16.293431190039,15.535292201231,15.710501819496,1207594058.597
2013-01-28,15.637606111829,16.186982190676,15.566718875849,16.065174290183,784779703.29626
2013-01-29,16.374951511416,16.437332279079,16.14740348392,16.365618025346,570812360.22979
2013-01-30,16.320013903532,16.522987689222,16.23187744013,16.315406233193,416980929.37738
2013-01-31,16.318832449599,16.402243097269,16.248417795192,16.26696662194,319165698.69268
2013-02-01,16.396453972997,16.4105132748,16.011772572411,16.200923347085,539300810.80748
2013-02-04,16.211201996302,16.283388831609,15.786705598174,15.797338683571,476869037.60026
2013-02-05,15.858892433481,16.418783452331,15.794975775705,16.350613560397,573061173.26074
2013-02-06,16.301465076784,16.65861860073,16.164889002129,16.333009896795,593170777.48341
2013-02-07,16.545062587856,16.785974748983,16.218638942916,16.721488753635,702537428.11197
2013-02-08,16.927397587597,17.100417389323,16.7225459011,16.963575523056,632834421.23822
2013-02-11,17.016080513804,17.317132619591,16.901908587614,17.141998522935,517113192.57092
2013-02-12,17.125906389305,17.227392545919,16.705279159176,16.711152200647,608061312.49608
2013-02-13,16.686602887299,16.91471181802,16.543887979562,16.679790159193,474947529.98592
2013-02-14,16.589697703033,16.844470242031,16.571256352815,16.66452025137,355375326.46804
2013-02-15,16.745333302006,16.791612868795,16.427249375954,16.435354173184,391793331.69891
2013-02-19,16.467773362102,16.526503776809,16.209242076563,16.429598592543,435600640.27741
2013-02-20,16.346671246977,16.346671246977,16.02964446839,16.030819076684,476023721.94397
2013-02-21,15.928158311777,16.042212777137,15.814103846416,15.930507528365,446761617.99694
2013-02-22,16.04573660202,16.128781408415,15.948948878583,16.100238426868,330418963.44355
2013-02-25,16.209242076563,16.253524809252,15.805999049187,15.812929238122,372096510.11546
2013-02-26,15.851221468511,16.126432191827,15.63109987419,16.035400049031,501006893.90568
2013-02-27,16.015784090519,16.158968841574,15.735874934027,15.876475546835,587167503.79189
2013-02-28,15.857916735788,15.995110984543,15.764652837233,15.764652837233,322396506.89607
2013-03-01,15.643903104596,15.650598371873,15.356593915851,15.373860657775,552035572.40158
2013-03-04,15.278247542632,15.293282528797,14.963452519804,14.999395533605,581912698.39776
2013-03-05,15.052252906841,15.543591556277,15.025824220223,15.397000441169,638077958.19497
2013-03-06,15.518924782101,15.54699792033,15.158320035801,15.201075777708,460105728.60664
2013-03-07,15.161843860684,15.428245021793,15.037452842335,15.377267021828,468152781.43881
2013-03-08,15.349663726916,15.552753500972,15.307142906668,15.417791007976,391513844.48463
2013-03-11,15.346257362863,15.67914135342,15.183691574955,15.638030063126,474233341.26089
2013-03-12,15.558274159954,15.674677841903,15.270142745403,15.301269865197,465909791.14736
2013-03-13,15.301269865197,15.517867634636,15.19062176389,15.297746040315,405815191.65193
2013-03-14,15.458080072464,15.522448606983,15.372686049481,15.446451450352,303875049.05464
2013-03-15,15.640379279714,15.863672316429,15.61712203549,15.84546588787,643959091.53491
2013-03-18,15.765827445528,16.338683910577,15.757722648298,16.275372523523,606196297.57073
2013-03-19,16.41209692896,16.463309850584,16.018133307108,16.230150104199,526773295.48069
2013-03-20,16.337509302283,16.345496638683,16.056190615837,16.144873542045,308660653.77756
2013-03-21,16.080505007526,16.357242721624,16.075924035179,16.168013325439,383253650.81117
2013-03-22,16.233673929081,16.503363993414,16.181991164139,16.49631634365,395104363.99744
2013-03-25,16.595570744504,16.783625532395,16.491852832132,16.555164219186,501133647.65051
2013-03-26,16.62235181361,16.637151878116,16.448274864419,16.47012257869,294293658.34234
2013-03-27,16.301448827653,16.314252058059,16.097889210279,16.144873542045,331409176.10066
2013-03-28,16.066527168826,16.136651283986,15.771465565339,15.808348265775,442982446.65772
2013-04-01,15.791081523851,15.846640496164,15.275898326044,15.318536607121,389440175.32006
2013-04-02,15.271317353697,15.649541224408,15.22867907262,15.349663726916,529634911.57584
2013-04-03,15.406162385864,15.618296643784,15.367047929669,15.427070413499,363023281.1478
2013-04-04,15.491556408847,15.536543906513,15.187215399837,15.27472371775,358479389.34433
2013-04-05,15.161843860684,15.17664392519,14.986709764028,15.114742068089,383024729.39001
2013-04-08,15.174412169431,15.267793528815,15.089018146447,15.223040952808,300936224.24194
2013-04-09,15.227504464326,15.303619081786,15.098297551971,15.249469639426,306670260.88516
2013-04-10,15.293282528797,15.610074385725,15.214936155579,15.561797984836,375763148.62084
2013-04-11,15.491556408847,15.643903104596,15.399232196928,15.511994593165,328441980.97918
2013-04-12,15.506356473353,15.506356473353,15.324409648592,15.349663726916,238628823.2424
2013-04-15,15.25064424772,15.281536445856,14.982011330852,14.992582805499,317157735.78341
2013-04-16,15.0544846626,15.235726722385,15.020068639582,15.224215561102,305260653.09653
2013-04-17,15.00844001747,15.021243247876,14.218046096347,14.386250004067,944730506.79247
2013-04-18,14.463421768992,14.493491741321,13.91910828549,14.000861022762,666055646.72664
2013-04-19,13.855092133459,14.270903469583,13.753371055187,13.947298884549,609085046.1152
2013-04-22,14.035981810756,14.364519750625,13.974784718632,14.23754459403,429664526.90684
2013-04-23,14.428653363485,14.584523884117,14.242243027206,14.506060050069,660684494.46123
2013-04-24,14.055597769268,14.830839243397,14.01718807805,14.481863119209,969723140.63185
2013-04-25,14.685892579901,14.784912059096,14.534720492446,14.584523884117,384039703.49325
2013-04-26,14.635032040765,14.95440803594,14.578768303476,14.901433201874,764147491.11033
2013-04-29,15.018894031288,15.486857975671,14.998220925311,15.360117740734,640016740.69069
2013-04-30,15.540067731395,15.900672477694,15.430594238382,15.811754629828,691145677.29017
2013-05-01,15.871894574488,15.888926394753,15.514343809753,15.690535053874,506995371.11559
2013-05-02,15.778278293445,16.02165713199,15.734935247392,15.911126491512,421919034.17923
2013-05-03,16.118444855427,16.186689597316,16.041038168843,16.071225602002,361450741.59634
2013-05-06,16.275372523523,16.506887818297,16.224277062728,16.455322514184,496393586.62097
2013-05-07,16.606142219151,16.633745514063,16.203603956751,16.381322191654,483437817.38625
2013-05-08,16.394947647866,16.620120057851,16.278896348405,16.564443624709,472387375.239
2013-05-09,16.421333688849,16.535805068736,16.271272328467,16.314563747364,398541592.24664
2013-05-10,16.356221527812,16.41783303503,16.089121641409,16.177221429192,334680401.86695
2013-05-13,16.124594933443,16.353887758599,16.123428048837,16.241516771004,316960474.90355
2013-05-14,16.209310755867,16.257853155493,15.789115609105,15.852244066311,446914306.81562
2013-05-15,15.684912813754,15.750491728634,15.083850553001,15.315243770449,741361954.95286
2013-05-16,15.116056568138,15.635903660286,14.958993900117,15.521432280399,603353966.74418
2013-05-17,15.681412159935,15.717118828891,15.394241858302,15.473356634615,427960379.51311
2013-05-20,15.425047611911,15.922023765773,15.36098564702,15.817820970422,451093034.49211
2013-05-21,15.647455817889,15.91047160817,15.507429665122,15.702066017468,456200608.94064
2013-05-22,15.859011997028,16.012457322769,15.649672898641,15.761693820855,443173954.96242
2013-05-23,15.570441433867,15.935559627208,15.564723699296,15.789115609105,353141063.59989
2013-05-24,15.744773994062,15.917472915808,15.726220528821,15.899269515949,276218514.01082
2013-05-28,16.067534276191,16.110825695088,15.744773994062,15.764027590068,385840450.31812
2013-05-29,15.713618175072,15.982701765306,15.692964317538,15.891101323704,330642844.10486
2013-05-30,15.917472915808,16.23358195568,15.875115004596,16.126928702656,353588445.45508
2013-05-31,16.161585175466,16.326115904967,16.053881726296,16.061699853159,384207850.15392
2013-06-03,16.097056456732,16.155867440895,15.803001535921,16.097056456732,372177070.14098
2013-06-04,16.186323129121,16.230081301861,15.978150915341,16.046880418657,297487023.22246
2013-06-05,15.917472915808,16.097056456732,15.846409643279,15.896935746736,290283856.81342
2013-06-06,15.91047160817,15.965548561592,15.502762126696,15.65865791011,416982959.86954
2013-06-07,15.590861914479,15.829256439565,15.457136938586,15.777680139963,404653477.65581
2013-06-10,15.88316650838,16.038712226413,15.60019699133,15.674527540757,450233756.72419
2013-06-11,15.563556814689,15.812219924312,15.475457026907,15.626801960356,286150251.85062
2013-06-12,15.696348282897,15.75714297089,15.412328569701,15.436716457974,265222742.08127
2013-06-13,15.448151927117,15.611865837394,15.31174311663,15.570441433867,285964154.6146
2013-06-14,15.551187837862,15.582927099156,15.3026414167,15.358768566267,271892686.09917
2013-06-17,15.409994800488,15.562389930083,15.37020403541,15.42854826573,259418750.01308
2013-06-18,15.412328569701,15.532867749541,15.364369612378,15.420380073485,195053059.01972
2013-06-19,15.407777719736,15.416879419666,15.106838179747,15.106838179747,310969130.97657
2013-06-20,14.975096907685,15.214424940457,14.827369316516,14.885830235296,357378014.68564
2013-06-21,14.945574727144,15.000184926723,14.574272045389,14.770425347724,481186514.86507
2013-06-24,14.549184026352,14.595042591383,14.21475489816,14.377418612291,480557200.71012
2013-06-25,14.48862271528,14.564120149314,14.243460259477,14.379752381504,314258306.25489
2013-06-26,14.425377569614,14.456416700144,14.131205960342,14.21475489816,367819104.51855
2013-06-27,14.258396382439,14.336110897224,14.055708526308,14.064926914699,337290726.81537
2013-06-28,14.059209180127,14.379752381504,13.970059196199,14.244627144083,575191484.50733
2013-07-01,14.382086150716,14.72585035576,14.329226278047,14.615579760456,391118557.48164
2013-07-02,14.64195135256,15.058645845503,14.624798148846,14.945574727144,469967351.5234
2013-07-03,15.030290549568,15.105671295141,14.907417600515,15.028073468816,240928636.35334
2013-07-05,15.014187542,15.11839033735,14.831920166481,14.906367404369,274053974.35868
2013-07-08,15.003685580542,15.035658218757,14.667039371598,14.823868662697,298176642.39782
2013-07-09,14.772525740015,15.126325152674,14.657704294746,15.083850553001,352620234.03656
2013-07-10,14.985365492222,15.170900144638,14.937406534899,15.026906584209,281159901.50398
2013-07-11,15.104621098995,15.293423028309,15.041375953328,15.259116620881,326319617.9929
2013-07-12,15.272769170776,15.349433489416,15.122941187315,15.232861717238,279619483.54821
2013-07-15,15.178834959962,15.409994800488,15.170900144638,15.264951043913,241952167.7235
2013-07-16,15.232861717238,15.382806389159,15.149196090959,15.364369612378,216274526.73326
2013-07-17,15.346049524058,15.437883342581,15.293423028309,15.369037150804,199001374.02427
2013-07-18,15.477674107659,15.530533980328,15.37930573534,15.419213188879,218914055.08347
2013-07-19,15.46880578465,15.499378161338,15.155964021676,15.176617879209,268760545.20026
2013-07-22,15.337998020274,15.34826660481,15.196221540597,15.224810213453,207892967.02597
2013-07-23,15.214424940457,15.248731347885,14.953276165546,14.962494553936,367537881.3383
2013-07-24,15.67686130997,15.878498969955,15.546636987897,15.732054951853,591952509.45602
2013-07-25,15.740106455637,15.762860705461,15.565890583902,15.660991679323,229642918.01594
2013-07-26,15.547687184042,15.750491728634,15.512097203547,15.750491728634,200206799.98695
2013-07-29,15.743607109456,16.07103493001,15.72061948271,15.993203726763,248232162.30039
2013-07-30,16.068701160797,16.32844967418,16.043379764838,16.189823782941,309337596.04195
2013-07-31,16.249684963249,16.335450981818,16.051547957083,16.161585175466,322705115.77315
2013-08-01,16.272439213073,16.314563747364,16.187490013728,16.311063093545,206109723.85986
2013-08-02,16.357155035497,16.529970645704,16.309896208938,16.519935438089,274275242.1675
2013-08-05,16.596599756729,16.809322820475,16.506282888194,16.767314974645,318667737.97745
2013-08-06,16.716672182727,16.853197681675,16.506282888194,16.615736664274,334881656.55718
2013-08-07,16.565443937739,16.67886512148,16.491113388311,16.60581814512,298789288.23793
2013-08-08,16.566215562966,16.575257561006,16.354308224283,16.465942123162,255867784.19428
2013-08-09,16.379463526523,16.445191896891,16.202912718638,16.232936789053,267487976.02959
2013-08-12,16.315937694139,16.736854295209,16.307823080513,16.68978953618,364208060.82999
2013-08-13,16.818580046725,17.665977555351,16.713901530953,17.483978364032,880316234.94406
2013-08-14,17.779466223059,18.00934163477,17.622738257031,17.802303064263,755951867.57552
2013-08-15,17.729735233839,17.942338110832,17.466937675418,17.780509530525,490130949.96966
2013-08-16,17.861423820679,17.964015721518,17.814938676909,17.940019649796,362032640.18592
2013-08-19,18.011660095806,18.346098100236,18.000183713678,18.134654453761,510262228.12229
2013-08-20,18.205019746201,18.235855277979,17.885535815452,17.895852967062,358287093.52135
2013-08-21,17.985577409152,18.114020150541,17.90025804303,17.941178880314,335555245.46196
2013-08-22,18.034381013958,18.057333778213,17.790826682135,17.964015721518,243964572.72231
2013-08-23,17.974332873128,17.976651334164,17.833370442144,17.893534506026,222495607.21935
2013-08-26,17.883217354416,18.221017127349,17.873943510273,17.964015721518,330801646.48864
2013-08-27,17.783987222079,17.946859109852,17.369098619702,17.448621833234,423925355.12795
2013-08-28,17.357738160626,17.707941700101,17.357738160626,17.532781968838,307336161.77388
2013-08-29,17.557937271078,17.732053694875,17.539737351946,17.560255732114,239486808.44714
2013-08-30,17.673860322873,17.707941700101,17.477254827028,17.501134975698,270774063.60319
2013-09-03,17.611261874904,17.877421201826,17.405614381018,17.448621833234,332051854.25798
2013-09-04,17.841369132718,17.936657881294,17.723939081249,17.809142524319,344570106.47375
2013-09-05,17.864901512233,17.88089889338,17.630736947605,17.688582550451,236129472.74926
2013-09-06,17.798825372709,17.835572980128,17.497657284144,17.791985912653,359089520.63623
2013-09-09,18.034381013958,18.141493913817,17.982331563702,18.077620312278,340109767.55072
2013-09-10,18.078779542796,18.123062148582,17.481775826048,17.664818324833,742480814.35694
2013-09-11,16.678429077104,16.918737563476,16.60134024766,16.703468456292,898146282.27272
2013-09-12,16.731058142619,16.979944934824,16.644695469031,16.882105879109,403697216.17132
2013-09-13,16.761777751345,16.851386270383,16.597862556106,16.604817939213,298678882.7905
2013-09-16,16.464782892644,16.486576426382,15.972457691668,16.075629207766,548077224.6402
2013-09-17,15.998192609167,16.418297748874,15.982427074122,16.260178706225,399179126.00817
2013-09-18,16.54198764514,16.656171851159,16.453306510517,16.596703325588,455900506.25262
2013-09-19,16.810581356151,16.99385570104,16.757256752325,16.867499574583,403838499.54633
2013-09-20,17.071060453536,17.089376295719,16.643536238513,16.692107997216,698622958.4668
2013-09-23,17.718258851711,17.748051076023,17.237410032863,17.522464817228,761115948.32329
2013-09-24,17.673860322873,17.695306087455,17.421379916062,17.468096905936,362776867.48725
2013-09-25,17.479457365012,17.487456055586,17.193707042336,17.197184733889,316766357.77948
2013-09-26,17.357738160626,17.447578525768,17.283547407477,17.366780158667,236734726.8287
2013-09-27,17.277983100991,17.311137093805,17.169942816717,17.242974339349,227850750.05232
2013-09-30,17.144091976167,17.304181710697,17.041384152276,17.125776133983,258286962.22364
2013-10-01,17.085898604166,17.469256136454,17.08358014313,17.425900915082,353333252.23522
2013-10-02,17.344059240515,17.563617500616,17.276823870473,17.483978364032,288464966.907
2013-10-03,17.517943818208,17.584019957732,17.169942816717,17.265463411397,322604217.37269
2013-10-04,17.281344869493,17.308818632769,17.090419603186,17.252016337389,258754621.58181
2013-10-07,17.37929984826,17.595380416808,17.335017242474,17.419177378078,311822306.60827
2013-10-08,17.496498053626,17.522464817228,17.162175972247,17.176666353722,290125430.43879
2013-10-09,17.311137093805,17.419177378078,17.080218374628,17.380459078778,301520568.67521
2013-10-10,17.546692735053,17.58517918825,17.395297229408,17.487456055586,277725687.87047
2013-10-11,17.392978768372,17.637576407661,17.32829370547,17.599901415828,267463843.64214
2013-10-14,17.493252208176,17.769496840605,17.477254827028,17.715940390675,261547701.94835
2013-10-15,17.767294302621,17.92865919072,17.696465317973,17.808099216853,319328845.52802
2013-10-16,17.885535815452,17.94801834037,17.828733520072,17.896896274528,250460766.43301
2013-10-17,17.855975437244,18.026382323384,17.844846824272,18.017456248396,252854140.27628
2013-10-18,18.071012698325,18.189370134209,18.061854777233,18.176734521563,290296990.79449
2013-10-21,18.275732807796,18.725050556557,18.268893347741,18.620256117733,396270918.4103
2013-10-22,18.801327924638,18.875170908632,18.146130835889,18.566931513907,533708528.5595
2013-10-23,18.533777521094,18.773738238311,18.533777521094,18.748698859123,313402353.86516
2013-10-24,18.749858089641,19.017292570133,18.657699263463,18.996774189966,384414458.64057
2013-10-25,18.976255809798,19.043491179839,18.753335781195,18.78533054349,337574911.06232
2013-10-28,18.8956892888,18.965938658188,18.685057103687,18.926292974474,547719333.78625
2013-10-29,19.152574771579,19.259571748386,18.375658478444,18.453211000096,635736417.89463
2013-10-30,18.548615671723,18.840973608352,18.465498843586,18.746496321139,354107556.38448
2013-10-31,18.860332758002,18.950173123144,18.726209787074,18.777215929865,274094865.58379
2013-11-01,18.728412325059,18.743018629585,18.422259545266,18.572611743445,274763359.02663
2013-11-04,18.609938966123,18.816050152216,18.527053984089,18.81373169118,244276271.72816
2013-11-05,18.734208477648,18.89116828978,18.678333566683,18.76597139384,265345359.04226
2013-11-06,18.720085246109,18.745209783347,18.506526679581,18.602530071873,223171277.03371
2013-11-07,18.555162251667,18.686432196229,18.29953737279,18.302879627744,262410063.12721
2013-11-08,18.378944740485,18.611750085539,18.306221882698,18.591466055475,278877214.42525
2013-11-11,18.57106677524,18.630881613895,18.372029730236,18.536030723311,227101054.28942
2013-11-12,18.487395151225,18.710980482614,18.463768866207,18.57106677524,204323758.76483
2013-11-13,18.504221676165,18.650128392421,18.462616364499,18.59365580872,196951759.27916
2013-11-14,18.671680174365,18.903678768223,18.637681373973,18.86380220912,282351343.76628
2013-11-15,18.808366876956,18.895726506436,18.732762764899,18.749704540009,317775808.39823
2013-11-18,18.749704540009,18.831301660949,18.506526679581,18.521278701446,244611250.46233
2013-11-19,18.534878221603,18.693347206479,18.497421916086,18.554009749959,208880220.55807
2013-11-20,18.542830483389,18.585818797105,18.368572225111,18.393466262008,193950384.98581
2013-11-21,18.484052896271,18.614055088955,18.346098441801,18.611750085539,261920239.12435
2013-11-22,18.55285724825,18.647823389005,18.517821196321,18.564382265332,223514227.50154
2013-11-25,18.607140078706,18.783703340401,18.605987576998,18.705678974756,229325601.96842
2013-11-26,18.716627740984,19.148931131726,18.714322737568,19.050276985505,400857874.41139
2013-11-27,19.154463139925,19.501942404944,19.050276985505,19.499637401527,362965626.8861
2013-11-29,19.624914337207,19.939316803201,19.564984248382,19.86025518602,318128845.61901
2013-12-02,19.928252786803,20.155295623316,19.672512657756,19.68726467962,472376702.03165
2013-12-03,19.938164301493,20.22767273059,19.916727769721,20.225367727174,450365111.229
2013-12-04,20.196094183786,20.329553881594,20.027367933707,20.179267658846,377432056.6376
2013-12-05,20.452756314199,20.540922694876,20.22767273059,20.281840310875,447057416.34845
2013-12-06,20.207158200184,20.241387500918,19.982420367088,20.000745144248,344048159.04628
2013-12-09,20.030825438831,20.343153401751,20.030825438831,20.228825232298,320223128.84901
2013-12-10,20.127059331465,20.281840310875,20.040967453864,20.198283937031,277640521.24738
2013-12-11,20.250607514583,20.392710975203,19.986915123749,20.047767213942,359473594.75165
2013-12-12,20.079691511259,20.190677425757,20.000745144248,20.018493670554,262116148.59537
2013-12-13,20.101243293202,20.10239579491,19.774278558589,19.802399600268,332462675.13321
2013-12-16,19.823029380845,20.093406281586,19.821876879137,19.910043259813,282337477.40939
2013-12-17,19.850113170988,19.977925610426,19.764251793727,19.820724377429,229475507.16923
2013-12-18,19.632981849165,19.696254192944,19.241592269064,19.671360156047,565465567.96367
2013-12-19,19.621456832083,19.643123864197,19.419308032467,19.445008820559,320619974.2478
2013-12-20,19.480160122659,19.700518449265,19.458493090545,19.609240313976,435781848.67886
2013-12-23,20.286335067537,20.383721461879,20.097785788077,20.36136292874,500815231.68165
2013-12-24,20.354563168662,20.424520022349,20.215225712142,20.275155800967,167554994.17307
2013-12-26,20.288524820782,20.340963648505,20.120259571387,20.138008097693,203818149.10208
2013-12-27,20.135933594618,20.157600626732,19.980115363671,20.002934897493,225644545.38529
2013-12-30,19.908890758105,20.002934897493,19.725758236674,19.805857105393,253346648.36106
2013-12-31,19.792142335066,20.044309708817,19.785227324816,20.034167693785,223195463.54884
2014-01-02,19.845733664496,19.89413873624,19.7153857213,19.755147030233,235048252.05487
2014-01-03,19.746042266738,19.775431060297,19.300485106352,19.319616634708,392909438.46989
2014-01-06,19.19180419527,19.528910944915,19.057191995754,19.426107792545,413017667.23462
2014-01-07,19.440629314068,19.499637401527,19.209783221918,19.286770336025,318323264.41979
2014-01-08,19.241592269064,19.4859226312,19.237097512402,19.410088018801,258635680.86895
2014-01-09,19.528910944915,19.531100698161,19.120464339533,19.161262900003,279234026.91158
2014-01-10,19.277780822701,19.313969376338,18.967873113369,19.033565710736,305180187.15372
2014-01-13,18.926267801703,19.375051966872,18.926267801703,19.134179109861,379036537.55669
2014-01-14,19.220155737292,19.526605941499,19.199641206886,19.515657175271,334583432.07668
2014-01-15,19.769899052098,20.006277152447,19.702823452681,19.906585754689,393096412.59624
2014-01-16,19.818419374012,19.88849147787,19.702823452681,19.794447338482,229558211.60196
2014-01-17,19.696254192944,19.716538223008,19.281123077655,19.309359369505,433342522.14249
2014-01-21,19.316274379755,19.64635086898,19.300485106352,19.611430067222,328599766.32504
2014-01-22,19.675854912709,19.903243499735,19.564984248382,19.697291444482,380533802.14878
2014-01-23,19.641971362489,19.874776707543,19.457340588837,19.863597440973,403468396.35563
2014-01-24,19.785227324816,19.84342866108,19.456303337299,19.503094906652,432691235.47222
2014-01-27,19.659950389136,19.814961868888,19.492837641449,19.661102890845,570901860.12313
2014-01-28,18.169650430278,18.393466262008,17.929699574633,18.090473562925,1066228660.894
2014-01-29,18.002191932078,18.120899608021,17.806497142027,17.884636757843,503264725.66499
2014-01-30,17.949176853501,18.090473562925,17.738960541928,17.849600705914,678836769.99455
2014-01-31,17.686521714205,17.911720547985,17.626822125721,17.877952247935,465037564.10248
2014-02-03,17.951366606747,18.134614378349,17.831391178924,17.911720547985,402148531.06676
2014-02-04,18.067769279274,18.194313966833,17.957013865117,18.169650430278,376851578.53918
2014-02-05,18.091626064633,18.40360827704,18.082636551309,18.306221882698,328773257.60802
2014-02-06,18.216543487515,18.337981764426,18.134515368394,18.303268747536,257856597.3312
2014-02-07,18.610988758651,18.677550682128,18.477521218461,18.55943477317,374369117.63306
2014-02-10,18.501006922958,19.000049502415,18.499861278836,18.893504599087,345634933.62812
2014-02-11,18.950443111941,19.203515898446,18.911262082975,19.140734600572,282469477.07581
2014-02-12,19.17533305305,19.269848693099,19.04392767228,19.138443312328,308244694.21182
2014-02-13,19.093190369517,19.458765408784,19.075432885629,19.443986599612,307632662.96524
2014-02-14,19.375706209953,19.501268805702,19.32930762302,19.429207790441,273732142.49737
2014-02-18,19.496800793627,19.685717509312,19.487177383004,19.501268805702,260963188.57736
2014-02-19,19.455328476418,19.531742939342,19.081046541826,19.191257506343,314099245.26512
2014-02-20,19.029377991933,19.177624341294,18.893504599087,18.969919062011,305998230.45311
2014-02-21,19.022618691614,19.089868001564,18.736895047637,18.758433157127,278919506.43257
2014-02-24,18.685226497744,18.925926327734,18.659449505003,18.840346711836,289090627.44498
2014-02-25,18.909085359144,18.913553371219,18.607551826286,18.646045468778,232603132.09757
2014-02-26,18.730250311731,18.751559292396,18.413365147641,18.47637557434,276364713.94133
2014-02-27,18.468356065487,18.885714219059,18.429060472109,18.844700159498,302060301.63722
2014-02-28,18.895795887331,19.027201268101,18.648336757022,18.795552026673,372138383.89003
2014-03-03,18.679841970371,18.951588756062,18.674228314175,18.848137091864,239032561.49876
2014-03-04,18.964190841402,19.022618691614,18.848137091864,18.973241429965,259365155.6759
2014-03-05,18.960753909037,19.095481657761,18.897972611162,19.01345353864,200171394.96999
2014-03-06,19.028232347811,19.084368909779,18.860624612792,18.955025688428,185553052.6058
2014-03-07,18.989051318845,19.000049502415,18.787876211057,18.943798376034,221477175.30397
2014-03-10,18.870820845476,19.047250040233,18.870820845476,18.960753909037,178765695.29996
2014-03-11,19.122633423447,19.239603688283,19.021473047492,19.144056968525,280795271.30501
2014-03-12,19.086545633611,19.190111862221,19.000049502415,19.163074660947,200781829.73476
2014-03-13,19.193319665762,19.273171061052,18.899118255284,18.951588756062,257740188.58134
2014-03-14,18.885714219059,18.959608264915,18.679841970371,18.740331980002,237194065.61691
2014-03-17,18.830265043564,18.928103051566,18.779856702205,18.813653203798,199544445.47814
2014-03-18,18.782147990448,18.998903858293,18.757287513005,18.978855086161,209629819.9676
2014-03-19,19.010016606274,19.149670624722,18.893504599087,18.974387074086,224678542.92783
2014-03-20,18.929134131275,19.023764335736,18.832441767395,18.882277286694,208395649.62351
2014-03-21,18.997872778583,19.059852125573,18.798874394626,19.031554715764,374448655.42168
2014-03-24,19.229522020011,19.303759759104,19.106938098979,19.257475736583,355699594.00614
2014-03-25,19.339389291292,19.492561910377,19.270879772808,19.464493629393,282293420.65815
2014-03-26,19.518453467529,19.607240886969,19.24418626477,19.277753637539,299767995.54493
2014-03-27,19.282336214026,19.339389291292,19.10911482281,19.194465309884,222030692.7427
2014-03-28,19.224939443524,19.247279503899,19.077609609461,19.173156329219,200564307.56076
2014-03-31,19.258621380705,19.314987071498,19.138443312328,19.167542673022,168327280.11287
2014-04-01,19.204661542568,19.352793327517,19.169833961265,19.345002947489,200548439.6314
2014-04-02,19.372269277588,19.410419226844,19.29459460613,19.377997498197,179954993.0706
2014-04-03,19.336066923339,19.376851854075,19.200193530493,19.241894976527,162564357.86297
2014-04-04,19.28565858198,19.28565858198,18.949412032231,18.99351933092,275139110.83014
2014-04-07,18.866238268988,18.960753909037,18.63928616846,18.697599454259,289530500.51762
2014-04-08,18.756141868883,18.79119857901,18.525638271577,18.696453810137,243834794.49181
2014-04-09,18.662886437369,18.945975099866,18.644899824656,18.940361443669,206022745.20383
2014-04-10,18.952734400184,19.008870962153,18.685226497744,18.697599454259,239548274.00385
2014-04-11,18.547061816655,18.674228314175,18.468356065487,18.557143484927,271837436.31532
2014-04-14,18.635849236094,18.649482401144,18.470647353731,18.631495788431,205714006.22175
2014-04-15,18.582118526782,18.63035014431,18.261567301502,18.498715634715,266349875.31765
2014-04-16,18.501006922958,18.610988758651,18.361582033335,18.534688860139,214780529.41367
2014-04-17,18.577535950295,18.848137091864,18.54259380458,18.748236924443,284372174.39562
2014-04-21,18.76175552508,19.005548594199,18.715815195796,18.971064706133,182567784.37554
2014-04-22,18.868529557232,18.99351933092,18.804602615235,18.989051318845,202597574.22331
2014-04-23,18.896941531453,18.968773417889,18.732427035562,18.743654347956,391834570.14073
2014-04-24,20.294054537988,20.355804756154,20.026202942311,20.278244649108,759580943.54142
2014-04-25,20.162305463981,20.427522078178,20.14122561214,20.425345354347,390044330.95478
2014-04-28,20.456965132109,21.277704580966,20.448029107958,21.217787393396,669148403.42838
2014-04-29,21.204612485996,21.285609525407,21.052585511033,21.155120659934,337057373.79692
2014-04-30,21.16646253674,21.406933237906,21.064041952251,21.074352749347,456695643.99952
2014-05-01,21.142518574594,21.244939159083,20.941687160042,21.12338631776,244093451.60387
2014-05-02,21.160848880543,21.22110976135,21.060605019885,21.163140168786,191366882.46209
2014-05-05,21.075383829056,21.464330008408,21.070915816981,21.462038720164,286772649.33165
2014-05-06,21.492169160568,21.586684800616,21.229129270202,21.229129270202,374417126.43348
2014-05-07,21.25845775972,21.331549854691,20.98991877757,21.155120659934,282616569.00147
2014-05-08,21.008338489345,21.228675401701,20.942488057421,21.000591379707,230075102.90313
2014-05-09,20.87675155358,20.936791653275,20.725568987553,20.913550324361,291495794.98378
2014-05-12,20.981793246026,21.20167444605,20.978375403539,21.172964569156,213235349.69279
2014-05-13,21.14379897993,21.233232525018,21.09572132894,21.205092288538,159695581.93769
2014-05-14,21.159521055372,21.336109583889,21.133659380551,21.209649411854,166244617.79361
2014-05-15,21.23881500108,21.30683006658,21.001730660536,21.028503760021,230618895.07812
2014-05-16,21.021668075046,21.340666707206,20.907967848298,21.339527426376,276273832.53481
2014-05-19,21.351831659331,21.690539849835,21.332691741402,21.593131338943,317523367.15172
2014-05-20,21.589827424539,21.658184274287,21.455734070949,21.59654918143,234530046.64499
2014-05-21,21.563965749717,21.669007442164,21.502672441109,21.654766431799,196873428.62538
2014-05-22,21.66456424693,21.780201251088,21.574219277179,21.688261288176,200770641.57449
2014-05-23,21.688261288176,21.953258009034,21.660348907862,21.931953457529,231998311.77662
2014-05-27,21.986638937328,22.352120227316,21.985613584582,22.344259189595,348737315.53953
2014-05-28,22.357816631462,22.493960690544,22.278522685754,22.286383723475,315546725.44723
2014-05-29,22.423780991469,22.744488544872,22.421502429811,22.691170202068,376280621.98108
2014-05-30,22.784933014307,23.007320632155,22.460921546499,22.608116629624,563850554.28765
2014-06-02,22.641611486001,22.67089100331,22.232609668339,22.451807299866,369168185.08867
2014-06-03,22.444971614891,22.810566832962,22.439616994994,22.767957729952,292795146.2606
2014-06-04,22.764653815548,23.141300057662,22.716690092641,23.029650536406,335376130.47378
2014-06-05,23.079892820971,23.194162688134,22.950470518781,23.121476571235,303625253.89026
2014-06-06,23.211935469068,23.258759911146,23.017346303451,23.056651492057,350174487.97157
2014-06-09,23.17718740378,23.467931871376,22.938052357743,23.423158134791,301229194.96416
2014-06-10,23.683597732332,23.764144886953,23.391941840072,23.560555402785,250913702.47644
2014-06-11,23.531731597808,23.690319489224,23.367333374163,23.463488676142,182540705.22449
2014-06-12,23.505755994904,23.52945303615,22.974737200441,23.074196416825,218786814.12388
2014-06-13,23.05209436874,23.111336971855,22.718968654299,22.8183139426,218032698.91539
2014-06-16,22.877784401882,23.189605564817,22.861948398356,23.05209436874,142165795.17294
2014-06-17,23.078753540142,23.17718740378,22.949331237952,23.020650217856,118834271.1798
2014-06-18,23.068727868845,23.074196416825,22.836200651618,23.046739748843,133989609.14247
2014-06-19,23.074196416825,23.076474978484,22.83392208996,22.964711529145,142034894.17277
2014-06-20,22.96254689557,23.139135424086,22.72329792145,22.726487907772,403407430.58658
2014-06-23,22.82845354198,22.904443573283,22.649358595639,22.705639068598,174701256.18651
2014-06-24,22.686613078752,22.934634515256,22.548874026509,22.570064649931,156112818.23659
2014-06-25,22.553317221742,22.673169564968,22.413527464007,22.589318495943,147431371.35623
2014-06-26,22.592736338431,22.761349901143,22.450668019037,22.72329792145,130433510.50868
2014-06-27,22.70336050694,23.00048494718,22.691170202068,22.996041751946,256046782.7938
2014-06-30,23.025207341172,23.427487401942,23.022928779514,23.231758955495,198308614.71662
2014-07-01,23.379637607118,23.516009522366,23.283596233221,23.379637607118,152781739.62724
2014-07-02,23.463488676142,23.513730960708,23.272317353013,23.370637288568,113860007.71899
2014-07-03,23.415411025153,23.523756632004,23.299090452498,23.505755994904,91567010.812188
2014-07-07,23.533896231383,23.998950665838,23.523756632004,23.993368189776,225604456.27262
2014-07-08,24.068105012167,24.196729817777,23.477957542673,23.838995637427,260727283.74107
2014-07-09,23.861553397844,23.988811066459,23.690319489224,23.849021308724,145678319.82678
2014-07-10,23.438538425984,23.889465778158,23.379637607118,23.761866325294,158681427.24427
2014-07-11,23.842299551832,23.974342199929,23.714814027051,23.806526133797,135998522.96025
2014-07-14,23.966367234125,24.220085074774,23.913846387902,24.11162553984,171064604.10387
2014-07-15,24.196729817777,24.210059403478,23.75856241089,23.832273880535,182454042.65854
2014-07-16,24.237971783792,24.273973057993,23.684737013162,23.694762684458,213809649.71019
2014-07-17,23.75856241089,23.822134281156,23.14357861932,23.272317353013,228967262.79232
2014-07-18,23.404246073027,23.684737013162,23.254316715912,23.6064684202,199797014.20218
2014-07-21,23.748536739593,23.750701373169,23.427487401942,23.482514665989,156018761.53235
2014-07-22,23.670154218549,23.722675064772,23.52945303615,23.680293817928,219990721.85665
2014-07-23,23.855856993698,24.46935972019,23.793310476179,24.296416890327,371474476.8587
2014-07-24,24.258250982551,24.328544609709,24.103992358285,24.255972420892,182845339.50879
2014-07-25,24.210059403478,24.460587257806,24.157652485338,24.416838873967,173809428.66338
2014-07-28,24.455232637909,24.810460400435,24.387787212824,24.755774920636,221016325.87817
2014-07-29,24.832790304686,24.860930541166,24.562211107765,24.595933820308,172434771.98529
2014-07-30,24.611314111501,24.676367046845,24.416838873967,24.538855850768,132007216.44153
2014-07-31,24.288669780689,24.362381250334,23.834552442193,23.901428226864,227140775.46209
2014-08-01,23.724839698347,24.151956081192,23.703649074925,24.03461015579,193996281.11604
2014-08-04,24.09282740616,24.142955762642,23.793310476179,23.899149665206,159748951.57092
2014-08-05,23.842299551832,23.921707425623,23.589607063928,23.780778387058,223601766.55676
2014-08-06,23.688154855649,23.871465141058,23.67801525627,23.73942249296,154095894.10233
2014-08-07,23.733248997687,23.98673135178,23.524205410501,23.619771432191,186646884.62931
2014-08-08,23.565243251369,23.706495046181,23.318109292548,23.686429582552,167384660.9725
2014-08-11,23.818952333865,24.017906507136,23.712049892045,23.996820765695,146197667.43674
2014-08-12,24.009177463636,24.219468057036,23.903408663829,23.99115255563,135136575.96617
2014-08-13,24.034684408927,24.310612874877,24.009177463636,24.310612874877,127597015.94419
2014-08-14,24.333058986733,24.393935562828,24.199062500803,24.375117105413,112385820.69632
2014-08-15,24.476351337168,24.548677697594,24.213799846972,24.496303436596,195652398.61298
2014-08-18,24.623157977844,24.842404343146,24.496303436596,24.788669711733,190176662.06728
2014-08-19,24.851246750847,25.173654539327,24.828914003192,25.133863704673,277440828.2422
2014-08-20,25.114931883057,25.270467567232,24.987963977608,25.143613025984,210544237.31278
2014-08-21,25.143613025984,25.232717288201,25.028094904866,25.14588031001,133864632.10423
2014-08-22,25.072420307572,25.366146953124,25.049294010508,25.329530316106,176584269.73872
2014-08-25,25.451850289302,25.542881742941,25.319440902191,25.384965410539,160801689.52752
2014-08-26,25.354016983586,25.373969083014,25.214805744397,25.222627874286,132515381.65079
2014-08-27,25.252896116032,25.6443427031,25.178075743178,25.532905693228,190502656.5133
2014-08-28,25.398455750493,25.698757519721,25.389499978591,25.560906650947,273736645.65893
2014-08-29,25.705446007597,25.72675847744,25.550817237032,25.625297517282,178296401.06223
2014-09-02,25.765415670081,25.934328330009,25.682999895741,25.822324499131,214141698.37496
2014-09-03,25.773124435769,25.79772446745,24.6456040897,24.735615265527,501330003.22254
2014-09-04,24.713169153671,25.023560336814,24.447330101637,24.530766153789,342621620.02357
2014-09-05,24.700925819932,24.846938911198,24.579739488748,24.743324031215,233709680.81281
2014-09-08,24.82347252153,24.826760083368,24.5142149804,24.591869458287,185256988.18757
2014-09-09,24.769057704909,25.767569589906,24.032417124901,24.498457356421,758872496.06209
2014-09-10,24.502991924472,25.274888771083,24.439507971748,25.24745463437,403136248.28981
2014-09-11,25.103595462928,25.35968519365,24.904527925455,25.357417909625,249471255.27464
2014-09-12,25.300395716374,25.548549953006,25.268200283206,25.415120288083,250686171.4336
2014-09-15,25.705446007597,25.762128108244,25.35968519365,25.408431800207,245142185.82945
2014-09-16,24.949193420765,25.313772692126,24.722011561372,25.214805744397,267508252.63943
2014-09-17,25.316039976152,25.449583005277,25.149281236049,25.395054824454,243658623.13434
2014-09-18,25.497649426625,25.58652696044,25.389499978591,25.447315721251,149105801.54113
2014-09-19,25.558639366921,25.58652696044,25.219340312449,25.238385498266,283453301.24709
2014-09-22,25.449583005277,25.535172977253,25.14588031001,25.262645437343,210986675.92592
2014-09-23,25.151548520075,25.736621162953,25.136017624498,25.662140882703,253465843.46766
2014-09-24,25.540841187318,25.715648785713,25.298241796549,25.437339671537,240485302.13976
2014-09-25,25.129329136621,25.181476669216,24.429645286235,24.467622293669,400104908.62457
2014-09-26,24.633247391759,25.190319076917,24.601958872202,25.190319076917,249347046.75167
2014-09-29,24.663175540901,25.109263672992,24.657620695037,25.028094904866,198980563.02197
2014-09-30,25.202675774858,25.384965410539,25.133863704673,25.190319076917,220963722.3576
2014-10-01,25.149281236049,25.175921823353,24.675305510439,24.794224557596,205874548.87535
2014-10-02,24.815650391641,25.055869134183,24.511947696375,24.974587001855,190938565.72835
2014-10-03,24.857821874522,25.05382857856,24.758968290994,24.904527925455,173805290.16312
2014-10-06,24.987963977608,25.164925495828,24.853287306471,24.904527925455,148110083.32752
2014-10-07,24.855554590496,25.030362188892,24.68324100453,24.68766220838,168302283.98587
2014-10-08,24.690949770218,25.274888771083,24.579739488748,25.199388213021,229529389.3752
2014-10-09,25.384965410539,25.595256003939,25.153702439899,25.252896116032,309343573.1892
2014-10-10,25.175921823353,25.506378470125,25.074574227396,25.185897873067,265174591.77488
2014-10-13,25.332931242145,25.445048437225,24.952480982603,24.952480982603,214089921.88879
2014-10-14,25.099287623278,25.131596420647,24.642203163661,24.68766220838,254684339.2399
2014-10-15,24.49403615257,24.786402427707,23.79661958621,24.386113432938,403585436.82921
2014-10-16,23.889011410265,24.429645286235,23.853415051058,24.062572002445,288568472.46853
2014-10-17,24.375117105413,24.751146161105,24.201329784829,24.418422230307,272502104.25694
2014-10-20,24.594023378111,24.990231261634,24.556386463282,24.93910400685,309183346.24107
2014-10-21,25.755552984569,25.755552984569,25.316039976152,25.617588751594,378306679.80282
2014-10-22,25.713381501688,26.028760709687,25.651031190976,25.750111502907,272938817.07664
2014-10-23,26.0211653082,26.261724143346,25.905760551283,26.209349882348,284188870.31605
2014-10-24,26.296073496338,26.370440412387,26.131241947657,26.304008990429,188050462.63881
2014-10-27,26.2138844504,26.368286492562,26.176020807168,26.277028310521,136750768.96459
2014-10-28,26.349354670946,26.684232521569,26.339491985434,26.684232521569,192243325.06429
2014-10-29,26.662353230719,26.845436415809,26.586512580053,26.837727650121,210751512.62308
2014-10-30,26.735699868956,26.839994934146,26.476209212194,26.741141350618,162619155.69099
2014-10-31,27.001425556789,27.010041236087,26.802471383518,26.999158272763,178557130.63703
2014-11-03,27.05935466365,27.577429063563,27.001425556789,27.350587296774,208907993.26146
2014-11-04,27.339477605047,27.372920044429,26.931253116188,27.145964913439,166153582.74491
2014-11-05,27.268284886635,27.32394670947,27.034867996171,27.208088495748,149636626.0811
2014-11-06,27.124142137415,27.19480173375,26.95550725415,27.169404913981,139773171.29885
2014-11-07,27.183852882561,27.330138564429,27.131817620723,27.252480733314,134720688.99328
2014-11-10,27.254738228404,27.332283184765,27.161616555919,27.205976334448,108732787.51559
2014-11-11,27.172791156617,27.444029191748,27.092762955656,27.430822845469,109714537.60189
2014-11-12,27.344586533009,27.855909171022,27.343457785464,27.806131404275,187679977.58691
2014-11-13,27.953545833689,28.359104826709,27.902752194151,28.207288281869,237975344.55115
2014-11-14,28.284720363475,28.545799670699,28.261581038797,28.545799670699,176128872.95374
2014-11-17,28.562392259615,29.324748351699,28.318921414097,28.499633896097,186884207.9715
2014-11-18,28.485073052763,28.923817223614,28.473898452065,28.872007711286,176831285.11252
2014-11-19,28.864219353224,28.938265192194,28.44861450705,28.662399292127,167336969.89138
2014-11-20,28.728656773035,29.213905342752,28.712064184119,29.077778388791,173460246.10924
2014-11-21,29.374413243691,29.391118707362,29.007118792456,29.117736051894,228672056.10204
2014-11-24,29.216162837843,29.693735924252,29.152840100552,29.654681259185,189682913.5042
2014-11-25,29.774215624231,29.929418411707,29.360303899375,29.400035812969,275265690.98504
2014-11-26,29.485482002147,29.780988109502,29.455344442688,29.754462542188,163203461.01289
2014-11-28,29.815527784388,29.841940476948,29.514039315043,29.737757078518,99257602.347127
2014-12-01,29.701185658051,29.813270289298,27.811775142002,28.773355175828,335192106.13665
2014-12-02,28.37208542348,28.938265192194,28.190582818199,28.65449805931,237295476.84893
2014-12-03,28.938265192194,29.087824241944,28.784304027017,28.977884231034,172094627.19256
2014-12-04,28.94165143483,29.302512025057,28.822907193066,28.87708707524,168584437.49907
2014-12-05,28.995831317004,29.020438013491,28.656755554401,28.754392217067,153236512.20577
2014-12-08,28.524353467339,28.656755554401,27.909298929914,28.099718640803,230492297.49134
2014-12-09,27.553856327904,28.570180617677,27.337926922492,28.529771455556,240737007.25689
2014-12-10,28.599528053855,28.712064184119,27.887062603272,27.991133126947,178136499.02519
2014-12-11,28.066420588217,28.44861450705,27.831641098799,27.909298929914,165810449.6281
2014-12-12,27.620339558322,27.968896800305,27.397411918128,27.439627076322,224006868.54791
2014-12-15,27.668762828014,27.902752194151,26.582343315679,27.049757674181,268686368.59268
2014-12-16,26.587874178651,27.549341337723,26.565637852009,26.686752463618,242717118.76131
2014-12-17,26.786195122357,27.4640080233,26.705376798115,27.353165014353,213499080.46938
2014-12-18,27.968896800305,28.16394437613,27.660071471916,28.16394437613,235820580.17522
2014-12-19,28.066420588217,28.304699195027,27.920360655858,27.946886223172,353634043.91715
2014-12-22,28.044410011084,28.36982792839,27.997905612219,28.235958469519,180612644.38797
2014-12-23,28.301312952391,28.32670977216,28.112924987083,28.13527418848,104037973.31896
2014-12-24,28.146223039669,28.179521092255,28.005806845036,28.005806845036,57918439.134773
2014-12-26,28.03109079005,28.62582787166,28.005806845036,28.499633896097,134838994.45543
2014-12-29,28.446469886714,28.690279356495,28.422201814491,28.479429315037,110312634.14068
2014-12-30,28.407753845911,28.479429315037,28.033348285141,28.130872073053,119485132.49363
2014-12-31,28.207288281869,28.282575743139,27.559274316122,27.59911910447,165530262.97226
2015-01-02,27.845073194587,27.858166666113,26.83935913174,27.332283184765,212787705.27893
2015-01-05,27.068720632942,27.155069820156,26.354223436778,26.563380356919,257027995.50917
2015-01-06,26.665532009767,26.857080468201,26.155902493071,26.565637852009,263013767.10906
2015-01-07,26.803916458818,27.044339685964,26.671062872739,26.942526657379,160261657.05161
2015-01-08,27.307676488278,28.042265390748,27.169404913981,27.975669285577,237334743.37951
2015-01-09,28.168233616802,28.306843815363,27.559274316122,28.005806845036,214743147.84819
2015-01-12,28.152882650186,28.157397640367,27.19705922884,27.309933983369,198492941.07994
2015-01-13,27.855909171022,28.201644544142,27.226858164036,27.561531811212,268286417.3353
2015-01-14,27.260381966131,27.624741673748,27.121884642325,27.455090917692,195584004.52126
2015-01-15,27.506223181493,27.52033252581,26.663274514676,26.705376798115,239623200.18351
2015-01-16,26.761814175379,26.896812381795,26.301285176904,26.49362375862,313997221.50547
2015-01-20,26.966568980094,27.191528365869,26.620269233201,27.175048651707,329411055.24775
2015-01-21,27.238145639489,27.761658750991,27.063076895215,27.392106804665,219599892.85101
2015-01-22,27.574738157492,28.116311229719,27.43635370844,28.099718640803,306062308.12522
2015-01-23,28.083238926642,28.435521035525,27.883789235391,28.246907320708,201822818.53191
2015-01-26,28.433376415189,28.588240578402,28.201644544142,28.273771512286,222247592.07524
2015-01-27,28.105249503775,28.1195845976,27.25812447104,27.282392543264,380584479.49251
2015-01-28,29.404325053641,29.534018146594,28.828438056038,28.828438056038,589865201.28648
2015-01-29,29.080035883882,29.802095688599,28.893679664155,29.730194469965,337521532.24348
2015-01-30,29.599485504221,29.994660019824,29.211760722416,29.293707794204,334845794.86303
2015-02-02,29.514039315043,29.796451950873,29.020438013491,29.654681259185,250596377.53548
2015-02-03,29.62364070169,29.777601866867,29.40229330806,29.660324996912,207591979.25099
2015-02-04,29.62364070169,30.127626480659,29.580748294969,29.884155635141,280317525.67015
2015-02-05,30.004807541812,30.05899930057,29.80411814475,29.984794817623,168930773.77686
2015-02-06,30.004807541812,30.063384110926,29.617707489103,29.724629403168,174732959.99121
2015-02-09,29.643004471926,29.960734576182,29.613322678747,29.92767985196,155462912.31747
2015-02-10,30.044720559155,30.532221525911,30.041347628112,30.503439181011,247719998.81805
2015-02-11,30.692210888387,31.227157751816,30.627113319256,31.216139510409,293973036.60874
2015-02-12,31.512845011164,31.870488132763,31.393668114309,31.61650642522,297770091.40663
2015-02-13,31.81832013263,31.81832013263,31.415592166089,31.767838598019,216406812.85259
2015-02-17,31.873861063806,32.21677571985,31.726801270328,31.960995115751,252391425.18249
2015-02-18,31.908939546653,32.191253874958,31.862730391364,32.175963254229,179496580.65078
2015-02-19,32.117723978219,32.25331580615,32.081183891919,32.109853805785,149318475.40624
2015-02-20,32.150553840371,32.376765082326,32.015973891753,32.376765082326,195678470.3198
2015-02-23,32.516966582682,33.253727153521,32.420838047955,33.253727153521,283653850.25252
2015-02-24,33.238324101758,33.398201033199,32.786801066127,33.042019515052,276712126.36279
2015-02-25,32.887201980175,32.898332652618,32.03711092629,32.194514374966,298643970.22667
2015-02-26,32.194514374966,32.709898238345,31.652934080485,32.60533737601,365015604.31645
2015-02-27,32.510220720596,32.63693049678,32.058810116,32.11210242648,247972360.63308
2015-03-02,32.312679392508,32.57419397938,32.073313719485,32.268606426878,192386404.20334
2015-03-03,32.238924633699,32.382161771995,32.024743512465,32.343710358104,151264800.10609
2015-03-04,32.271754495852,32.392955151332,32.078935271224,32.13402647826,126665197.28565
2015-03-05,32.142683667937,32.186756633567,31.444711804094,31.602340114839,226068405.8659
2015-03-06,32.0953502023,32.345958978799,31.564675718192,31.649898442547,291367998.7684
2015-03-09,31.992700667556,32.396328082376,31.264597286394,31.782229770469,354113601.12381
2015-03-10,31.602340114839,31.804153822249,30.951476854564,31.124508217073,275425998.37956
2015-03-11,31.176451355136,31.187469596543,30.522327594852,30.557630939769,275755590.64984
2015-03-12,30.576406922576,31.22041188973,30.404275008345,30.724141302262,193534543.59622
2015-03-13,31.100447975632,31.348470838332,30.649037371036,30.903693664787,207308788.43162
2015-03-16,30.970140406335,31.234803062181,30.717620302245,31.234803062181,143497189.48331
2015-03-17,31.479677855907,31.829338374037,31.415592166089,31.756707925577,204092397.15011
2015-03-18,31.749062615212,32.288281857963,31.591097011363,32.114351047176,261083592.80339
2015-03-19,32.186756633567,32.312679392508,31.848339218913,31.875997253466,183237602.87712
2015-03-20,32.065555978086,32.0953502023,31.289332114043,31.479677855907,274780414.17632
2015-03-23,31.776720649766,31.966504236455,31.631010028705,31.800780891206,150838403.60358
2015-03-24,31.804153822249,32.013725271058,31.642140701147,31.671710063292,131369197.39637
2015-03-25,31.635394839061,31.701504287505,30.84882731982,30.84882731982,206620402.879
2015-03-26,30.692210888387,31.216139510409,30.653422181392,31.058286337594,190291192.6767
2015-03-27,31.146657130922,31.168806044772,30.726389922957,30.813523974903,158184398.43231
2015-03-30,31.011964751269,31.600091494144,31.000946509862,31.591097011363,188398395.90187
2015-03-31,31.52172706291,31.622127976959,31.089429734225,31.105844665301,168362208.34356
2015-04-01,31.201973200028,31.282586251957,30.771587198934,31.061546837602,162485597.83864
2015-04-02,31.256727113961,31.391644355683,31.045244337561,31.328458114143,128880401.48183
2015-04-06,31.1136024067,31.878245874162,31.080435251443,31.833835615428,148775604.83563
2015-04-07,31.911188167349,32.033737995247,31.49294471801,31.501826769756,139967115.23987
2015-04-08,31.468659614499,31.600091494144,31.240424613919,31.402550166056,149316803.27007
2015-04-09,31.468659614499,31.646525511503,31.15981156199,31.642140701147,129754318.54754
2015-04-10,31.485299407645,31.800780891206,31.314291803762,31.771211529062,160751595.29743
2015-04-13,32.087704891936,32.142683667937,31.652934080485,31.708250149591,145460400.09018
2015-04-14,31.749062615212,31.820568753325,31.479677855907,31.575693959599,102098003.66617
2015-04-15,31.602340114839,31.778969270461,31.501826769756,31.693746546106,115784038.87136
2015-04-16,31.569172959583,31.771211529062,31.526224304301,31.54387597676,113475925.27502
2015-04-17,31.389395734988,31.535106356048,31.11146621704,31.183084786187,207827995.60711
2015-04-20,31.389395734988,32.033737995247,31.292705045087,31.901181805254,188182524.90104
2015-04-21,32.026992133161,32.048016736662,31.666200942588,31.72354077032,129609804.17895
2015-04-22,31.749062615212,32.213515219842,31.577942580295,32.150553840371,150482314.20101
2015-04-23,32.073313719485,32.607585996706,32.035986615942,32.42308666865,183083599.13575
2015-04-24,32.618266945009,32.652445979579,32.308182151117,32.57419397938,178103633.40697
2015-04-27,33.074961808239,33.287906188091,32.780392497145,33.163332601567,387816800.67007
2015-04-28,33.616766964789,33.638915878639,32.396328082376,32.634681876085,475695872.6748
2015-04-29,32.546648375861,32.896196462957,32.073313719485,32.156062961075,253543998.40453
2015-04-30,31.875997253466,31.972912805437,31.142159889531,31.285959183,332781606.76002
2015-05-01,31.523975683606,32.541026824123,31.324073303787,32.235551702656,234050397.68734
2015-05-04,32.376765082326,32.63693049678,32.065555978086,32.172702754221,203952805.79945
2015-05-05,32.03711092629,32.109853805785,31.449209045485,31.455730045501,197085600.48031
2015-05-06,31.642140701147,31.686213666777,30.844442509464,31.251330424292,288369620.24513
2015-05-07,31.190416682905,31.521268408991,31.003885726675,31.318390802335,174271236.23328
2015-05-08,31.668500226184,31.903847206973,31.525746943355,31.903847206973,222201197.82084
2015-05-11,31.848761234305,31.891531237474,31.406170075855,31.576354381659,168142799.16577
2015-05-12,31.398444604079,31.719219627848,31.204747992867,31.466406363041,192640116.16747
2015-05-13,31.536719352545,31.800169136464,31.468645630223,31.503802124975,138776946.56036
2015-05-14,31.854135475541,32.242088514759,31.792555628046,32.242088514759,180813601.57501
2015-05-15,32.272766475148,32.383946090716,32.052870437911,32.195847647459,152775183.24113
2015-05-18,32.093625100617,32.675946531201,32.088250859381,32.540918720148,203296655.14402
2015-05-19,32.668221059424,32.715805487034,32.416751354927,32.511136466633,178532958.13868
2015-05-20,32.493558219257,32.741669022982,32.345318731833,32.508897199451,145819718.46777
2015-05-21,32.511136466633,32.904575710446,32.458513687864,32.851505078241,158921196.59446
2015-05-22,32.902448406623,33.239570080818,32.854752015654,33.138579130927,182383598.23679
2015-05-26,33.149439576757,33.224231100624,32.285978151519,32.411265150332,282649897.78402
2015-05-27,32.573835947718,33.067146507832,32.505650262038,33.012060535164,183332798.94738
2015-05-28,32.961677023577,32.986868779371,32.774922140629,32.939620241838,122884236.5292
2015-05-29,32.807951331558,32.865948351563,32.474076594777,32.562863538528,203537597.36138
2015-06-01,32.803584760554,32.851505078241,32.505650262038,32.628921920387,128451179.18894
2015-06-02,32.466351123,32.657136686875,32.339832527238,32.485944710839,134550270.04867
2015-06-03,32.660383624289,32.730808577151,32.474076594777,32.522108875823,123934002.2826
2015-06-04,32.403427715196,32.639894329577,32.231340032287,32.350692973069,153800397.21239
2015-06-05,32.392567269365,32.429963031298,32.088250859381,32.162818456529,142507193.70036
2015-06-08,32.229100765106,32.309154566849,31.704776354526,31.947736843733,210698804.44355
2015-06-09,31.671859126956,32.016818236287,31.403930808674,31.857382412955,224199554.26383
2015-06-10,31.980766034663,32.345318731833,31.956358022383,32.225741864333,156312905.78937
2015-06-11,32.301541058432,32.537671782735,32.116017772433,32.145352172513,141563569.81424
2015-06-12,32.044361222621,32.079517717373,31.778448244802,31.794682931869,147271998.94
2015-06-15,31.523507676173,31.811365472372,31.428002930876,31.730192037038,175955603.34719
2015-06-16,31.75549575619,31.956358022383,31.589342131313,31.902727573383,125976398.13313
2015-06-17,31.928815036049,31.965091164391,31.682719572787,31.828048012875,131671998.95496
2015-06-18,31.811365472372,32.075039183009,31.8080065716,31.965091164391,141628801.86926
2015-06-19,31.934301240644,31.951095744506,31.59818723668,31.646779334522,218867200.85021
2015-06-22,31.875184587049,32.011220068333,31.771730443257,31.902727573383,136157201.11501
2015-06-23,31.872945319867,31.902727573383,31.719219627848,31.758742693604,121075450.13996
2015-06-24,31.805767304418,32.451795886319,31.781695182215,32.024543708064,221123191.57853
2015-06-25,32.220143696379,32.306915299668,31.878319561103,31.878319561103,127752412.19372
2015-06-26,31.914707652804,31.994873417907,31.624610589424,31.6859665102,176267197.24975
2015-06-29,31.361944549018,31.616997081006,31.119207986529,31.132307699541,196645597.1005
2015-06-30,31.390607168943,31.528881917409,31.215832365416,31.3543310406,177482731.52021
2015-07-01,31.723474235493,31.734558608042,31.49943555397,31.646779334522,120955198.29945
2015-07-02,31.605912708457,31.671859126956,31.444349581302,31.60915964587,108843602.04937
2015-07-06,31.234754173101,31.556648830461,31.212585428003,31.501562857793,112241590.49059
2015-07-07,31.474131834818,31.536719352545,30.940066611998,31.423636359872,187787193.70733
2015-07-08,31.119207986529,31.159178905721,30.63261522796,30.641460333327,243046400.38659
2015-07-09,30.962235357096,31.012618868683,29.803190663882,30.020735470578,314379999.74896
2015-07-10,30.485271447408,30.962235357096,30.297508894228,30.822729011681,245417592.19592
2015-07-13,31.258826295304,31.437855706475,31.075542276487,31.414791254505,165761995.28326
2015-07-14,31.512647230342,31.589342131313,31.261065562485,31.401803504851,127037174.63157
2015-07-15,31.430130234699,31.789308690633,31.392846436125,31.701417453754,134519719.87558
2015-07-16,31.939899408598,32.140873638149,31.839916128938,32.123631280851,144889607.93112
2015-07-17,32.274781815611,32.411265150332,32.075039183009,32.411265150332,184658797.92792
2015-07-20,32.739541719159,33.239570080818,32.671467996838,33.016427106168,235600801.15808
2015-07-21,33.209899790662,33.226358404447,32.570477046946,32.684791636568,307025595.53357
2015-07-22,30.49971472073,31.373028921567,30.49971472073,31.307194466427,461802404.14426
2015-07-23,31.547803725094,31.773969710439,31.266327840362,31.291519596156,203997604.10307
2015-07-24,31.335521196275,31.435616439294,30.973319729645,31.123350630815,168649199.65665
2015-07-27,30.778503484843,30.902894776783,30.534647288763,30.693859185377,177821989.83036
2015-07-28,30.848032730833,30.9764547037,30.635974128732,30.848032730833,134472004.26537
2015-07-29,30.795186025346,30.877479094271,30.56678077282,30.753535655768,148046610.39067
2015-07-30,30.578648888882,30.641460333327,30.424923196863,30.593092162204,134512790.82302
2015-07-31,30.646946537922,30.657918947112,30.229323208547,30.321804943149,171539592.57317
2015-08-03,30.373420051686,30.641460333327,29.380081129913,29.600984837381,279777048.10678
2015-08-04,29.355001337478,29.424082730032,28.313294244582,28.663739558508,496554407.22735
2015-08-05,28.238390757357,29.360487542073,28.024428778151,28.849598734584,397250404.63945
2015-08-06,28.989776782408,29.126425326147,28.531235094853,28.7815716603,211510735.10465
2015-08-07,28.645480410785,29.064119831897,28.623188641823,28.880324196803,154681595.96624
2015-08-10,29.132667021456,29.999036622176,29.132667021456,29.936731127926,219805992.43989
2015-08-11,29.445977834221,29.538711593104,28.330386256503,28.373855205979,388109245.82208
2015-08-12,28.133327018876,28.853016779824,27.405946597636,28.809324912658,406742400.53952
2015-08-13,29.00928208025,29.099117909168,28.634334526304,28.783800837196,194142799.8522
2015-08-14,28.580834280794,29.077049057895,28.506491231305,28.987659064356,171718000.77746
2015-08-17,29.00928208025,29.415103734208,28.874751254562,29.288263568813,163538799.73208
2015-08-18,29.107811699063,29.364724336354,29.000699749199,29.126425326147,138242801.87056
2015-08-19,29.024551941989,29.130660762249,28.668106556282,28.752480901804,193145993.36108
2015-08-20,28.523655893406,28.586184305345,27.907065563909,28.161080271234,274006394.4826
2015-08-21,27.607129812521,27.971377317365,26.413071208055,26.444836978826,513101594.55456
2015-08-24,23.715990081306,27.20821860694,22.998529497254,25.782214146422,648657057.43011
2015-08-25,27.777996221617,27.777996221617,25.872941646098,25.93390963421,414406398.86504
2015-08-26,26.764055110366,27.468475009575,26.259926755284,27.421216459375,387098406.34864
2015-08-27,28.056866251335,28.306199687179,27.504476216449,28.226283695449,338463994.16568
2015-08-28,28.043602648803,28.324813314262,27.884996712636,28.319240372022,212657589.80439
2015-08-31,28.005595182722,28.632105349407,27.99790452243,28.187718935144,224916802.63143
2015-09-01,27.53947429372,27.967030422417,26.836168982959,26.929237118377,307383195.63544
2015-09-02,27.561320227303,28.084285127159,27.280332479533,28.084285127159,247555193.54843
2015-09-03,28.122181134395,28.193291877385,27.508711652552,27.594200586523,212935596.45387
2015-09-04,27.247340661469,27.613705884365,27.132649510158,27.313101379908,199985196.66782
2015-09-08,27.911412458856,28.142132267616,27.583277619731,28.076705925712,219374395.4672
2015-09-09,28.444854490124,28.509834996649,27.441056133752,27.53947429372,340043191.40478
2015-09-10,27.57235465294,28.317011195125,27.47181877492,28.144361444512,251504125.55776
2015-09-11,27.942955311938,28.553303946126,27.935376110491,28.553303946126,199661600.99391
2015-09-14,29.147156671282,29.222725768064,28.715253647637,28.825709362845,233453604.72739
2015-09-15,28.984315299012,29.132667021456,28.603348967446,29.071476115655,173364390.53065
2015-09-16,29.064119831897,29.1360107868,28.85847826322,29.101347086064,148693604.60379
2015-09-17,28.918554580573,29.123193019647,28.433931523333,28.483307791584,256450562.97089
2015-09-18,28.051404767939,28.575261338554,27.963686657073,28.362932239188,297140794.48791
2015-09-21,28.423231474231,28.838861506533,28.419999167731,28.801522793521,200887597.01272
2015-09-22,28.343426941346,28.547731003885,28.13109784198,28.3497800955,201384403.70485
2015-09-23,28.412419966284,28.678695146539,28.321469548918,28.580834280794,143026876.21568
2015-09-24,28.308428864075,28.874751254562,28.091752869761,28.750251724908,200577868.34059
2015-09-25,29.110040875959,29.17446408826,28.509834996649,28.676577428487,224607588.9476
2015-09-28,28.463579576052,28.643251233889,28.111146708758,28.111146708758,208351628.25588
2015-09-29,28.200871078832,28.379316689375,26.965126866406,27.268294924294,293461183.41089
2015-09-30,27.544935777116,27.884996712636,27.189604979857,27.577816136335,265891995.83142
2015-10-01,27.27052410119,27.402714291136,26.823016839272,27.392125700879,255716402.30255
2015-10-02,27.00157390866,27.752695063845,26.888666098866,27.596318304574,232078800.41949
2015-10-05,27.465131244231,27.845763199262,27.27052410119,27.694736464543,208227310.62076
2015-10-06,27.659849846117,27.932143803991,27.4389384157,27.82926729023,195427595.15258
2015-10-07,27.932143803991,27.938719875835,27.347987998334,27.694736464543,187062215.07371
2015-10-08,27.550508719357,27.550508719357,27.053736648032,27.370056849607,247917997.41624
2015-10-09,27.497900144605,28.067900676972,27.370056849607,28.029224457822,210934006.53628
2015-10-12,28.182368910593,28.187718935144,27.859918472553,27.90037803322,121838442.00937
2015-10-13,27.705659431334,28.113375885655,27.673001989804,27.942955311938,132196796.26966
2015-10-14,27.823805806834,27.878532099637,27.386552758639,27.555970202752,177849791.40526
2015-10-15,27.736533531347,28.023874433271,27.624740310001,27.961457480177,150693592.13621
2015-10-16,27.940837593886,27.99790452243,27.635663276793,27.760274265292,156930393.72136
2015-10-19,27.701201077542,27.935376110491,27.528439868084,27.929914627095,119036616.81077
2015-10-20,27.836957950522,28.545501826989,27.705659431334,28.448198255468,195871050.31384
2015-10-21,28.504262054409,28.896597188145,28.430699216833,28.444854490124,169307605.25924
2015-10-22,28.580834280794,28.874751254562,28.528114247198,28.874751254562,166616008.19032
2015-10-23,29.176693265157,29.809890962531,29.082622000136,29.770545990312,237467602.00824
2015-10-26,29.51474794147,29.527677167468,28.730746427066,28.820136420605,265334799.13604
2015-10-27,28.847443837583,29.1360107868,28.502144336357,28.6365637032,279537601.10009
2015-10-28,29.233648734855,29.82839313077,29.013628975197,29.820813929322,342205185.81992
2015-10-29,29.673242418792,30.168676983979,29.562675244739,30.130335141364,204909192.61384
2015-10-30,30.243020033468,30.304322398115,29.865731843781,29.876543351728,197460797.63537
2015-11-02,29.969611487146,30.340212146144,29.907194534051,30.293399431323,128786101.4913
2015-11-03,30.195761483268,30.872873965498,30.170906160875,30.647615640134,182075903.7501
2015-11-04,30.782257924667,30.950449321487,30.408090582634,30.497926411552,179414952.07326
2015-11-05,30.465933922727,30.672585710523,30.040089180638,30.232867996642,158210379.00907
2015-11-06,30.280702003377,30.454835545295,30.153181646676,30.269714609719,132168802.95394
2015-11-09,30.243966374075,30.454835545295,30.010678480441,30.139197691111,135485531.92838
2015-11-10,29.228797790314,29.517355603562,29.017373700222,29.192950031206,236511592.43204
2015-11-11,29.094951358476,29.345219769582,28.80617157768,29.030469785593,180871592.46365
2015-11-12,29.069758041704,29.206823002997,28.911717147064,28.931472258894,130101997.23038
2015-11-13,28.802953048224,28.889964327296,28.067574559539,28.080670644909,183249603.13775
2015-11-16,27.842277497657,28.559787598675,27.748829159674,28.543805935172,152426793.03989
2015-11-17,28.726707195262,28.762665938144,28.331382991112,28.426052150612,110467606.40857
2015-11-18,28.942348668778,29.36364307612,28.871652004532,29.316031036934,186698403.6703
2015-11-19,29.404041169975,29.936541319192,29.190841339494,29.698148171939,173183265.00154
2015-11-20,29.80591341681,29.977938267015,29.715461640734,29.830884766033,137147997.46553
2015-11-23,29.823337869379,29.934432627479,29.323577933588,29.431343178459,129930000.91726
2015-11-24,29.323577933588,29.841872159691,29.28539951522,29.722009683419,171182801.40812
2015-11-25,29.809131946265,29.812461459495,29.477068493481,29.506368209903,85553201.426502
2015-11-27,29.575067166211,29.604366882633,29.393275743865,29.446547955541,52185601.320233
2015-11-30,29.495491800019,29.852748569575,29.431343178459,29.577286841698,156721190.15238
2015-12-01,29.690601275285,29.70458523085,29.21792138043,29.323577933588,139409446.05586
2015-12-02,29.266865224907,29.52501348399,29.022922888939,29.074086408903,133476140.90385
2015-12-03,29.134017647039,29.199276106343,28.554349393733,28.802953048224,166246835.73813
2015-12-04,28.824705867992,29.816900810468,28.77898055297,29.760188101787,231107598.88757
2015-12-07,29.746981032642,29.964842181645,29.446547955541,29.571848636756,128336803.16314
2015-12-08,29.372410794292,29.652422856917,29.21792138043,29.557642713642,137237579.92982
2015-12-09,29.404041169975,29.414917579859,28.770212834798,28.90417025041,185445195.25452
2015-12-10,29.011824511506,29.239563216423,28.874870533987,29.044675708706,116850794.44034
2015-12-11,28.800733372738,28.84645868776,28.209633790676,28.298864745235,187544396.7046
2015-12-14,28.04426796693,28.165684216043,27.452613465998,28.117073322888,259932168.23947
2015-12-15,27.986001485409,28.196315737757,27.587569735578,27.62352847846,213292394.71016
2015-12-16,27.768140336407,28.000096424749,27.196684882401,27.83262190929,224953598.41185
2015-12-17,28.004535775722,28.062247338371,27.242299213649,27.242299213649,179091194.37213
2015-12-18,27.223764923337,27.378587288522,26.453870480836,26.511471059712,385813188.09866
2015-12-21,26.817675293078,26.841536804558,26.391830550988,26.830882362222,190362404.12864
2015-12-22,26.850193538955,26.933209402151,26.60969169999,26.809129542454,131141697.8596
2015-12-23,26.817675293078,27.207450308511,26.801471662026,27.154289080609,130629205.82781
2015-12-24,27.247848402366,27.247848402366,26.990698997252,27.012562800794,54386712.261748
2015-12-28,26.897139675495,26.925551521723,26.544322256912,26.700143476066,106816831.30689
2015-12-29,26.739209764629,27.354725777042,26.710908902176,27.181591089093,123724959.64721
2015-12-30,27.146520216406,27.174932062634,26.79592247331,26.828662686736,88985740.122478
2015-12-31,26.752416833774,26.757855038716,26.203380102182,26.31902519503,155318005.75948
2016-01-04,25.652345662653,26.347215073709,25.503294453733,26.341665884993,251317692.78299
2016-01-05,26.436446028267,26.463859020526,25.603623785724,25.677760946974,210896026.39763
2016-01-06,25.140488495461,25.593635246034,24.966687904866,25.175670351922,268988163.191
2016-01-07,24.670250243641,25.031835380395,24.108339394227,24.112667761426,306481564.59372
2016-01-08,24.638619867958,24.777904504737,24.189912468357,24.239078280383,278287101.76347
2016-01-11,24.74205674563,24.764808419366,24.332526618366,24.633181663016,198957514.59224
2016-01-12,25.138268819974,25.173450676435,24.711758175239,24.989217611054,187886489.05305
2016-01-13,25.07966938713,25.29542184442,24.324091851517,24.345622703737,245051773.24455
2016-01-14,24.489457675263,25.121066334953,23.935093722504,24.881452366183,246647894.84949
2016-01-15,24.051848653095,24.426418891446,23.84031357923,24.281252114627,313271367.01822
2016-01-19,24.601662271107,24.663591217181,23.876272322111,24.164941119134,212350794.0065
2016-01-20,23.774833152377,24.547058254139,23.35675727449,24.197459365011,278552089.14724
2016-01-21,24.263827662058,24.469813547208,23.73487899362,24.07659803477,186172570.94967
2016-01-22,24.658153012239,25.364009816953,24.59300553671,25.354132261038,257197113.48175
2016-01-25,25.37932557781,25.381545253297,24.804207659252,24.860698400384,198529942.18097
2016-01-26,24.981559730625,25.219175991458,24.517869521491,24.996764507708,242410594.37151
2016-01-27,24.011228591692,24.157172254931,23.336114292466,23.35675727449,524444968.22521
2016-01-28,23.447209050566,23.628001618944,23.097721145213,23.520125390299,220362140.75875
2016-01-29,23.69536876996,24.332526618366,23.584384995633,24.332526618366,246472003.37239
2016-02-01,24.116996128625,24.178925074699,23.85008015137,24.108339394227,153826934.64566
2016-02-02,23.855629340087,24.011228591692,23.567182510613,23.618235046803,141350748.74906
2016-02-03,23.750083770702,24.209556596413,23.517905714812,24.088584282397,177797759.35542
2016-02-04,23.964980748621,24.332341349676,23.797195858716,24.147998740372,181718937.10625
2016-02-05,24.128571016278,24.228248487057,23.420342165206,23.502689223015,172637633.91582
2016-02-08,23.283796172566,23.927339533188,23.261167289388,23.753925018688,210873366.13007
2016-02-09,23.57079664214,23.985843475063,23.480943418205,23.748516163684,167879489.50572
2016-02-10,23.980434620059,24.087728641762,23.524545412621,23.566381250301,164609385.16968
2016-02-11,23.44418528114,23.680298359763,23.148574797479,23.422549861126,183822137.07974
2016-02-12,23.545628908655,23.624885192176,23.253661123261,23.496176520051,157191538.42134
2016-02-16,23.756132714608,24.211028458883,23.652039851989,24.157933372011,181898304.19954
2016-02-17,24.166764155691,24.553221326452,24.037724329178,24.531585906438,169588191.30933
2016-02-18,24.710409275942,24.723324297072,24.023705460088,24.064768604196,148229494.4086
2016-02-19,23.99997272895,24.189503423665,23.95206572749,24.010680054161,130364515.0669
2016-02-22,24.077794010123,24.223833095217,23.980434620059,24.21853462501,132435847.42703
2016-02-23,24.100643662893,24.123382930867,23.636917134938,23.672792193635,118886890.91915
2016-02-24,23.493968824131,24.095234807889,23.330599326066,24.025913156007,139363188.21832
2016-02-25,24.012777365285,24.189503423665,23.813532808523,24.189503423665,98797823.578751
2016-02-26,24.298784371695,24.50564547938,24.143693733329,24.226040791137,109935728.83982
2016-02-29,24.213125770006,24.557526333495,24.161244915891,24.171069162734,120548455.7964
2016-03-01,24.411266478809,25.192128525642,24.35397676969,25.131748042236,195833860.14457
2016-03-02,25.126228802436,25.221601266171,24.908549984744,25.186830055435,129489204.30392
2016-03-03,25.143669600202,25.430449300185,25.110995700589,25.378789215661,139112564.02907
2016-03-04,25.590728023962,25.935349357043,25.3446803137,25.756746757131,175087172.34704
2016-03-07,25.597240726926,25.706852829344,25.240256296694,25.468752824393,130295084.30942
2016-03-08,25.195440069522,25.442370858152,25.097859909867,25.25714517048,121708268.60261
2016-03-09,25.329999135834,25.399320787715,25.065737934233,25.281209056006,96865101.793232
2016-03-10,25.354614945339,25.558495663533,25.037589811256,25.294344846729,134054312.16574
2016-03-11,25.558495663533,25.56820952558,25.378789215661,25.563794133741,101339484.29827
2016-03-14,25.47846668644,25.728488249358,25.444468169275,25.629031548171,100304246.61925
2016-03-15,25.990652139834,26.293768789623,25.961620938489,26.148612782896,160270931.71053
2016-03-16,26.156339718615,26.575581173785,26.150820478816,26.487714876177,153213974.33689
2016-03-17,26.381524702435,26.618741629017,26.238686776424,26.445658268905,137682814.59135
2016-03-18,26.584191187872,26.626247795145,26.298073796666,26.477007550966,176820678.29125
2016-03-21,26.48020871005,26.916559808598,26.284165312372,26.473806391882,142010715.87264
2016-03-22,26.313306898513,26.825713121499,26.30348265167,26.677355955688,129777497.63014
2016-03-23,26.620949324937,26.769306490748,26.471598695963,26.530102637837,102813967.25165
2016-03-24,26.371700455592,26.559244223979,26.223453674577,26.416295913172,104531825.20754
2016-03-28,26.495110657508,26.543017658968,26.264627203481,26.298073796666,73525553.290261
2016-03-29,26.223453674577,26.951331019335,26.223453674577,26.924286744318,118457395.17587
2016-03-30,27.163490597228,27.605471320372,27.149250958545,27.391214431356,177364153.49961
2016-03-31,27.430952957912,27.477645726616,27.217689532059,27.246831118201,95800627.297934
2016-04-01,27.192742568166,27.49928114663,27.047696946235,27.496079987546,100458266.92474
2016-04-04,27.605471320372,28.044140499637,27.568713183308,27.777781986913,139164686.24344
2016-04-05,27.380286336553,27.680312212054,27.355228987863,27.456010306602,99157181.03957
2016-04-06,27.557895473301,27.74400423934,27.304451981707,27.738705769132,100609991.62423
2016-04-07,27.488573821419,27.605471320372,27.03158076602,27.133355547923,117996787.35807
2016-04-08,27.225416467779,27.445192596595,27.039197316943,27.165698293148,92115715.835701
2016-04-11,27.241422263197,27.652164089076,27.203781047765,27.25455805392,105934792.87723
2016-04-12,27.336905111728,27.627106740386,27.165698293148,27.609886712212,104587176.12743
2016-04-13,27.697532240228,28.084099795785,27.697532240228,28.00495389706,127721730.81946
2016-04-14,27.905386811077,28.098229049672,27.831760152152,28.019083150947,96930515.693174
2016-04-15,28.022394694827,28.073392470574,27.434264501792,27.467048786201,176085670.36492
2016-04-18,27.219897227979,27.236234177786,26.734866434399,26.874503201326,235517435.77391
2016-04-19,26.975174135269,27.003322258247,26.553835368975,26.727249883476,123164169.28675
2016-04-20,26.662233238637,27.023964215097,26.512551455275,26.784539592594,105639366.32227
2016-04-21,26.731554890519,26.731554890519,26.381524702435,26.487714876177,117093414.75946
2016-04-22,26.251601797554,26.620949324937,26.158547414535,26.419607457051,130875322.73289
2016-04-25,26.249394101635,26.411880521332,26.129185058802,26.270146443281,106600911.78736
2016-04-26,25.977405964315,26.326553074032,25.977405964315,26.087128451529,157944122.13774
2016-04-27,23.99997272895,24.67905999388,23.922041062981,24.452660777305,435336834.8331
2016-04-28,24.402546079925,24.469991190275,23.560862010501,23.70734263478,316416785.36193
2016-04-29,23.496176520051,23.680298359763,23.129036688588,23.433477955929,268160764.66429
2016-05-02,23.489663817088,23.519026172821,23.101882028775,23.407427144075,189447609.26937
2016-05-03,23.548940452534,23.937053395235,23.418134469286,23.794988162796,223926064.07708
2016-05-04,23.8003970178,23.97491538026,23.452795295227,23.545628908655,153379955.52873
2016-05-05,23.499032708548,23.517574846329,23.171857235991,23.307576907203,138541357.05247
2016-05-06,23.34093081185,23.360460400755,22.964163349488,23.180634579319,171182045.38929
2016-05-09,23.248439556529,23.441321676166,23.148268125797,23.198189265975,123892551.00801
2016-05-10,23.330178566273,23.391949119945,23.028786539742,23.35398711005,130469863.28139
2016-05-11,23.368030859376,23.391949119945,23.116230822649,23.128957970475,97334210.598577
2016-05-12,23.180634579319,23.194897762227,22.367523436756,22.583116932254,298490995.97048
2016-05-13,22.500280754594,22.917862863432,22.500280754594,22.627113365687,169714883.45674
2016-05-16,23.098895569576,23.598216688157,22.913803342143,23.47039662594,238877192.06233
2016-05-17,23.637166149176,23.676005893403,23.25052417557,23.371322363124,175639405.04098
2016-05-18,23.541383390107,23.804923123535,23.472590961772,23.640347936132,164486126.84052
2016-05-19,23.66075525937,23.66075525937,23.391949119945,23.550160733435,118367105.07446
2016-05-20,23.66075525937,23.857916333879,23.631790026387,23.807117459367,120457330.25013
2016-05-23,23.966755391148,24.297002933871,23.918041135677,24.106534583649,144895198.51849
2016-05-24,24.305780277199,24.524226409279,24.209887801339,24.474634419474,118573555.69765
2016-05-25,24.668503990235,24.933250608371,24.528615080943,24.899018969391,137906877.14303
2016-05-26,24.918329124713,25.183953477182,24.659836363699,25.102104750647,218174640.82261
2016-05-27,24.859850074789,25.117245667888,24.810696952152,25.087512417364,138033864.99782
2016-05-31,24.899018969391,25.099910414815,24.703942513923,24.964410177186,155999507.91553
2016-06-01,24.753534503727,24.886072387982,24.583363759952,24.615620496683,112172418.82749
2016-06-02,24.40035615156,24.459603219025,24.156894590995,24.43184487075,154540914.40707
2016-06-03,24.447753805532,24.568222842711,24.363710743165,24.480120259055,101408545.01423
2016-06-06,24.498223529669,25.47075317043,24.387519286942,24.658739195783,91150751.438922
2016-06-07,24.812891287984,24.967701680934,24.739600471194,24.756716290683,82825194.460254
2016-06-08,24.753534503727,24.890351342855,24.670698326067,24.734114631613,76486600.432441
2016-06-09,24.625385291136,24.996996064292,24.615620496683,24.911855834009,102675177.93314
2016-06-10,24.632955749756,24.836480398178,24.620009168347,24.70920891992,103980655.40754
2016-06-13,24.671795493983,24.78041511767,24.274291558009,24.33463579339,142310665.23184
2016-06-14,24.329479104185,24.620009168347,24.186188974352,24.365905078997,123410201.86868
2016-06-15,24.455214547361,24.602893348857,24.257066021727,24.285153520378,104045619.93937
2016-06-16,24.110813538522,24.438318161454,24.016127947369,24.387519286942,122043564.20264
2016-06-17,24.153932237621,24.162380430575,23.825440163565,23.833120338977,218458773.26528
2016-06-20,23.998573260713,24.141095373004,23.758842071062,23.777274492051,133822747.50839
2016-06-21,23.736020978409,24.08601754362,23.669422885907,23.976410468809,127721303.14217
2016-06-22,24.061221548718,24.222834382748,23.838496461765,23.891270238526,104709460.89695
2016-06-23,23.983651777055,24.070876626379,23.813590750072,24.02369840599,122237224.62316
2016-06-24,23.225837897459,23.663937046326,23.163299326246,23.348610987262,253157999.74109
2016-06-27,23.248439556529,23.259191802106,22.874963597916,23.01156100346,177212351.14595
2016-06-28,23.223643561627,23.413892478265,23.036466715154,23.397325242733,154125575.97678
2016-06-29,23.491681683511,23.637166149176,23.406431736436,23.601508191905,128329220.11665
2016-06-30,23.611272986357,23.943056564162,23.575724745878,23.900705882604,135183541.03707
2016-07-01,23.872837817537,24.115202210186,23.833120338977,23.971034346021,99737920.150679
2016-07-05,23.848261256218,23.85045559205,23.61555194123,23.76213357481,108525228.69226
2016-07-06,23.650003013793,23.91485934872,23.59295028216,23.882492895198,117291384.59197
2016-07-07,23.92440470959,24.123650403139,23.906191722184,23.983651777055,94894088.206273
2016-07-08,24.121565784099,24.222834382748,24.010642107789,24.170060605987,106210735.20141
2016-07-11,24.186188974352,24.413193016177,24.18399463852,24.245545758609,90646431.186825
2016-07-12,24.292723978998,24.42635903117,24.279777397589,24.355262550211,86823019.16507
2016-07-13,24.353068214379,24.418678855757,24.209887801339,24.217348543167,87254976.747022
2016-07-14,24.347692091591,24.746073761898,24.329479104185,24.693190268346,140461773.21597
2016-07-15,24.728738508825,24.825728152601,24.625385291136,24.693190268346,118157620.27579
2016-07-18,24.673989829815,25.032324871188,24.651168737162,24.956839718566,143090772.80472
2016-07-19,24.890351342855,25.00028756804,24.835383230262,24.967701680934,88390412.792689
2016-07-20,25.00028756804,25.115051332056,24.932372874038,24.98931588888,98636740.48405
2016-07-21,24.956839718566,25.253075055891,24.78249973671,24.857765455749,120576318.41784
2016-07-22,24.814975907024,24.825728152601,24.57908480508,24.665322203279,103253959.89598
2016-07-25,24.563066153506,24.70920891992,24.23051455816,24.33463579339,152295885.21506
2016-07-26,24.204401961758,24.493944574796,24.103243079901,24.166769102239,161832220.39878
2016-07-27,26.064759880164,26.08845870715,25.686785533095,25.735390071774,359476228.97169
2016-07-28,25.708619174623,26.113254702052,25.705327670875,26.085276920193,148602107.86264
2016-07-29,26.048521795007,26.138928431287,25.919494848083,26.054007634587,99270404.656915
2016-08-01,26.103489907599,26.537310101594,26.103489907599,26.511526655568,147076629.42351
2016-08-02,26.511526655568,26.515915327232,26.00353791045,26.119618275965,125726268.50068
2016-08-03,26.206733408497,26.459850046723,26.196200596503,26.447013182106,109490949.60382
2016-08-04,26.394326200779,26.500505442579,26.320339020984,26.46820425494,100946307.52412
2016-08-05,26.5732922404,26.90939919286,26.549611977841,26.866621944365,133947623.26253
2016-08-08,26.877534507757,27.093712388544,26.789470121187,27.093712388544,102438205.38678
2016-08-09,27.05933781386,27.235903089535,27.005866253242,27.204038404432,101943252.01916
2016-08-10,27.179157759899,27.225317903046,26.939299616553,27.003792866197,89172416.698481
2016-08-11,27.132124611682,27.232629320518,26.962979879113,26.98436850336,93345102.653758
2016-08-12,26.94366464191,27.112918500113,26.94366464191,27.046460989058,71581663.443511
2016-08-15,27.0356575513,27.381585810813,27.021907721427,27.366635598966,97928852.429611
2016-08-16,27.404174817033,27.557387207051,27.303233605661,27.345246974719,131130805.71957
2016-08-17,27.274642689575,27.343173587674,27.086291845437,27.301269344251,90934266.715763
2016-08-18,27.308689887357,27.396754273927,27.257509965051,27.270386789853,75577423.966081
2016-08-19,27.193234966674,27.419343280147,27.091529875865,27.340008944291,98140897.016843
2016-08-22,27.217788234305,27.262857121113,26.962979879113,27.128850842664,98328439.570005
2016-08-23,27.15045771818,27.329314632167,27.134197998726,27.214623590922,75943586.329279
2016-08-24,27.142818923805,27.187778684979,26.918129243573,27.00804876592,90087499.584298
2016-08-25,26.847197581528,26.971600804192,26.674779079942,26.888010568613,91620281.516447
2016-08-26,26.853635993929,26.989824785056,26.58191316548,26.730760530141,107198943.82521
2016-08-29,26.65884673739,26.858001019286,26.578639396462,26.707189393215,93691222.979889
2016-08-30,26.449980274076,26.63123795201,26.373046702165,26.4983229299,89358848.605175
2016-08-31,26.413750563616,26.646079038222,26.40829428192,26.528223353593,106788224.56163
2016-09-01,26.538808540083,26.702933493492,26.402838000224,26.685473392066,98121860.243122
2016-09-02,26.922276017662,27.003792866197,26.707189393215,26.930678691474,103057646.46194
2016-09-06,26.975965829549,27.075597533314,26.877534507757,26.922276017662,92982300.637592
2016-09-07,26.957632723051,27.189961197657,26.764807727922,27.091529875865,155516770.81793
2016-09-08,26.811076996702,26.815442022059,26.309862960128,26.379485114566,198648404.79903
2016-09-09,26.156650570111,26.429901157435,25.782022268879,25.782022268879,176105572.1782
2016-09-12,25.66220232284,26.429901157435,25.631974522245,26.362243264408,163657448.38492
2016-09-13,26.877534507757,27.198582122736,26.807803227685,26.989824785056,244971589.54144
2016-09-14,27.182431528917,28.254372630869,27.153731487197,27.944783207451,425392594.15382
2016-09-15,28.468367998977,28.927896043395,28.369936677185,28.886100925606,354246876.86057
2016-09-16,28.78199507085,29.030692390544,28.513546011418,28.732015530517,281855641.94581
2016-09-19,28.799346046643,29.044551346051,28.313191347549,28.393616939745,185527669.10545
2016-09-20,28.259828912565,28.533734253693,28.129314654402,28.391434427067,135735302.22485
2016-09-21,28.466185486299,28.500669186616,28.111963678609,28.3851051403,132866167.91821
2016-09-22,28.59386247798,28.736162304606,28.502851699295,28.650389556348,118011797.39282
2016-09-23,28.607830559121,28.696767950762,27.889238259788,28.177002556423,206806465.08292
2016-09-26,27.913027647981,28.348548052938,27.889238259788,28.216833412802,114523524.41477
2016-09-27,28.24575170579,28.294967366685,28.086973908442,28.270304973421,95585159.286
2016-09-28,28.423517363438,28.656827968749,28.356186847312,28.489974874492,115381914.84641
2016-09-29,28.288528954284,28.452544782059,27.952312876191,28.047906931501,138582149.37572
2016-09-30,28.116219578332,28.342109640537,27.952312876191,28.259828912565,133410783.3112
2016-10-03,28.177002556423,28.259828912565,28.071150691525,28.132479297785,83384103.015107
2016-10-04,28.262884430314,28.583059040222,28.156923439782,28.24575170579,117212758.73552
2016-10-05,28.350730565616,28.414896438359,28.170564144022,28.259828912565,79982238.698906
2016-10-06,28.425699876116,28.590588708963,28.281108411178,28.476988924057,112228568.67417
2016-10-07,28.583059040222,28.639695244225,28.374301702542,28.519875298185,95840325.730408
2016-10-10,28.757441803219,29.18805155465,28.678325718631,29.012359284046,141417206.44618
2016-10-11,29.427800572362,29.673224123038,29.050007627747,29.076743408056,249103143.08961
2016-10-12,29.342246075373,29.492184696373,29.18805155465,29.339081431989,147831696.56077
2016-10-13,29.198745866774,29.360470056237,28.924622274378,29.245779014991,136323557.22687
2016-10-14,29.470796072125,29.537144457546,29.285500745737,29.4099039684,137829444.46989
2016-10-17,29.339081431989,29.459883508734,29.196563354095,29.390479605563,88020022.01826
2016-10-18,29.539326970224,29.547947895303,29.36363469962,29.368872730048,88155510.807369
2016-10-19,29.317692807742,29.441877779138,28.452544782059,29.283318233058,78116869.466251
2016-10-20,29.217951978343,29.347593231435,29.084163951162,29.267385890507,94463871.870664
2016-10-21,29.203983897202,29.229737546806,29.071396251994,29.150512336583,87420946.460535
2016-10-24,29.277971076996,29.435330241103,29.251126171053,29.413941616855,90870794.003153
2016-10-25,29.484655027632,29.58854263112,29.334716406632,29.558314830525,154206919.09133
2016-10-26,28.583059040222,28.920366374655,28.329232815735,28.891557207302,257444550.76202
2016-10-27,28.838085646683,28.962052366811,28.529369228336,28.621689514629,112102694.4913
2016-10-28,28.470550511656,28.805784459044,28.361315752106,28.430937906544,139107596.03699
2016-10-31,28.41271392568,28.561561290341,28.299332392042,28.382922627621,105677596.42
2016-11-01,28.361315752106,28.445015113319,27.629955753604,27.874069796673,175303245.5675
2016-11-02,27.852681172426,28.089156421121,27.810122175199,27.89905956684,113326841.33203
2016-11-03,27.746780459311,27.864794116467,27.387528213195,27.456686170516,107730414.11412
2016-11-04,27.133261437612,27.557980321506,27.029795922185,27.207739237804,123347997.88808
2016-11-07,27.515855851427,27.627355415271,27.3632089315,27.601081905582,126356984.26015
2016-11-08,27.574265554784,27.930912163576,27.4253099544,27.76719128502,91884830.842905
2016-11-09,27.46743442448,27.83102939947,27.015030644013,27.721266927175,222972001.25908
2016-11-10,27.775333901659,27.775333901659,26.460789871446,26.947935482907,225312268.01173
2016-11-11,26.777374806374,27.214144762894,26.63547614041,27.110787815688,134874365.1678
2016-11-14,26.929696021635,26.953146757556,26.015551593622,26.432236429099,204702011.51327
2016-11-15,26.641990233721,26.921119132109,26.542867447168,26.774117759718,129058046.27435
2016-11-16,26.67412642739,27.552660478635,26.649372872807,27.494250775278,232561365.27572
2016-11-17,27.454731942523,27.584796672304,27.205567873367,27.483393953092,106000221.82772
2016-11-18,27.430738365493,27.635823736576,27.414453132215,27.510536008556,105115888.4716
2016-11-21,27.52660410539,27.999527279788,27.49967918637,27.932866391569,109244660.154
2016-11-22,27.988779025824,28.101472840109,27.84916029252,27.952082966837,89611248.428235
2016-11-23,27.839606288996,27.878690848864,27.579585397655,27.809532891543,98865038.191394
2016-11-25,27.786082155622,27.968368200116,27.739180683781,27.948934488404,44264073.021735
2016-11-28,27.85741147738,28.115478140728,27.848074610301,27.893890399924,100417144.29686
2016-11-29,27.696513372592,28.009949829086,27.512598804771,27.864794116467,110679432.66237
2016-11-30,27.902575857672,28.048165843179,27.563408732599,27.629418211486,131829943.01227
2016-12-01,27.590225083397,27.736032205347,27.254640709645,27.371568684582,139529222.65159
2016-12-02,27.289599677082,27.519112898082,27.210887716238,27.469497220695,95440455.991836
2016-12-05,27.497507821933,27.505107597463,27.065080594288,27.275051535354,129192418.92733
2016-12-06,27.373740049019,27.586968036741,27.296113770394,27.483393953092,100753400.14942
2016-12-07,27.313050413003,27.798784637579,27.287428312645,27.759808645933,117242166.10159
2016-12-08,27.714752833864,28.104729886765,27.650914719414,28.029817813685,103533923.72109
2016-12-09,28.075959307973,28.672541687063,28.075959307973,28.489169960351,133450673.24986
2016-12-12,28.325123377129,28.743979577043,28.120472278934,28.328380423785,103669912.86918
2016-12-13,28.461702200222,28.981418278238,28.441291374513,28.793812390874,167740210.61554
2016-12-14,28.753533580566,29.051770486,28.73855116595,28.793812390874,129438997.52596
2016-12-15,28.842885227152,29.189217854868,28.804669213059,28.95460192744,173577767.76786
2016-12-16,29.121037011543,29.128419650629,28.912368889139,28.995206442414,154816322.05925
2016-12-19,28.949499221013,29.341539070129,28.93875096705,29.165767118947,105212484.87726
2016-12-20,29.189217854868,29.368138284483,29.176406804689,29.240353487361,75524903.696054
2016-12-21,29.203006019043,29.346858913,29.197686176172,29.266844133493,86563946.056055
2016-12-22,29.091180750533,29.131568129063,28.910197524702,29.075112653699,100646219.61536
2016-12-23,28.896192224083,29.1337394935,28.896192224083,29.1337394935,55107463.287255
2016-12-27,29.1337394935,29.448044495768,29.125162603973,29.314831287553,70020731.390443
2016-12-28,29.374543809573,29.504499971132,29.051770486,29.192366333301,77235488.955976
2016-12-29,29.114631486454,29.280740865891,29.101711868053,29.189217854868,59004271.144785
2016-12-30,29.167938483384,29.298763190719,28.856673391328,28.95460192744,122345062.60793
2017-01-03,28.949499221013,29.08575233944,28.68231282703,29.038959435821,110960640.17852
2017-01-04,28.963178816967,29.131568129063,28.93875096705,29.007040378596,82082068.286584
2017-01-05,28.981418278238,29.216685614997,28.952647699447,29.157190229421,86783312.272
2017-01-06,29.197686176172,29.542933121669,29.121037011543,29.47681507456,123689021.24986
2017-01-09,29.486260509861,29.861363716368,29.483220599649,29.746389969424,126547418.43736
2017-01-10,29.690694471613,29.848444097967,29.577023543331,29.778200458427,84741654.075761
2017-01-11,29.68233471853,29.980788760407,29.649221410864,29.937904312775,105785922.47195
2017-01-12,29.720767869066,29.827273294705,29.553355670967,29.816742177186,106681124.57014
2017-01-13,29.778200458427,29.906093823772,29.701551293798,29.760069565378,101584159.81794
2017-01-17,29.587771797295,30.058306470811,29.555527035404,29.99967963101,127698060.84327
2017-01-18,29.99967963101,30.122470289927,29.927373195255,29.997616834795,90308655.079157
2017-01-19,29.852786826841,30.023347503374,29.845187051311,29.946481202301,95371962.653058
2017-01-20,30.10857355753,30.10857355753,29.93584151656,29.99967963101,113658598.15367
2017-01-23,29.99967963101,30.204547865649,29.944418406086,30.023347503374,77844136.669564
2017-01-24,29.888071498944,30.02660455003,29.87732324498,29.991211309705,90369653.591308
2017-01-25,30.101082350222,30.525149824785,30.068946156553,30.470757145636,126687692.44885
2017-01-26,30.41419310205,30.610267310719,30.400296369653,30.484545309812,101423825.6087
2017-01-27,30.535680942305,30.588987939235,30.400296369653,30.487693788245,80476132.433329
2017-01-30,30.232124194,30.403553416308,30.164920464672,30.403553416308,118971760.60718
2017-01-31,30.287602555368,30.346989372722,30.154280778931,30.339498165414,159640785.34191
2017-02-01,31.755227778395,32.623664985007,31.748822253305,32.185917914491,441051327.74716
2017-02-02,31.994077866474,32.345621768838,31.944027916199,32.136953646434,128505209.55128
2017-02-03,32.07930392063,32.294486136345,32.045322067189,32.264738443557,98029219.952409
2017-02-06,32.278635175954,32.625836349444,32.223156814587,32.578934877603,104460718.85765
2017-02-07,32.636367466964,33.01668194812,32.615196663703,32.879560283918,144946035.14014
2017-02-08,32.839932882941,33.051966620223,32.804865347282,33.003002352166,85850890.258716
2017-02-09,32.90928545459,33.114025995759,32.771242333643,33.109810113444,96139266.365848
2017-02-10,33.120295769459,33.237043279736,33.014250114292,33.032518937659,77284745.093479
2017-02-13,33.270878437806,33.451188481455,33.191317171544,33.32719830156,88453651.33323
2017-02-14,33.369573323808,33.772568433355,33.316820745091,33.753434813615,124238865.27153
2017-02-15,33.882181373559,34.067247797256,33.656037122172,33.878938387162,134528865.88188
2017-02-16,33.920881011224,33.97212019629,33.708897800435,33.839157754031,86151156.938584
2017-02-17,33.774730424286,33.956337662493,33.774730424286,33.932663861798,84506173.165092
2017-02-21,34.056978340333,34.191670375337,33.993091508321,34.177725533832,87730676.977715
2017-02-22,34.11005521769,34.283014492174,34.027142865485,34.279879605324,70386910.423649
2017-02-23,34.345604129627,34.366899740298,34.07589576098,34.12605395058,74431402.874774
2017-02-24,33.975363182686,34.168104674189,33.822402324315,34.168104674189,84913651.285075
2017-02-27,34.284960284012,34.356305984736,34.069409788187,34.232748203027,76549636.552005
2017-02-28,34.272312637065,34.356305984736,34.177725533832,34.247882139544,84598359.490732
2017-03-01,34.472729196373,35.03808982484,34.398248608798,34.950961590319,140001802.8078
2017-03-02,34.999714485814,35.071816883364,34.685901502173,34.736816388599,102272502.08373
2017-03-03,34.691306479501,34.959609554043,34.645580371309,34.948799599388,79920979.093431
2017-03-06,34.83961905737,34.946637608457,34.645580371309,34.834430279136,75777407.595801
2017-03-07,34.762111682493,34.993552811661,34.694549465898,34.881129283246,66749630.596481
2017-03-08,34.733573402203,34.950961590319,34.70200833461,34.747410144162,71880197.908645
2017-03-09,34.680496524846,34.694549465898,34.264853768353,34.666767882434,82458877.805779
2017-03-10,34.813242768012,34.836592270067,34.656066027325,34.783623492256,73952863.402131
2017-03-13,34.79010946505,34.857671681645,34.70200833461,34.800487021519,69686861.233679
2017-03-14,34.826106614051,34.91518064041,34.705035121913,34.744275257312,61236255.943122
2017-03-15,34.853455799329,35.188780592734,34.751626026477,35.117867290196,102767106.37861
2017-03-16,35.18013262901,35.254397017491,35.065439010118,35.172781859844,76927992.440669
2017-03-17,35.250073035629,35.250073035629,34.97225720099,34.996579598964,151762046.40315
2017-03-20,35.102841453225,35.373198419152,35.058196340499,35.366171948626,86168155.159748
2017-03-21,35.53221285213,35.698794253367,34.936043852895,34.961663445428,158119646.61444
2017-03-22,34.961663445428,35.397520817126,34.943502721607,35.355361993971,103440658.69518
2017-03-23,35.315797559932,35.391251043426,35.154513036477,35.228777424958,81385210.027311
2017-03-24,35.373198419152,35.433734165221,35.089004711266,35.162080004735,85683744.247119
2017-03-27,34.846969826536,35.30520380437,34.651958244556,35.218183669396,88878344.141519
2017-03-28,35.225642538108,36.010769544716,35.156675027408,35.950341898193,131025027.87256
2017-03-29,35.918344432414,36.123084973584,35.795327148438,36.027741173525,112211143.21838
2017-03-30,36.045793797799,36.125246964515,35.873915518781,35.982015065333,74805982.614389
2017-03-31,35.929154387069,36.066873209377,35.753168325282,35.912939455086,75171251.491636
2017-04-03,35.925911400673,36.027741173525,35.763653981298,35.923749409742,79942854.300825
2017-04-04,35.810244885862,36.224806646889,35.789057374738,36.193241579296,77719603.531829
2017-04-05,36.053144566964,36.363930763302,35.95358488459,36.0065536624,108065452.37791
2017-04-06,36.072278186704,36.130651941842,35.861267871834,35.912939455086,81189255.458808
2017-04-07,35.932289273919,36.042550811402,35.813487872258,35.831432396986,66688797.778863
2017-04-10,35.89715692129,35.968394522468,35.724197646806,35.789057374738,66743945.096221
2017-04-11,35.734899501915,35.834567283836,35.013659327319,35.405087785385,121517505.10506
2017-04-12,35.397520817126,35.539779820388,35.25223502656,35.450597694483,79519476.946712
2017-04-13,35.479460273412,35.598153575527,35.262936881669,35.262936881669,68568432.860422
2017-04-17,35.368117740464,35.471893305154,35.215264981639,35.458164662742,62500258.470035
2017-04-18,35.352119007574,35.514376426949,35.279043714105,35.300015026136,56256078.716009
2017-04-19,35.471893305154,35.50367457184,35.115705299265,35.169646972994,66076683.277827
2017-04-20,35.30520380437,35.729494524587,35.289745569213,35.611882217939,89555549.572392
2017-04-21,35.611882217939,35.67047217217,35.463461540523,35.571561087075,66520656.463013
2017-04-24,35.873915518781,35.987095744021,35.792192261588,35.907750676852,68473833.018645
2017-04-25,35.976718187552,36.228049633286,35.966232531537,36.133786828692,74687953.442141
2017-04-26,36.116815199884,36.15173135342,35.842026152548,35.918344432414,80067698.487784
2017-04-27,35.978772078937,36.038443028633,35.823973528274,35.947207011343,56830571.412609
2017-04-28,36.021363300278,36.074332078089,35.813487872258,35.910885563702,83441433.268662
2017-05-01,36.273667641931,36.805301211874,36.240913479325,36.646286778896,134108308.15107
2017-05-02,36.889186459998,37.019662612687,36.711795104106,36.880754695367,177730764.95506
2017-05-03,36.395712029988,36.87534971804,36.066873209377,36.770168859244,182438325.86749
2017-05-04,36.629098950994,36.791464469915,36.448788907345,36.632341937391,93385168.781761
2017-05-05,36.692769583913,37.246455461353,36.692769583913,37.241050484025,109310903.48565
2017-05-08,37.256941117369,38.423659523305,37.256941117369,38.252213642474,194736539.34204
2017-05-09,38.469385631497,38.715528298996,38.360096989933,38.501166898183,156127876.00238
2017-05-10,38.407012193136,38.487654454864,38.023907400156,38.31253318945,103122316.00923
2017-05-11,38.112627186678,38.512889167837,38.075809113101,38.484575853947,108957711.62737
2017-05-12,38.670604015174,39.109837173628,38.662206910675,39.025543163072,129723394.96536
2017-05-15,39.004119781079,39.163880076948,38.763295130231,38.924024322773,103660189.77317
2017-05-16,38.985280123547,39.017038403386,38.675556153726,38.86901252278,79984927.139071
2017-05-17,38.403080878224,38.639922287194,37.426217721408,37.562401531565,202719399.14879
2017-05-18,37.814745287305,38.337626525199,37.785032455998,38.13695725869,134272862.74925
2017-05-19,38.348176733417,38.492865303261,38.155043329921,38.264636309162,107554105.3009
2017-05-22,38.496956200325,38.642075390912,38.225665131868,38.494910751793,91737583.450746
2017-05-23,38.723355056263,38.723355056263,38.329444731071,38.456047229685,79635822.730516
2017-05-24,38.46455198937,38.537434550222,38.165593538138,38.337626525199,76827776.861799
2017-05-25,38.43806881364,38.585879383875,38.256454515034,38.471980197197,76876317.951172
2017-05-26,38.496956200325,38.556381862939,38.329444731071,38.406310533801,87567996.112561
2017-05-30,38.358834596821,38.60697980031,38.335581076667,38.422028190942,80476026.565078
2017-05-31,38.489635647684,38.537434550222,38.094971736191,38.186693954574,97823202.03521
2017-06-01,38.293487898982,38.335581076667,38.054493386294,38.295425692328,65537626.834293
2017-06-02,38.400927774506,38.865890522389,38.221466579618,38.865890522389,110816915.14214
2017-06-05,38.582757383484,38.611070697374,38.369384805039,38.482638060601,101138572.27986
2017-06-06,38.474133300915,38.952337636663,38.451848677435,38.611070697374,106375959.54838
2017-06-07,38.754898025731,38.995830331765,38.616453456669,38.844790105953,84081465.511387
2017-06-08,38.813031826114,38.886883283639,38.59858269581,38.746716231603,84586575.409695
2017-06-09,38.797206513788,38.797206513788,36.506196502744,37.242235008712,259154486.31582
2017-06-12,36.435359390425,36.523851953231,35.62396225433,36.352895518029,288811280.58394
2017-06-13,36.790083227951,36.859951443597,36.286472268331,36.654007072979,136386151.56211
2017-06-14,36.872654755533,36.872654755533,35.957800985792,36.286472268331,125823977.61256
2017-06-15,35.828830073089,36.120252661308,35.552048590152,36.07589872472,126649686.0934
2017-06-16,35.945205329042,36.124558868744,35.549034244947,35.566797350619,201071034.52498
2017-06-19,35.913339394017,36.68964093951,35.913339394017,36.587476168095,129865278.51582
2017-06-20,36.720537977862,36.720537977862,36.233398261685,36.251269022543,99544674.14506
2017-06-21,36.380239935246,36.518684504308,36.151042044475,36.467763601379,85063005.779243
2017-06-22,36.443756494925,36.682320386869,36.27785985346,36.40898386988,76344465.263132
2017-06-23,36.280012957178,36.790083227951,36.275706749742,36.571543200583,141694708.64876
2017-06-26,36.792236331669,37.070202021651,36.342345309811,36.454952634258,102716736.8484
2017-06-27,36.251269022543,36.541938024461,35.902789185799,35.932286706735,98925588.316119
2017-06-28,36.122405765026,36.52912705734,35.788782343936,36.457105737976,88224232.961834
2017-06-29,36.174510875,36.280012957178,35.568950454337,35.918614498126,125818089.36859
2017-06-30,36.112178522366,36.237704469121,35.945205329042,36.006245819445,92016477.586223
2017-07-03,36.216604052685,36.321029583004,35.773925928282,35.873291664864,57111387.146406
2017-07-05,35.921844153703,36.195395981064,35.67983529581,36.023362994002,86204797.500445
2017-07-06,35.752825511847,35.873291664864,35.60296949308,35.67983529581,96442865.372709
2017-07-07,35.72440454277,36.184845772846,35.72440454277,36.047693066015,74876380.853772
2017-07-10,36.028638098111,36.487141534841,35.841318074653,36.26526419671,84322948.536879
2017-07-11,36.180754875782,36.463457393944,36.097322106713,36.382285383778,78891147.96791
2017-07-12,36.467763601379,36.544952369666,36.204008395935,36.435359390425,99453841.549132
2017-07-13,36.373995934464,37.119723407163,36.359247173997,36.941123453762,100325924.94408
2017-07-14,36.991075460018,37.334064882281,36.831315164149,37.259136872898,80468909.397488
2017-07-17,37.200141831027,37.729159414518,37.140931478784,37.392198682665,95082321.532841
2017-07-18,37.301337705769,37.531612148399,37.164938585239,37.521277250553,71401466.042302
2017-07-19,37.618274573045,37.854793016458,37.486181659951,37.756826797293,83642673.830271
2017-07-20,37.872986742874,37.934027233277,37.54549966738,37.584363189488,68801748.270494
2017-07-21,37.496839523355,37.607832020013,37.217043695213,37.565523531956,100484927.0382
2017-07-24,37.64594195582,38.109505186287,37.475631451734,38.023811658314,85876764.998283
2017-07-25,37.94996020079,38.46455198937,37.94996020079,38.183464298997,75320090.087123
2017-07-26,38.339779628917,38.482638060601,38.264636309162,38.369384805039,62937504.065738
2017-07-27,38.443451572935,38.494910751793,36.822810404463,37.639482644667,129736087.34045
2017-07-28,37.472401796157,37.556157530784,37.298215705378,37.37841881887,68785031.936906
2017-07-31,37.475631451734,37.58221008577,37.02983132694,37.178933759405,78855267.671315
2017-08-01,37.274100943737,37.554004427066,37.101744991118,37.512772490868,136546854.45679
2017-08-02,39.827143677251,39.935875415005,39.04029192354,39.283054367734,278946940.17928
2017-08-03,39.259800847581,39.301140438965,38.754898025731,38.892050732562,106499098.06595
2017-08-04,39.019191507104,39.344202513323,38.921871219055,39.101547724314,82084181.328453
2017-08-07,39.263030503158,39.736390355541,39.169047525871,39.706785179419,87318345.343057
2017-08-08,39.652957586471,40.458864308086,39.571570265934,40.011879976247,144532717.77445
2017-08-09,39.821976228328,40.319450842351,39.784835189194,40.266592146076,104257914.81042
2017-08-10,39.973434804016,39.998313111367,38.657994302844,38.830641177132,158634157.71644
2017-08-11,39.147410659521,39.65044574479,39.018944227597,39.372387766512,104948589.49957
2017-08-14,39.830384536749,40.051286748571,39.687012567232,39.95970884134,88300506.695525
2017-08-15,40.164954876984,40.545528639001,40.032413549891,40.396258794896,117520849.70964
2017-08-16,40.482474997956,40.628742287726,40.03552333831,40.237552351451,110494423.25966
2017-08-17,40.133320822378,40.177394030659,39.460963119407,39.467289930328,109985963.6518
2017-08-18,39.467289930328,39.868988806777,39.175934925707,39.376569895765,109593618.24572
2017-08-21,39.376569895765,39.474689082083,38.777131369511,39.300755398795,105363461.32563
2017-08-22,39.561977625978,39.998313111367,39.50825335019,39.941586281244,86275347.407571
2017-08-23,39.766901959372,40.119594859702,39.718646621838,39.994130982114,77514754.971476
2017-08-24,40.109085919528,40.185651055082,39.64508404062,39.816658574073,79213223.352151
2017-08-25,39.90716414047,40.140719974134,39.816658574073,39.962818629759,101870646.46589
2017-08-28,40.032413549891,40.498452876384,39.980833955772,40.362801760873,102792261.09492
2017-08-29,40.024907164052,40.789807881005,39.998313111367,40.734153391716,117831391.83339
2017-08-30,40.947656451783,40.970711779715,40.655121872244,40.842459815959,108892494.14776
2017-08-31,40.909910054423,41.125557796157,40.874093870564,40.997198598317,106984930.86659
2017-09-01,41.19611782304,41.232684645482,40.90669303192,41.007600304408,66302675.175727
2017-09-05,40.937147511608,41.058107557693,40.140719974134,40.517326075064,118021514.22127
2017-09-06,40.681394222679,40.755064037981,40.133320822378,40.475183080285,86449458.095204
2017-09-07,40.519470756732,40.55936183576,40.090963359432,40.316262168673,87629185.621928
2017-09-08,40.214282555352,40.28784513657,39.639722336449,39.664064473383,113701326.22437
2017-09-11,40.127101245541,40.508961816558,39.970325015598,40.371058785295,126067504.56851
2017-09-12,40.655121872244,40.98658242406,39.692374271403,40.214282555352,286429654.86072
2017-09-13,39.966035652261,39.988983746111,39.479836318087,39.90716414047,179472051.12657
2017-09-14,39.74609854719,39.844753903926,39.524874633119,39.57463124782,94559623.001329
2017-09-15,39.623851692105,40.242592353372,39.501926539269,39.968180333929,195396504.86107
2017-09-18,40.028124186555,40.127101245541,39.501926539269,39.674573413557,112637666.27247
2017-09-19,39.872205829279,39.938476492825,39.615487433599,39.684867885564,82377329.28951
2017-09-20,39.477906104586,39.570449118567,38.455965289703,39.018944227597,208796668.82318
2017-09-21,38.953638670802,38.953638670802,38.189810294683,38.344334608875,149479643.8828
2017-09-22,38.002579585052,38.065633226096,37.643667107884,37.973948084782,186333166.33001
2017-09-25,37.498686627115,37.958291908604,37.290330803053,37.640450085381,177475275.53812
2017-09-26,37.945959989012,38.4760180633,37.921510617995,38.290932035337,146504895.65108
2017-09-27,38.447601031197,38.679226651359,38.3803652609,38.556014689523,101613477.29799
2017-09-28,38.467439336628,38.569740652199,38.177371141008,38.321493749109,87937236.000595
2017-09-29,38.308840127266,38.529527870921,37.998290221715,38.527383189253,105060257.35385
2017-10-02,38.563306607195,38.61381386048,38.182625611095,38.449638478782,74730791.230556
2017-10-03,38.498322752649,38.771769665341,38.472801040798,38.615958542148,64876719.965036
2017-10-04,38.403635056999,38.460040184872,38.114960904464,38.364387382472,80463849.978847
2017-10-05,38.542181492763,38.862275231738,38.508831692823,38.848442034978,85061431.124031
2017-10-06,38.742065824237,38.872891405995,38.640086210915,38.824207132128,69542981.699133
2017-10-09,38.956855693304,39.178079607376,38.872891405995,38.964254845059,64975178.399746
2017-10-10,39.015834439179,39.501926539269,38.773914347009,38.98001825532,62415087.510041
2017-10-11,38.997926347249,39.240060907586,38.940127176292,39.134757037679,67526295.463506
2017-10-12,39.083284677643,39.343327329908,38.935837812956,39.002215710586,65524446.861115
2017-10-13,39.178079607376,39.319950299725,39.09894085382,39.243277930088,65495218.280981
2017-10-16,39.477906104586,39.998313111367,39.416782677043,39.968180333929,96384763.794061
2017-10-17,39.941586281244,40.21642723702,39.806149633899,40.119594859702,75889419.122462
2017-10-18,40.105868897026,40.177394030659,39.895582859462,39.936546279324,65025642.765441
2017-10-19,39.183119609296,39.267298364771,38.75600625508,39.000071028918,169547347.46733
2017-10-20,39.15052044794,39.439730770892,38.99481655883,39.056905093124,95646630.940363
2017-10-23,39.218828559071,39.427184383134,38.874821619496,39.040927214696,87840491.573168
2017-10-24,39.067521267381,39.3556592495,39.046288918867,39.271587728108,70553328.377691
2017-10-25,39.225048135909,39.390403092524,38.816807980372,39.09894085382,84709987.825389
2017-10-26,39.306117102965,39.458818437739,39.190304292884,39.353514567832,67730888.064129
2017-10-27,39.822020278244,40.899293880165,39.678541074643,40.770827448242,177605635.21068
2017-10-30,40.970711779715,42.018710476867,40.92996282802,41.679100134712,178803085.64732
2017-10-31,41.97570960942,42.409149774557,41.731537601499,42.264169293789,144187306.01819
2017-11-01,42.467270647764,42.484857037443,41.40533151977,41.717918872906,134551052.62603
2017-11-02,41.909546179957,42.124979453524,41.32008042346,42.029112182957,165573487.79086
2017-11-03,43.501436148156,43.567921279869,42.778463957816,43.122578131474,237594516.50223
2017-11-06,43.088906629283,43.746466028744,42.933202740174,43.564704257367,139104898.60931
2017-11-07,43.478380820223,43.780244765018,43.478380820223,43.700355372878,97349547.533629
2017-11-08,43.666576636605,44.061090829465,43.585400435465,44.061090829465,97454328.584978
2017-11-09,43.775955401681,44.027633795441,43.28450159742,43.971657603902,117709200.2728
2017-11-10,43.777502125005,43.848771056487,43.566793979755,43.665202804184,100521973.70936
2017-11-13,43.37692157909,43.621287465595,43.35063648592,43.495631898245,67835580.564858
2017-11-14,43.263981158437,43.371579080479,42.79736732968,42.834871669935,98770165.111916
2017-11-15,42.4901736595,42.576081037178,42.099102761115,42.267712017304,115999199.06923
2017-11-16,42.79736732968,42.966190285813,42.571807038289,42.779416534344,94422184.571764
2017-11-17,42.762641088703,42.848655316353,42.413775929351,42.53697394734,87545675.531837
2017-11-20,42.568708389094,42.637947171103,42.392512784876,42.492310658945,64167093.883995
2017-11-21,42.695432456166,43.426072566319,42.695432456166,43.286740202523,100203013.40186
2017-11-22,43.341340538336,43.74811838264,43.267186657604,43.737753935333,102246464.56455
2017-11-24,43.77536512556,43.877299999074,43.661142505239,43.740852584528,56106687.484507
2017-11-27,43.761902029058,43.769381527115,43.336104889696,43.520634791749,82371639.559451
2017-11-28,43.574166627839,43.714460641385,42.962984786646,43.270178456826,105613705.49564
2017-11-29,43.156703786311,43.23213986671,41.790626891268,42.371356490373,165901296.26584
2017-11-30,42.605357929571,43.033078368434,42.115878206756,42.959779287479,165961501.24171
2017-12-01,42.48493801086,42.915543398973,42.130302953008,42.765739737898,158943461.98251
2017-12-04,43.119092596084,43.154566786866,42.410570430184,42.451921369439,130056947.22358
2017-12-05,42.262369518692,42.879000708469,42.105406909476,42.413775929351,109266490.72179
2017-12-06,41.876427418974,42.547658944563,41.608447688605,42.260339369219,113601813.32697
2017-12-07,42.254035220857,42.607388079043,42.225933678159,42.329791851173,102625408.97748
2017-12-08,42.62106487549,42.752062941452,42.201571884489,42.343148097703,93181912.840979
2017-12-11,42.299232759113,43.224767218626,42.194412936349,43.167388783535,137065577.02783
2017-12-12,43.036177017628,43.095051352331,42.863400612522,42.920885897585,77571998.630532
2017-12-13,43.124221394751,43.387499726342,42.997497327679,43.067697759438,93613865.222753
2017-12-14,43.098256851498,43.283641553328,42.910307750334,43.054127812964,81771514.929955
2017-12-15,43.408656020845,43.540615736557,43.113750097472,43.495631898245,160522047.32483
2017-12-18,43.71659764083,44.294335440713,43.712323641941,44.106706889466,117551366.06121
2017-12-19,43.756666380419,43.850908055931,43.520634791749,43.629728613402,109577619.48771
2017-12-20,43.714460641385,43.859349203738,43.31526914511,43.587629724341,93827702.433206
2017-12-21,43.540615736557,44.007122715341,43.523626590971,43.751323881807,83403909.364406
2017-12-22,43.668408303352,43.859349203738,43.621287465595,43.751323881807,65363204.629978
2017-12-26,42.699599605083,42.865537611967,42.424140376658,42.64115267027,132580114.93581
2017-12-27,42.52361770081,42.695432456166,42.431299324798,42.648418468382,85920999.39607
2017-12-28,42.752062941452,42.959779287479,42.617859376323,42.773112385982,65831687.671688
2017-12-29,42.627369023852,42.646281468937,42.304575257725,42.30671225717,103783514.09824
2018-01-02,42.540179446507,43.074108757772,42.315153404977,43.064599110243,102077413.51454
2018-01-03,43.132662542558,43.633895762319,42.9870260304,43.057226462159,117866622.10944
2018-01-04,43.13469269203,43.369442081034,43.018333072265,43.260775659269,89395558.090183
2018-01-05,43.361107783199,43.84556555732,43.267186657604,43.74811838264,94385784.000771
2018-01-08,43.587629724341,43.903264542327,43.485160600966,43.598207871592,82121418.624055
2018-01-09,43.633895762319,43.765107528226,43.352773485365,43.581539275923,86132764.542344
2018-01-10,43.29090735144,43.574166627839,43.253403011185,43.571067978644,95755712.293087
2018-01-11,43.644580759543,43.874201349879,43.621287465595,43.821524313566,74615125.61141
2018-01-12,44.046870905013,44.336434329774,43.913628989634,44.266127048042,101331343.12883
2018-01-16,44.472668044376,44.848245696787,44.036292757762,44.049007904458,118071062.03153
2018-01-17,44.038429757206,44.814374255588,43.76724452767,44.775587715666,137076812.40745
2018-01-18,44.843971697897,45.02615090056,44.563811070693,44.816511255032,124362173.63344
2018-01-19,44.654099297233,44.895045984626,44.346798777081,44.617342906784,125919070.62197
2018-01-22,44.320727383855,44.443177452038,44.150729078027,44.249458452374,108252348.20278
2018-01-23,44.320727383855,44.861601943316,44.203192414395,44.258754399958,130162962.22539
2018-01-24,44.306943737437,44.320727383855,43.301485498692,43.553224033281,205514421.20548
2018-01-25,43.62342446504,43.735616935888,42.630574523019,42.781553533789,165793265.35335
2018-01-26,42.997497327679,42.997497327679,42.513146403531,42.876008909246,156365514.65848
2018-01-29,42.540179446507,42.540179446507,41.766799347459,41.990863739239,202274560.74736
2018-01-30,41.383955896936,41.84330392758,41.174209401436,41.742651253734,182816289.89822
2018-01-31,41.715083960897,42.115878206756,41.618918985884,41.859117723471,129094554.835
2018-02-01,41.793725540463,42.158725045622,41.686768718254,41.942888101705,183695611.60541
2018-02-02,41.501170316479,41.697346865505,40.025144800005,40.124728974129,343926457.16997
2018-02-05,39.770307616221,40.963501256185,38.996606967256,39.118309085634,288978254.77825
2018-02-06,38.709287391912,40.925676366014,38.498579246662,40.758028759575,272975354.03611
2018-02-07,40.769568556576,40.848210136142,39.762187018331,39.874058939262,205932124.63643
2018-02-08,40.072372487733,40.247606442201,38.764956227448,38.790065970923,216729914.99473
2018-02-09,39.272754801912,39.470901577655,37.560413358045,39.105681526984,282400944.71278
2018-02-12,39.621373941189,40.970517240259,39.379064484494,40.673935573237,243122563.4168
2018-02-13,40.493347453776,41.191011396725,40.418111272009,41.087468532709,129938201.75202
2018-02-14,40.757472210701,41.886121353306,40.720971488854,41.843554913834,161934867.12711
2018-02-15,42.444805871378,43.276979763059,42.254959551332,43.249737241797,203665056.96743
2018-02-16,43.092454247947,43.705198144149,42.940811307328,43.107884582256,160484074.41892
2018-02-20,43.012110093443,43.563239068509,42.854188603002,42.961668862669,135578407.5803
2018-02-21,43.208234963311,43.526631930563,42.749794410196,42.764479831814,149542839.82718
2018-02-22,42.949111763025,43.485874564769,42.926445134006,43.125656070735,123820525.87335
2018-02-23,43.41478861085,43.914199361957,43.383715110035,43.878549968899,135137880.24862
2018-02-26,44.086380609622,44.84863912447,44.05190179365,44.743287186777,151443715.75205
2018-02-27,44.773402942703,45.124363236151,44.545672491527,44.600051117953,155712495.62307
2018-02-28,44.815118053386,45.154585408176,44.517578641475,44.535350129955,151128551.97123
2018-03-01,44.637616000787,44.941646794717,43.165349275543,43.752127643667,195207876.04123
2018-03-02,43.200785836404,44.073823509978,43.113098971091,44.05190179365,153815801.39633
2018-03-05,43.805442109106,44.436170325985,43.63091970727,44.20024583521,113605457.72595
2018-03-06,44.48012017474,44.566849295164,44.032108399295,44.161616791389,95154023.926482
2018-03-07,43.735313900076,43.96315076735,43.566325135371,43.759470354476,126813843.65092
2018-03-08,43.873229163965,44.279632244826,43.770005548245,44.231425752124,95096421.739633
2018-03-09,44.493528603174,44.998792239708,44.345290977712,44.993577850873,128740642.34531
2018-03-12,45.075092582462,45.597276378687,45.054235027121,45.428394030081,128828325.50712
2018-03-13,45.646440616277,45.878321295302,44.808733087465,44.991449528899,126774114.69964
2018-03-14,45.082328877172,45.130535369875,44.455005975451,44.61154405661,117473423.24155
2018-03-15,44.627080807018,45.06157773793,44.521835285423,44.66400719326,90975189.093085
2018-03-16,44.66400719326,44.77765958665,44.406054570058,44.50917176968,157618757.0113
2018-03-19,44.327625905331,44.366148533053,43.41478861085,43.826299664447,133787087.44769
2018-03-20,43.813848980902,44.195989191263,43.735313900076,43.813848980902,78597394.602087
2018-03-21,43.762662837436,43.775219937081,42.812473492319,42.814601814293,148219737.38548
2018-03-22,42.498013920718,43.16960591949,42.150565358527,42.215159930426,165963072.49562
2018-03-23,42.096080316002,42.478326942462,41.239749969921,41.239749969921,164115135.92927
2018-03-26,42.015842577597,43.279108085033,41.610503657724,43.193336709496,150164936.49132
2018-03-27,43.417981093811,43.789905358699,41.727561366272,42.082459055371,163690309.22954
2018-03-28,41.811949332526,42.503228309554,41.299449401281,41.620932435394,166674174.48994
2018-03-29,41.955078985251,42.936767495578,41.721176400351,41.948906851527,153594017.28384
2018-04-02,41.974765963507,42.238358639938,41.119925442807,41.670203089083,150347157.04103
2018-04-03,41.913363874568,42.18898157015,41.224213219514,42.096080316002,121112176.25732
2018-04-04,41.224213219514,43.001574899674,41.195268040673,42.902288679605,138421959.48412
2018-04-05,43.146726458274,43.5558963577,43.02041054914,43.200785836404,107732782.37185
2018-04-06,42.741281122302,43.121505842887,42.049150816484,42.092887833042,140021162.06823
2018-04-09,42.46800458089,43.276979763059,42.457469387121,42.511741597448,116070861.95758
2018-04-10,43.252929724757,43.495345597551,42.882388869152,43.316034471275,114301822.28845
2018-04-11,43.059784505652,43.477574109072,42.923252651045,43.110970649118,89726560.345671
2018-04-12,43.351045367741,43.752127643667,43.263464918527,43.5317399033,91557136.756718
2018-04-13,43.696046359662,43.961022445377,43.459909036691,43.685511165893,100497021.90377
2018-04-16,43.759470354476,44.045623243828,43.707220050024,43.955701640443,86313677.290348
2018-04-17,44.116602781648,44.735838059869,44.095638810207,44.563656812204,106421762.68846
2018-04-18,44.455005975451,44.70433889466,44.216846746604,44.46234868626,83018149.599062
2018-04-19,43.738399966937,43.849179125664,43.165349275543,43.200785836404,139235203.91869
2018-04-20,42.651359518917,42.802044714648,41.355849933581,41.428851377276,261964554.66496
2018-04-23,41.708512884608,41.727561366272,41.022767544712,41.313070661912,146061907.85736
2018-04-24,41.416294277632,41.582516223771,40.306480784494,40.728420615761,134768063.0829
2018-04-25,40.653078017896,41.353721611608,40.601998290529,40.911030641097,113528331.23756
2018-04-26,41.029046094534,41.43097969925,40.838880526192,41.056182199697,111852054.78868
2018-04-27,40.998611090311,41.084276049749,40.156114837058,40.581992063977,142623356.69323
2018-04-30,40.539212792308,41.814077654499,40.468126838389,41.31722088976,169709688.89054
2018-05-01,41.603373779112,42.298590151791,41.320306956622,42.277626180351,214277500.14101
2018-05-02,43.80757043108,44.438085815761,43.44628777606,44.137566753088,266157481.35118
2018-05-03,43.971451223047,44.374661820948,43.610168568027,44.218975068578,136272722.64086
2018-05-04,44.566849295164,46.060931320638,44.548864974487,45.960687355681,224805260.63864
2018-05-07,46.294833905537,46.916942418423,46.186076652686,46.289513100603,169805680.94557
2018-05-08,46.24460550696,46.556085427798,45.918759412801,46.515008813707,113611110.06623
2018-05-09,46.637280911091,46.847133457689,46.305369099306,46.837662424906,92844961.641292
2018-05-10,46.935778067889,47.591620484057,46.912685774476,47.507126101705,111957150.72941
2018-05-11,47.370432305985,47.514920287083,46.86488338313,47.147604913274,104848877.39014
2018-05-14,47.252976192225,47.380715016306,46.963576200739,47.036403231564,83115089.221352
2018-05-15,46.693469542019,46.768098697333,46.278238858265,46.606861559219,94780630.490609
2018-05-16,46.518345444607,47.116544767667,46.499794163102,47.044777810072,76732249.983809
2018-05-17,46.997922573355,47.229866595835,46.58926434362,46.747321262046,69176119.160263
2018-05-18,46.799370857585,46.951173343961,46.532974455166,46.576543464873,73190908.784253
2018-05-21,46.997922573355,47.314142417532,46.726331812115,46.908346385514,73603143.513036
2018-05-22,47.095767332381,47.221386010004,46.693469542019,46.792056352305,60962815.812198
2018-05-23,46.586084123933,47.124919346176,46.439475996378,47.09057297356,80233659.979704
2018-05-24,47.193506084084,47.211103299684,46.551737751317,47.036403231564,92935899.441174
2018-05-25,47.05718066685,47.411881169235,46.911526605201,47.145484766816,69843850.389306
2018-05-29,46.900289828975,47.189265791169,46.716049101794,46.971950779247,90056300.261777
2018-05-30,46.930395908675,46.997922573355,46.693469542019,46.875272100773,74762185.140086
2018-05-31,46.80763942877,47.05718066685,46.536154674852,46.716049101794,109931170.62535
2018-06-01,46.994848360991,47.567075889944,46.938876494506,47.560821457893,93770033.325424
2018-06-04,47.91117566004,48.354286269714,47.838348629216,47.959090969986,105064695.49946
2018-06-05,48.26386202329,48.486371394033,48.084815654932,48.326406343795,86263851.88137
2018-06-06,48.40845601171,48.521141795941,47.980928478501,48.495806045771,83734477.563693
2018-06-07,48.536406850437,48.551883919579,48.077607156975,48.364674987357,85388716.112707
2018-06-08,47.795839692737,47.999479760006,47.44325933681,47.927818809734,106627196.04646
2018-06-11,47.838348629216,47.991423203467,47.553400945291,47.807182476286,73233836.007354
2018-06-12,47.848843354182,48.146511916853,47.790539326593,48.064144226968,67644561.758604
2018-06-13,48.098384592261,48.217112793896,47.610538892328,47.678171564331,86553574.319058
2018-06-14,47.890504232077,47.896652656804,47.556581164978,47.703189292533,86440291.579028
2018-06-15,47.507605781803,47.539938015284,47.065555245358,47.211103299684,246876638.20649
2018-06-18,46.966650413103,47.301527546108,46.802445069949,47.187357659357,73939463.674969
2018-06-19,46.285447356221,46.580783757789,45.863114181833,46.421666766133,134313818.25355
2018-06-20,46.586084123933,46.802445069949,46.432161491099,46.622550643007,82514799.5596
2018-06-21,46.815801992632,47.087392753873,46.236471973046,46.367709038783,102847596.77839
2018-06-22,46.530854308708,46.539334894539,46.174139667188,46.231171606902,108801781.66676
2018-06-25,45.850605317732,46.231171606902,45.17968497117,45.541805986158,126652381.49739
2018-06-26,45.749686346342,46.630819214192,45.637424591403,46.106613002508,98276799.339147
2018-06-27,46.309192996548,46.823222505235,46.005694031118,46.036860184047,101141313.7116
2018-06-28,46.022443188134,46.551737751317,45.948450076758,46.377249697842,69460932.503127
2018-06-29,46.571561120697,46.799370857585,45.729014918379,46.278238858265,90950657.344067
2018-07-02,45.953538428257,46.828310856733,45.855693669231,46.79735671845,70925369.070053
2018-07-03,46.949053197503,46.984353636025,45.883997624442,45.977602090553,55819220.208212
2018-07-05,46.315553435921,46.60177320772,46.066966263748,46.353186035547,66416998.450201
2018-07-06,46.357426328462,47.111350408846,46.302090505914,46.990714075399,69940984.244963
2018-07-09,47.37244644512,47.672977205509,47.32251699604,47.647111418725,79026533.938661
2018-07-10,47.681245776695,47.820751413616,47.545980432689,47.587641310584,63756589.788656
2018-07-11,47.124919346176,47.445379483268,46.902409975432,46.966650413103,75325882.990119
2018-07-12,47.380715016306,47.855097786232,47.324637142498,47.763507459256,72164520.257166
2018-07-13,47.775910316034,47.961211116443,47.729373101286,47.834214343623,50079163.923236
2018-07-16,47.883083719475,48.156370597881,47.605238526184,47.73244731365,60172443.055704
2018-07-17,47.436898897437,47.969373680306,47.296333187286,47.865592511198,62138094.05341
2018-07-18,47.945734047302,47.950928406123,47.481633987696,47.600044167362,65573522.758489
2018-07-19,47.422481901524,48.131882906294,47.422481901524,47.971493826764,81147005.372849
2018-07-20,47.945734047302,48.101564811948,47.542906220325,47.862518298834,82824164.979897
2018-07-23,47.672977205509,47.989303057009,47.388029521585,47.907041374447,63957456.100716
2018-07-24,48.104639024312,48.415876524313,48.01209463143,48.248172939503,74791595.372465
2018-07-25,48.26386202329,48.711106918557,48.101564811948,48.702838347372,67305934.208904
2018-07-26,48.652802890968,48.992132331535,48.404215718795,48.554958131942,76303855.050681
2018-07-27,48.745453291173,48.797502886711,47.525309004726,47.750150536572,96095884.910783
2018-07-30,47.975734119679,48.044532872234,47.265485056326,47.476333621551,84118137.851415
2018-07-31,47.574496402546,48.03191800081,47.331845640454,47.571316182859,157492153.79724
2018-08-01,49.784431062804,50.438920274318,49.323829244853,50.378390092949,271742860.91802
2018-08-02,50.145492004562,52.095708723743,50.09036819666,51.848287632121,249616045.18412
2018-08-03,51.75574323924,52.184860882293,51.369876583925,51.998075979363,133789583.71497
2018-08-06,52.001150191727,52.312175677082,51.766343971529,52.269666740604,101701542.93334
2018-08-07,52.330938973233,52.372493843805,51.690548735663,51.775672615943,102349541.56332
2018-08-08,51.512138411242,51.95429495501,51.129557982937,51.810761039819,90101946.164986
2018-08-09,51.819135618327,52.442246662266,51.798146168395,52.220797364752,93970507.211764
2018-08-10,51.843288963413,52.272491466135,51.667086705343,51.884909880488,98444806.48747
2018-08-13,51.92610825018,52.736765401519,51.92610825018,52.212172827431,103563518.60091
2018-08-14,52.536900490086,52.639368230091,52.066288343981,52.439186408123,82992037.197127
2018-08-15,52.303443061828,52.684792073599,52.083824060312,52.559506774995,115230251.88635
2018-08-16,52.939059960395,53.450764839347,52.868388910845,53.32875428295,114001459.03902
2018-08-17,53.359917152333,54.485372102862,53.290196834391,54.391989131558,141707986.90683
2018-08-20,54.522767546121,54.795521880856,53.777393965219,53.863276720502,121150779.87857
2018-08-21,54.201314625673,54.299873802399,53.503900172566,53.759963885734,104639012.66367
2018-08-22,53.524604994258,54.090395938038,53.458053781678,53.762076622641,76072521.59187
2018-08-23,53.661404709007,54.265753101346,53.648833924409,53.870565662832,75532892.64136
2018-08-24,54.15282731365,54.227406926478,53.777393965219,54.040746620716,73905421.663744
2018-08-27,54.289415754708,54.687455388047,54.083423906244,54.482202997501,82100464.756908
2018-08-28,54.75189386372,55.133559786027,54.732139773637,54.923976284821,91107061.80838
2018-08-29,55.035000609301,55.872383882517,54.850347403601,55.741816741645,109019216.35488
2018-08-30,55.810269417442,57.068298608905,55.597728084565,56.25573999435,195175295.40541
2018-08-31,56.625785863667,57.218831113552,56.494267991186,56.90656859865,173360534.73156
2018-09-04,57.106644783773,57.292459994772,56.65694873305,57.094390909711,109560520.85713
2018-09-05,57.25009961978,57.418801661829,56.273486984372,56.716950461218,133331843.17654
2018-09-06,56.553424624591,56.836320096481,55.327192123583,55.772873974182,137159901.45108
2018-09-07,55.463886201487,56.342890391777,55.176659618937,55.327192123583,150479238.99023
2018-09-10,55.239196631393,55.463886201487,54.119446070514,54.582874911135,158065802.15598
2018-09-11,54.499738713832,56.081544836342,54.142263629113,55.965661216975,142996194.62951
2018-09-12,56.235035172658,56.251620157381,54.957885712184,55.269936953395,197114955.7511
2018-09-13,55.879672824847,57.092278172803,55.639877185866,56.601066841851,166825507.13197
2018-09-14,56.438280463143,56.708816424125,55.627412038113,55.962492111614,127997153.39053
2018-09-17,55.5354023458,55.734422162469,54.316458787122,54.467942023376,148780527.71786
2018-09-18,54.447237201685,55.463886201487,54.284450822976,54.560057352536,126286849.57206
2018-09-19,54.626397291425,54.904222194738,53.824191087716,54.59322732198,108495330.96424
2018-09-20,55.058557625818,55.566459578337,54.787070933227,55.003626466227,106435174.78251
2018-09-21,55.195357340566,55.342615103007,54.322480087307,54.41269395325,384986985.92432
2018-09-24,54.206596467941,55.316839712737,54.161278261279,55.197470077474,110773427.20203
2018-09-25,54.934328695667,55.703364929931,54.923976284821,55.545754756645,98217518.367337
2018-09-26,55.251450505456,55.938512547716,54.937286527337,55.104298379861,95938821.960169
2018-09-27,55.957315906191,56.608355784182,55.88484903027,56.238098641174,120724908.58486
2018-09-28,56.196794634636,56.458879647989,56.009077960421,56.436273363081,91717451.10746
2018-10-01,56.989599159108,57.353306817703,56.584164946593,56.812340532583,94403205.296892
2018-10-02,56.809277064068,57.498663116926,56.65694873305,57.31939739034,99152675.978848
2018-10-03,57.512184633133,58.368371264824,57.446689789006,58.018924580354,114619196.15313
2018-10-04,57.69461946508,58.089384356213,56.683886128618,56.999845933108,128168000.97631
2018-10-05,56.991711896015,57.106644783773,55.143700923183,56.079643373125,134321847.18165
2018-10-08,55.550930962068,56.199752466306,55.048310851817,55.944639484747,118655691.17078
2018-10-09,55.910624420539,56.815404001099,55.556107167491,56.716950461218,107564114.21256
2018-10-10,56.365813587221,56.584164946593,54.013597951457,54.090395938038,167962210.89839
2018-10-11,53.628023465872,54.874010056963,53.084099349082,53.609748291623,212497569.59545
2018-10-12,55.104298379861,55.718787909355,54.211772673364,55.525155571799,161351403.86813
2018-10-15,55.292965785685,55.459660727672,54.316458787122,54.340332714174,123164027.23808
2018-10-16,54.735203242152,55.74488021016,54.190962214827,55.5354023458,116735845.88103
2018-10-17,55.571741420605,55.657835449579,54.835769518941,55.301099822778,91541589.172776
2018-10-18,54.4617094495,54.931159590306,53.249737922616,54.006520282818,130325260.58786
2018-10-19,54.51230949843,55.316839712737,54.356072604134,54.82848057661,132314905.38719
2018-10-22,54.944575469668,55.837946270928,54.737210342214,55.161131002668,115168329.36322
2018-10-23,53.957716060259,55.810269417442,53.675137498905,55.679702276569,155071385.77688
2018-10-24,55.648328133496,56.063269662093,53.633199671294,53.772323396641,163700650.46992
2018-10-25,54.426426743148,55.34779130843,54.188849477919,54.947744575029,119423068.30817
2018-10-26,53.975674323971,55.045141746456,53.167975004303,54.077191332368,189033502.75956
2018-10-29,54.797528980918,54.920912816306,51.522998048264,53.0631832537,183742083.86056
2018-10-30,52.787682360985,53.793028218333,52.315908209581,53.325585177589,146639951.67911
2018-10-31,54.22212508421,55.112643690645,54.159165524372,54.716611157368,153435731.10165
2018-11-01,54.762246274566,55.58737567372,54.20342736258,55.554100067429,233292721.06357
2018-11-02,52.388375085502,53.411573569717,51.358310206338,51.873501101188,365314612.21039
2018-11-05,51.077104923974,51.098021019356,49.546427034621,50.40039529256,264654672.36496
2018-11-06,50.480151110811,51.17999521136,50.427438324973,50.94041084607,127531521.3487
2018-11-07,51.49299718418,52.512920926188,51.034005091065,52.485877893775,133697735.39782
2018-11-08,52.493395059789,52.528765626611,51.689977899102,52.121583029974,101450539.08779
2018-11-09,51.385012029801,51.501755954225,50.561067308012,51.120048587263,137462998.64453
2018-11-12,49.750912896503,49.963873184248,48.447360131726,48.543787034135,204542063.71848
2018-11-13,47.904064014548,49.29678008319,47.858903380123,48.059231322574,187531741.16932
2018-11-14,48.475467100005,48.620107453619,46.483977864436,46.698833003975,243203822.29465
2018-11-15,47.096436072097,47.993122048869,46.72557146818,47.848376425711,185915200.49338
2018-11-16,47.625310261731,48.746220367469,47.369084191355,48.381250858022,147713009.78565
2018-11-19,47.501302738764,47.675839642907,46.247437198809,46.466397850569,167683492.39458
2018-11-20,44.593547391217,45.370436626787,43.875819639441,44.245736817461,271300992.51481
2018-11-21,44.930725741018,45.064523331588,44.141098890611,44.198049713977,124496840.08961
2018-11-23,43.732231981268,44.151520575478,43.024610105726,43.06998127924,94495890.370023
2018-11-26,43.559589928919,43.734232102606,42.564898006576,43.649700658682,179994083.37219
2018-11-27,42.876916935333,43.688860929092,42.719749505969,43.559589928919,165549507.6615
2018-11-28,44.184891020963,45.32601287917,43.730126590386,45.235165262599,184250155.76013
2018-11-29,45.66266488125,45.695824787646,44.425221390177,44.885670376137,167079966.45995
2018-11-30,45.069786808794,45.080208493661,44.258053354123,44.644287311481,158126196.32706
2018-12-03,46.114165955959,46.235015392604,45.305485318068,46.205013572531,163192005.28903
2018-12-04,45.237270653481,45.598660998428,44.07098937423,44.177522152875,165377128.2696
2018-12-06,42.93976285317,43.690861050431,42.606268937413,43.675386427446,172393638.1843
2018-12-07,43.374841878997,43.616330213197,42.074341931,42.122871190837,169126522.29726
2018-12-10,41.251028826476,42.5215269544,40.835003588133,42.399624822315,248103970.80708
2018-12-11,42.91418235395,42.947026451713,41.752006586919,42.159083914012,189126659.25709
2018-12-12,42.60005803431,42.978186236772,42.255195007789,42.275617299348,142510694.10542
2018-12-13,42.624059490368,43.142406725591,42.386255590213,42.738487484822,127591303.95129
2018-12-14,42.250036800128,42.270353822142,41.318506604253,41.369772872237,162814840.17129
2018-12-17,41.361456578252,42.086869006749,40.685099757313,40.98459161032,177151690.51758
2018-12-18,41.342929138488,41.880224891651,41.096072057538,41.519466163969,135366068.31339
2018-12-19,41.503044115087,41.859592061005,39.771991731659,40.220124180957,196189187.22992
2018-12-20,40.104538221518,40.526037476155,38.828987155476,39.204904697511,259091836.38324
2018-12-21,39.213010452408,39.539661847797,37.408690466276,37.680391159637,382977531.05049
2018-12-24,37.036773166917,37.885982579293,36.648328549132,36.709279615175,148676923.90585
2018-12-26,37.073828046445,39.305226573053,36.681488455529,39.291646801862,234330176.00072
2018-12-27,38.959942468355,39.189324804982,37.521223608935,39.035420731486,212468262.19321
2018-12-28,39.374283393992,39.625456526251,38.637712393819,39.056158831676,169165691.27092
2018-12-31,39.628404073486,39.841259091687,39.114793967748,39.436287155476,140013864.6358
2019-01-02,38.725507193611,39.711040665616,38.555181071233,39.479658207651,148158943.13128
2019-01-03,35.99671007106,36.427262506491,35.499732553293,35.547314387233,365248777.53789
2019-01-04,36.132928861145,37.138042468356,35.95091781937,37.063827439755,234428279.39888
2019-01-07,37.173097226546,37.206151863398,36.474739070887,36.978874917654,219111059.08074
2019-01-08,37.392057878305,37.956092095674,37.129831443915,37.683443976416,164101255.92562
2019-01-09,37.818504801516,38.632554186157,37.408690466276,38.325693465062,180396325.06855
2019-01-10,38.126523487596,38.488019102087,37.712393101048,38.448858831677,143122676.42701
2019-01-11,38.222529311829,38.422962523824,37.875560894426,38.073993985083,108092958.84821
2019-01-14,37.710287710165,37.813662402486,37.304263078513,37.503643595067,129756744.126
2019-01-15,37.570595025125,38.344536713459,37.517118096714,38.27116384121,114841296.2327
2019-01-16,38.274321927534,38.970364153223,38.253583827343,38.738034269361,122278825.35455
2019-01-17,38.547917472689,39.415759594373,38.314429623842,38.965205945561,119284645.00876
2019-01-18,39.374283393992,39.470394487769,38.993102374751,39.202799306629,135004088.97435
2019-01-22,39.100687848837,39.179113659203,38.15757800311,38.32358807418,121575878.4517
2019-01-23,38.534758779674,38.788563650536,37.924932310616,38.475386756794,92522280.607138
2019-01-24,38.524337094807,38.620448188584,37.935353995483,38.175158016977,101766197.33709
2019-01-25,38.875200485343,39.531240284268,38.57865617957,39.441340093593,134191572.86896
2019-01-28,38.949731322576,39.082055139529,38.412540838957,39.073738845544,104768229.9065
2019-01-29,39.061317039338,39.531240284268,38.524337094807,38.671924995656,166348957.30961
2019-01-30,40.815212913839,41.539256838263,40.062325134328,41.310190310268,244439115.00056
2019-01-31,41.529887848836,42.250036800128,41.138600953361,41.61157701507,162958594.94982
2019-02-01,41.741479632508,42.244773322922,41.484727214411,41.629051759393,130672553.1647
2019-02-04,41.85127576702,42.912076963067,41.8221161033,42.814807904305,125982321.96677
2019-02-05,43.217990258266,43.768444704443,43.08661386721,43.544115305934,144406505.48826
2019-02-06,43.657806413578,43.891294262426,43.214832171942,43.559589928919,112958368.91819
2019-02-07,43.098930403872,43.487375021656,42.585425567678,42.735329398498,126966752.94224
2019-02-08,42.246439160523,42.669283000493,42.102311674168,42.604189786655,95279864.963681
2019-02-11,42.76162941175,42.800832088039,42.313209494202,42.356604970094,83973702.855355
2019-02-12,42.524945874157,42.749365472911,42.426415083485,42.721692995531,89134094.490617
2019-02-13,42.845066123851,43.120742697753,42.481969678226,42.545490592212,89960932.004498
2019-02-14,42.428511483286,42.815402066659,42.345179591175,42.699785617605,87342990.524068
2019-02-15,42.811209267056,42.92535823625,42.438888662304,42.607334386357,98507254.126306
2019-02-19,42.428511483286,42.858378262591,42.373061708536,42.730917154658,75891301.784907
2019-02-20,42.794647708624,43.332583897698,42.746325693199,43.009423868291,104457440.72281
2019-02-21,42.951039133819,43.092860580392,42.576622129265,42.763620991562,68998682.357339
2019-02-22,42.894331519187,43.250405025478,42.84296972405,43.242019426272,75652616.396923
2019-02-25,43.537297338318,43.971252097235,43.483734323388,43.555745656571,87493429.385858
2019-02-26,43.425139948935,43.826181230969,43.293381221409,43.58153137413,68280842.182531
2019-02-27,43.303758400427,43.750081918173,43.184473251719,43.717168441289,111341557.95534
2019-02-28,43.578386774428,43.727545620307,43.229860307423,43.289293241796,112861661.13302
2019-03-01,43.56800959541,43.788236394561,43.221474708216,43.742010778937,103544667.3107
2019-03-04,43.924921661621,44.440321552828,43.488870502902,43.96506771782,109744808.13808
2019-03-05,43.988861855568,44.002069174317,43.632788349277,43.884880425412,78949675.476467
2019-03-06,43.665806646152,43.874503246394,43.481637923587,43.627756989754,83241538.122808
2019-03-07,43.463294425323,43.6093086715,43.00732746849,43.126927077167,99185494.984257
2019-03-08,42.580814928868,43.268748523741,42.375158108337,43.227763907621,95997436.105836
2019-03-11,43.874503246394,44.775221421123,43.839493369709,44.725327105847,128044135.38088
2019-03-12,45.000584399788,45.667239536676,44.83947607504,45.230035358066,129870339.52247
2019-03-13,45.559170126907,45.827718941483,45.233075137778,45.42762103936,124130089.98076
2019-03-14,45.97383800765,46.025199802787,45.639462239305,45.93264375155,94318032.207102
2019-03-15,46.211150465183,46.829483586646,45.935683531262,46.530117694987,156171649.0149
2019-03-18,46.447938822767,47.100023981034,46.445842422965,47.005371529994,104879328.76122
2019-03-19,47.089751622006,47.251174406724,46.478755899849,46.632107545331,126585475.63584
2019-03-20,46.558104632337,47.374547535044,46.180752668061,47.041639246561,124140921.88409
2019-03-21,47.502218282958,49.083113373294,47.451799867731,48.769282323005,204136946.43882
2019-03-22,48.833012876971,49.420319281371,47.692466564947,47.761228478437,169630662.88208
2019-03-25,47.879779887214,47.994767416328,46.650765503565,47.189540252559,175381170.96322
2019-03-26,47.917410263652,48.220235214983,46.142388551693,46.69877305902,199202147.2691
2019-03-27,47.191636652361,47.438382909001,46.638396744736,47.120778339069,119393706.20857
2019-03-28,47.242893627508,47.391004273486,46.880845381783,47.184404073045,83121447.479881
2019-03-29,47.455887847344,47.515635241688,47.139017017342,47.485656724526,94255840.825523
2019-04-01,47.910387324316,47.920450043364,47.098032401222,47.810598693763,111447848.7496
2019-04-02,47.771710477445,48.615092117602,47.761228478437,48.507022707833,91062926.003119
2019-04-03,48.315621405953,49.127032949136,48.288892308483,48.836052656684,93087319.440333
2019-04-04,48.696222789921,49.093490552312,48.286795908682,48.919279728804,76457096.53414
2019-04-05,49.113930450377,49.274200215204,48.98112352295,49.250720537427,74106573.510624
2019-04-08,49.106697871062,50.06129352069,49.086257972997,50.029218603726,103526779.50133
2019-04-09,50.079637018953,50.713378678957,49.808991804575,49.876076598224,143072944.28314
2019-04-10,49.669266757803,50.18445700903,49.545788809493,50.153954391918,86781153.989291
2019-04-11,50.21129092649,50.247244183086,49.609519363459,49.736980471393,83603229.628143
2019-04-12,49.80175922526,50.039490962754,49.052925216152,49.716435753338,111042669.35616
2019-04-15,49.642328020353,49.96548804976,49.502498153591,49.808991804575,70146583.629911
2019-04-16,49.865594599217,50.341058074204,49.63844968072,49.814127984089,102785543.02589
2019-04-17,49.886244137262,50.845556686443,49.650608799569,50.782140592447,115627112.64458
2019-04-18,50.780044192646,51.037167628304,50.630990166757,50.96316471531,96783061.060959
2019-04-22,50.709185879354,51.233600289707,50.585707931043,51.131715259353,77758174.695856
2019-04-23,51.109493421457,51.937256883092,50.973437074337,51.868285329622,93291960.749536
2019-04-24,51.837363432549,52.117232806054,51.759272539942,51.787993217223,70162438.430115
2019-04-25,51.707701104824,51.940191842814,51.279825905331,51.321124981421,74172819.462325
2019-04-26,51.22322311069,51.249113648239,50.528056936501,51.076160664612,74596405.650108
2019-04-29,51.102156022151,51.493973145058,50.96316471531,51.152050337428,88818865.496836
2019-04-30,50.763377814223,50.851845885848,49.778384367473,50.166952070687,186139689.44023
2019-05-01,52.469952072662,53.828523964046,52.306537708132,52.632527877271,259309315.71466
2019-05-02,52.461671293446,53.159877247346,52.033691273963,52.287774929908,127985295.45926
2019-05-03,52.723826088627,52.958203586439,52.560306904108,52.936925128453,83569514.685054
2019-05-06,51.074064264811,52.208950297371,50.875849663576,52.117232806054,129772452.65955
2019-05-07,51.472380227102,51.85193341117,50.202905327283,50.716523278659,155054793.34725
2019-05-08,50.475437301483,51.336533519963,50.436549085164,50.723441398004,105358011.30988
2019-05-09,50.098085337207,50.419148966812,49.168332025227,50.180264209427,139634426.49912
2019-05-10,49.35572176594,49.715441364996,48.193759589368,49.295368230888,164834847.0827
2019-05-13,46.929572307578,47.363846273462,45.710284714494,46.430559255651,229722492.3188
2019-05-14,46.600655983332,47.420545182689,46.351619337832,47.168271582887,146118702.04453
2019-05-15,46.56369205356,47.939815303474,46.506262219168,47.730561870526,106178868.25812
2019-05-16,47.473798301853,48.120144983465,47.211291749741,47.516505215065,132125455.00652
2019-05-17,46.731909259388,47.726593991059,46.687636077966,47.250135201366,131516354.34707
2019-05-20,45.881321203102,46.087442099629,45.071769373935,45.771786846234,154449161.29214
2019-05-21,46.303587112704,47.003395749242,46.176614969757,46.647852865414,113459389.51377
2019-05-22,46.167217360493,46.428470898037,45.639593809251,45.691802749608,118994224.12308
2019-05-23,44.951062303831,45.13838798183,44.452049251904,44.915246970746,146118939.55174
2019-05-24,45.051407887196,45.536115689465,44.653053672276,44.741077945717,94858742.893278
2019-05-28,44.727816874867,45.15164905268,44.475856528707,44.557928982947,111792639.53942
2019-05-29,44.106008395222,44.838290992661,44.001277260867,44.344603252651,113924655.61253
2019-05-30,44.486193898897,44.807592135731,44.1673016912,44.575366769026,84873647.49695
2019-05-31,44.057662916452,44.496322433326,43.750361093514,43.768738640519,108174327.25975
2019-06-03,43.903124452997,44.478884647247,42.566993251395,43.32203894683,161584279.29026
2019-06-04,43.862819151042,44.959311316407,43.630489366456,44.910026076711,123871842.75049
2019-06-05,46.07000431355,46.247201457119,45.284155343305,45.637609869518,119093703.25375
2019-06-06,45.7698029065,46.368117362985,45.537995211318,46.303587112704,90105241.896978
2019-06-07,46.624254424373,47.980747112714,46.442776147694,47.534987179951,122737571.50124
2019-06-10,47.954224971013,48.842507882237,47.905775074362,48.144892021194,104883400.47926
2019-06-11,48.7111501883,49.003415836415,48.399671650134,48.699142132018,107731527.61965
2019-06-12,48.488844520263,48.995062405958,48.346731784612,48.545334593728,73012756.512139
2019-06-13,48.671366975749,49.197946348183,48.399671650134,48.53823417784,86698497.787908
2019-06-14,47.888754959806,48.395703770667,47.574143885218,48.185614994672,75045893.926447
2019-06-17,48.22477169994,48.737881165763,48.042353662334,48.473495091798,58676581.617757
2019-06-18,49.015737146339,50.068895891209,48.801367237236,49.612798588255,106204018.16522
2019-06-19,49.918220889341,49.969490068771,49.329199624239,49.465360540689,84496935.196993
2019-06-20,50.088317617022,50.150028584523,49.505457006883,49.869248903286,86055950.749585
2019-06-21,49.703015637191,50.210277701694,49.536051445932,49.696854982229,191202352.16137
2019-06-24,49.63545726837,50.03819703428,49.541167922086,49.645794638561,72881683.175786
2019-06-25,49.60757769422,49.818815066902,48.821937559736,48.89273288286,84281335.149891
2019-06-26,49.439882577795,50.24619745266,49.339328158669,49.949024164151,104270048.63221
2019-06-27,50.068895891209,50.393739918107,49.892638508566,49.933570317805,83598870.618783
2019-06-28,49.672316780262,49.877393497982,49.261432419657,49.47872602942,124442567.79866
2019-07-01,50.790110193293,51.124247411574,50.160052701071,50.388623441952,109266958.13122
2019-07-02,50.352599273106,50.779981658864,50.340173545301,50.683708372846,67740868.247007
2019-07-03,50.81903394625,51.111821683769,50.674415181463,51.103677089073,45448180.595151
2019-07-05,50.837307075375,51.271789877021,50.723491585398,51.057628803679,69062073.954863
2019-07-08,50.199940331504,50.350615333372,49.602565635946,50.002068447553,101354510.62357
2019-07-09,49.804509817244,50.378390489642,49.705103994806,50.31072770294,82312058.445593
2019-07-10,50.465266166395,50.932431764704,50.391651560493,50.806503800565,71588553.11915
2019-07-11,50.827282958827,51.098560612918,50.429450833311,50.439892621382,80767363.237273
2019-07-12,50.612913049723,50.999363626241,50.54942697825,50.824254840286,70380845.213769
2019-07-15,51.021500216952,51.467573403358,50.999363626241,51.304263837923,67789679.810364
2019-07-16,51.149829792348,51.527822520529,50.875001930312,51.126335769188,67467262.808887
2019-07-17,51.011476100404,51.276906353176,50.816945588636,50.837307075375,56429802.633177
2019-07-18,50.999363626241,51.469661760972,50.925540184577,51.414946791478,74328643.207617
2019-07-19,51.448151677545,51.622007448932,50.589419026563,50.648415129165,83717225.826872
2019-07-22,50.913427710415,51.808706619646,50.902985922343,51.805678501106,89111725.276148
2019-07-23,52.114024502851,52.227631157066,51.823951630231,52.209044774299,73420840.833609
2019-07-24,51.915212857974,52.289028870926,51.794296952108,52.166129025327,59966263.98902
2019-07-25,52.222410263031,52.31168755104,51.681316805177,51.755349082602,55638245.675348
2019-07-26,51.869999915625,52.434587396639,51.785943521651,51.93379924074,70475490.881087
2019-07-29,52.114024502851,52.660130018979,52.107968265769,52.422370504596,86693548.444017
2019-07-30,52.188787705441,52.542242231654,51.829068106385,52.195052778284,135742870.88799
2019-07-31,54.105586741687,55.344504896345,52.820933555277,53.25938423639,277125444.43973
2019-08-01,53.474380652778,54.50738674667,51.683405162791,52.105879908155,216071681.842
2019-08-02,51.383517009384,51.604465244972,50.408984928691,51.003435923589,163448484.90975
2019-08-05,49.495224054573,49.664067767686,48.144892021194,48.336498832302,209571872.6583
2019-08-06,49.077134860199,49.515481123431,48.509414842763,49.249111109733,143299146.63898
2019-08-07,48.852636416666,49.889505972145,48.457310320287,49.763682425886,133457602.32698
2019-08-08,50.048429986589,50.882311181962,49.852542042372,50.857668562114,108038091.97224
2019-08-09,50.325533970974,50.689717268891,49.821024118104,50.248973300518,98478981.188175
2019-08-12,49.900705468063,50.514543126162,49.78846502863,50.120297282374,89927555.134828
2019-08-13,50.256150863373,53.034179756309,50.207988376388,52.24412772898,190159142.1244
2019-08-14,50.788850854413,51.609589563515,50.646963959709,50.687636815889,146189768.17893
2019-08-15,50.864371298369,51.284934872627,49.913916344622,50.436942229206,111533451.52713
2019-08-16,51.072624643821,51.789028634896,50.96121638559,51.625817096927,115254493.04758
2019-08-19,52.651272381378,53.183348236518,52.507617101623,52.58511397593,97727658.279724
2019-08-20,52.716806650926,53.338446007781,52.576896186573,52.587194428931,107678115.21619
2019-08-21,53.247738256915,53.414070474387,52.89947042446,53.161087389402,86258989.685665
2019-08-22,53.297565106302,53.606928467628,52.684351584102,53.114693287468,89071274.315845
2019-08-23,52.360737119715,53.013895339544,50.25209398002,50.659134609768,187531366.34864
2019-08-26,51.463541762808,51.797246424252,51.26236195756,51.622696417424,104264515.39211
2019-08-27,51.963578641724,52.140313124204,50.881743080931,51.042874165899,103589374.93041
2019-08-28,51.027582836338,51.426613722031,50.828379461442,51.378971348296,63830528.208375
2019-08-29,52.126998224994,52.332963072145,51.666593975756,52.254425971337,84030606.734162
2019-08-30,52.538407806045,52.607894936296,51.799326877254,52.188163543239,84650240.053951
2019-09-03,51.607509110513,51.744194872713,51.058269518111,51.422452816028,80238295.158645
2019-09-04,52.099120154773,52.373739950975,51.830013559026,52.29946777882,76867281.252125
2019-09-05,53.001724689485,53.492399529894,52.878145781194,53.321178247869,95787933.615412
2019-09-06,53.513100037259,53.604952037277,53.128008186677,53.314936888864,77449175.675653
2019-09-09,53.710014913854,54.108109595695,52.765905341762,53.54056201688,109237605.38377
2019-09-10,53.467018003276,54.194032304658,52.928180675881,54.173435819943,127111722.20965
2019-09-11,54.519415154097,55.927985858779,54.435572898135,55.898547448807,177158584.08238
2019-09-12,56.201461405829,56.606733650526,55.712554950471,55.770807634514,128906676.48031
2019-09-13,55.000207842749,55.202427874497,54.253949351102,54.686787598069,159053176.28302
2019-09-16,54.435572898135,55.032974977523,54.393027634254,54.97441022553,84632562.173233
2019-09-17,54.989805577741,55.209501414702,54.777391326286,55.17871071028,73545870.965549
2019-09-18,55.268482257296,55.709538293619,54.857280721544,55.689253876854,102572368.5388
2019-09-19,55.502429197317,55.939220304987,55.093932250468,55.244036934528,88751506.457829
2019-09-20,55.345042927752,55.636098302665,54.369518515337,54.435572898135,231908375.55402
2019-09-23,54.735886288905,54.959534986569,54.41518445872,54.678777854014,77678593.018727
2019-09-24,55.261512739741,55.617894338902,54.298054954735,54.423298225426,125737460.93198
2019-09-25,54.636752703383,55.375729609524,54.284844078175,55.261512739741,89924022.250406
2019-09-26,55.000207842749,55.239043847324,54.705199607133,54.971497591328,76353250.89469
2019-09-27,55.1380378541,55.244036934528,54.321356028352,54.705199607133,101445136.15321
2019-09-30,55.228745604967,56.145393197438,55.202427874497,55.991439675325,105274332.96476
2019-10-01,56.27094853608,57.056943680056,56.049380291418,56.14840985429,144748651.26939
2019-10-02,55.763526049008,55.895426769305,54.484879634271,54.737966741907,143069027.65019
2019-10-03,54.607106248111,55.244036934528,53.784495131308,55.209501414702,121410742.66755
2019-10-04,56.409714751282,56.870014977869,55.97094721326,56.74893261318,139022210.92622
2019-10-07,56.568869405898,57.482604364168,56.460685849819,56.76183142179,123557077.14217
2019-10-08,56.455692762615,57.015958755926,56.082251448842,56.100559435255,117130796.90887
2019-10-09,56.754653858935,56.947511852176,56.409714751282,56.754653858935,76117699.310664
2019-10-10,56.982359439951,57.611176359662,56.823308807985,57.523277220348,115851934.08522
2019-10-11,58.234896169519,59.411808432481,58.077613922604,59.051265927317,167960838.21358
2019-10-14,58.726611236429,59.531954593319,58.669502801538,58.965655286305,97653938.758117
2019-10-15,59.098284165152,59.413888885483,58.721722171876,58.829593660005,92161931.011905
2019-10-16,58.340895249947,58.80930924324,58.296997691615,58.595022584083,77146772.30507
2019-10-17,58.775813949915,59.037014824257,58.377615245424,58.819503462947,69091583.368949
2019-10-18,58.649010339473,59.39651710292,58.574634144668,59.102341048505,97508667.512009
2019-10-21,59.38216197721,60.246278131393,59.332127082523,60.124259562853,89469929.800681
2019-10-22,60.290591780325,60.553561039718,59.904459703242,59.991214593406,90735999.256741
2019-10-23,60.527139286599,60.810913076007,60.304842883386,60.795621746445,79730175.052482
2019-10-24,61.126413773688,61.199749741992,60.451722865293,60.89766796617,71665018.094981
2019-10-25,60.790524636592,61.684703336647,60.72010130249,61.645902888168,73477183.040422
2019-10-28,61.858213116974,62.312480029857,61.681790702445,62.261300886019,96572962.644572
2019-10-29,62.241120491905,62.435954915497,60.645517062385,60.824227975216,142839463.22376
2019-10-30,61.190699771435,61.324472899433,60.302866453034,60.81611420851,124522084.28173
2019-10-31,61.813275332141,62.292091590442,59.316835752962,62.189941348067,139162079.50281
2019-11-01,62.383943590459,63.981107359729,62.29001113744,63.953749402759,151125332.68939
2019-11-04,64.331455645186,64.460963844531,63.844421597529,64.374208954367,103271805.63203
2019-11-05,64.260096107234,64.548758961195,64.078368537551,64.280068456048,79897702.989785
2019-11-06,64.191545180834,64.372128501366,63.838388283825,64.30888273012,75864494.840477
2019-11-07,64.685346141375,65.086397652068,64.528638400837,64.859269954003,94940332.648403
2019-11-08,64.671967386557,65.108799288042,64.211074468656,65.033297477909,70081978.202469
2019-11-11,64.575308475782,65.618540217719,64.571263735954,65.5494685068,82029835.060588
2019-11-12,65.387471491102,65.699746148123,65.229726637788,65.48796771915,87388900.270896
2019-11-13,65.280545163839,66.195382344038,65.266129296245,66.118013730907,103270371.76787
2019-11-14,65.938904354396,66.221932431118,65.523748109942,65.661269264113,89582221.047019
2019-11-15,65.920547458251,66.442733741247,65.753883435059,66.436511064587,100374660.64764
2019-11-18,66.446674769797,66.857889985701,66.056927788368,66.775646942521,86803582.055054
2019-11-19,66.977157955005,67.001218971421,66.348252767302,66.572061704483,76278387.257759
2019-11-20,66.383722024261,66.518028128824,65.098428160276,65.79941268595,106439677.04913
2019-11-21,65.922621683804,66.00113112099,65.293923918657,65.500413072469,121395110.39316
2019-11-22,65.649031333349,65.796508770175,65.20929551609,65.443475581036,65325050.015363
2019-11-25,65.679626160258,66.607738383996,65.630570725927,66.591144579572,84118071.797189
2019-11-26,66.734473565291,66.789959098837,65.625488873322,66.072277057461,105339524.75539
2019-11-27,66.393885729471,66.997174231593,66.327821645604,66.960978995691,65157022.965712
2019-11-29,66.647356092061,67.001218971421,66.473224856877,66.812879291199,46617452.887445
2019-12-02,66.818064855082,67.061475223739,65.86267656532,66.039815427555,94774193.532296
2019-12-03,64.578419814112,64.884782928306,64.06981970849,64.864351806608,117509073.99374
2019-12-04,65.266129296245,65.82814070986,65.169677808026,65.436526925433,67241546.509219
2019-12-05,65.948238369385,66.470113518548,65.683567188809,66.393885729471,74645368.131694
2019-12-06,66.870231627742,67.749495839705,66.826154334739,67.678038769401,106189970.35777
2019-12-09,67.50110732972,67.701477518151,66.229088509276,66.72876944502,128730578.7935
2019-12-10,67.150044654857,67.518634535644,66.462853729112,67.119449827948,90529529.789338
2019-12-11,67.202833695183,67.774905102731,67.124427969276,67.693388038494,78893564.759487
2019-12-12,66.946459416819,68.139035398579,66.830302785845,67.865341336846,137748167.05528
2019-12-13,67.865341336846,68.825915190491,67.732072345059,68.789408820757,133731223.96656
2019-12-16,69.247294111605,70.198845084094,69.243145660499,69.966842955979,128324416.60022
2019-12-17,69.893519082677,70.444225967027,69.700201261127,70.10125277182,114303190.24111
2019-12-18,69.951597398164,70.475546772879,69.781614614086,69.93718153057,116098748.10337
2019-12-19,69.877340123362,70.294466882093,69.738885567692,70.005319839989,98507789.422286
2019-12-20,70.556856414561,70.660878826049,69.639115318588,69.862094565547,276130970.01021
2019-12-23,70.131640176174,71.061826625465,70.09108906661,71.00188150698,98711531.006399
2019-12-24,71.1735236715,71.223719929885,70.72808373397,71.067012189348,48478854.119443
2019-12-26,71.206400146517,72.494805348831,71.17663500983,72.476344741408,93336016.283188
2019-12-27,72.780529918772,73.490848459434,72.028519444492,72.447720428775,146371746.09334
2019-12-30,72.36433656154,73.173491949808,71.304096170068,72.879470477655,144238456.39716
2019-12-31,72.481426594013,73.416591184632,72.378545006579,73.409538817752,100990500.13438
2020-01-02,74.05856399332,75.14981405681,73.795241059353,75.087587290217,135647456.26542
2020-01-03,74.288803029715,75.145769316982,74.124939211019,74.359948966187,146535511.31139
2020-01-06,73.444178384489,74.988957865167,73.1897746204,74.948095621771,118578573.88331
2020-01-07,74.958259326981,75.22593813461,74.37218689695,74.599210883738,111510622.19501
2020-01-08,74.290669832713,76.109350797679,74.288803029715,75.798113253435,132363778.65872
2020-01-09,76.808364809077,77.60310432975,76.55209424199,77.410823620977,170486168.90768
2020-01-10,77.646974200199,78.167189968918,77.062872284443,77.580702693777,140869088.01312
2020-01-13,77.909467443945,79.269122294008,77.784184220537,79.241638805429,122086889.54796
2020-01-14,79.175574721562,79.392227580585,78.043773548508,78.17019759597,162613825.43206
2020-01-15,77.962463906826,78.875226861472,77.391533323333,77.833343366145,121923529.30033
2020-01-16,78.399088385756,78.923037760471,78.023549849366,78.809059066328,108829014.11644
2020-01-17,79.066470457469,79.685211939961,78.750047349342,79.683241425686,137816470.13822
2020-01-21,79.299613409638,79.754491073435,78.998332148049,79.142801957823,110843259.86408
2020-01-22,79.64455711912,79.998731132314,79.32917112377,79.424792921768,101832455.82111
2020-01-23,79.478722786149,79.890041713331,78.910903540986,79.806346712263,104471970.11684
2020-01-24,80.065002638736,80.831221558054,79.378745114489,79.576626232256,146537516.8792
2020-01-27,77.512564384357,77.942032785128,76.219077329438,77.238766611347,161940018.2861
2020-01-28,78.149766474272,79.599546424618,78.047818288337,79.422718696215,162233941.96238
2020-01-29,81.113005099444,81.961778195776,80.341496904965,81.084380786811,216599712.2765
2020-01-30,80.139156202259,81.021428041274,79.687286165514,80.966253641562,126743233.68832
2020-01-31,80.233740887481,80.672439591964,77.073035989653,77.381369618123,199588382.94102
2020-02-03,76.076785456495,78.374716235507,75.554702884777,77.166583562098,173985603.18527
2020-02-04,78.827519673751,79.910161701196,78.409252090966,79.713732541317,136616534.09642
2020-02-05,80.878928745776,81.191307114074,79.736341599845,80.359957512388,118826874.74877
2020-02-06,80.643918990608,81.306426632271,80.070084491341,81.303315293942,105425539.50905
2020-02-07,80.591829308769,80.849976281095,79.498610507325,80.008386111595,117684046.04254
2020-02-10,78.545173894104,80.387174113874,78.462090920646,80.387174113874,109348855.4412
2020-02-11,80.900674484077,80.975894062787,79.67822699789,79.905748116986,94323118.468402
2020-02-12,80.366687901241,81.806206468766,80.366687901241,81.799998525544,113730294.03142
2020-02-13,81.046768081241,81.554474371103,80.836836134608,81.217279588413,94747569.193168
2020-02-14,81.186136406581,81.494567719008,80.712987667323,81.237662335326,80113787.158243
2020-02-18,78.839016539958,79.939167544666,78.652985174731,79.751377262192,152762177.10833
2020-02-19,80.000212319685,81.143094666907,80.000212319685,80.904709647171,93983964.59334
2020-02-20,80.657219644043,81.163684345261,79.552619613359,80.077294281362,100565958.10342
2020-02-21,79.656085333731,80.109885983279,77.623604722757,78.262091683168,129705659.53478
2020-02-24,74.31673683397,76.042751981204,72.306811750037,74.54529261027,222195310.84789
2020-02-25,75.237892142436,75.632820797093,71.533302024541,72.018556253083,230673451.21024
2020-02-26,71.633456841861,74.473177003171,71.626421172876,73.162473257508,198713723.02072
2020-02-27,70.277435110675,71.501641514108,68.238746556479,68.379977264786,320605525.9748
2020-02-28,64.317913083009,69.604183668219,64.09246127832,68.339108305239,426884917.45383
2020-03-02,70.567656456316,75.359257432431,69.430671655156,74.699456533623,341397354.34346
2020-03-03,75.915799542308,75.998158255724,71.450943311126,72.330091537121,319475407.7136
2020-03-04,74.110943516151,75.851857727119,73.280424178731,75.685484848762,219178271.97859
2020-03-05,73.880214959723,74.887660678979,72.851869164953,73.227449729901,187572876.6045
2020-03-06,70.497713629345,72.704844376306,70.308681758227,72.255803149894,226176982.25095
2020-03-09,65.938289729743,69.522963077727,65.750292515829,66.540356756584,286744830.97913
2020-03-10,69.282405277864,71.612349834905,67.343354212386,71.33516517003,285290079.59423
2020-03-11,69.346450558774,70.306612443819,67.965700520419,68.858920084384,256379876.39585
2020-03-12,63.985063860574,67.50072557307,61.999039358047,62.058118284379,418474065.07801
2020-03-13,66.220337283476,69.978833041683,63.23980027674,69.492544155938,370732129.07956
2020-03-16,60.488439840626,64.76985134959,60.000081640474,60.553416313019,322423459.48287
2020-03-17,61.877363670891,64.403168836595,59.601221288442,63.217244749699,324055860.04408
2020-03-18,59.941313111303,62.500641170407,59.278201309443,61.667224792816,300233623.16065
2020-03-19,61.846841283381,63.213106120884,60.652950336017,61.194076053559,271857016.98168
2020-03-20,61.794901491755,62.95847698305,56.998230695341,57.309765979379,401693382.60879
2020-03-23,57.017061456449,57.123838079872,53.153341060624,56.093422970695,336752831.5172
2020-03-24,59.09061795841,61.922785122134,58.574737876639,61.718957653002,287531094.29134
2020-03-25,62.687396795677,64.561574854483,61.073331557885,61.381762870312,303602039.27711
2020-03-26,61.629563270601,64.670317326593,61.589004708216,64.609272551574,252560679.09474
2020-03-27,63.190136730962,63.966543496628,61.761482064075,61.936235665782,204216610.33409
2020-03-30,62.684499755507,63.879321894355,62.351443601632,63.702602443961,167976438.35689
2020-03-31,63.898669984064,65.623547008374,63.002242982767,63.570580184767,197002003.43509
2020-04-01,61.625424641786,62.178862780052,59.779699656083,60.229361676817,176218547.88785
2020-04-02,60.084509668297,61.287505599054,59.223467943367,61.232461835816,165933968.64575
2020-04-03,60.698682184421,61.426460061512,59.743176256792,60.354555198466,129880068.02424
2020-04-06,62.723092469205,65.776572808803,62.346270315613,65.618477188076,201820282.36082
2020-04-07,67.699483221904,67.925969683796,64.751434451364,64.857072951863,202887323.69203
2020-04-08,65.684488317673,66.842580125789,65.30476912391,66.515628449415,168895282.77859
2020-04-09,67.173773896697,67.517797416932,66.17688168092,66.999330692151,162116489.78819
2020-04-13,67.080240885481,68.426329907512,66.455928728761,68.312931477985,131022919.97149
2020-04-14,69.999319254317,72.060977198435,69.512823437131,71.763616718088,194994685.46297
2020-04-15,70.598178843826,71.583896761803,70.157518340764,71.107747516654,131154561.63938
2020-04-16,71.842664528452,72.047733586228,70.586073354542,71.674325801408,157125157.41118
2020-04-17,71.171792797564,71.734956713545,69.212462450893,70.699471784069,215249910.98578
2020-04-20,69.48747433564,70.418458887541,69.210393136486,69.230465486238,130014998.70417
2020-04-21,69.069162428179,69.310651419525,66.356498171484,67.094622620613,180991567.37902
2020-04-22,68.403257051869,69.474230723432,68.049818151081,69.023637511215,117057364.08675
2020-04-23,68.968800679419,70.435841128563,68.719034430442,68.758558335624,124814326.46153
2020-04-24,69.298545930242,70.753377424383,69.24795119298,70.743444715227,126508730.16713
2020-04-27,70.447739686406,71.135269398273,69.985972176389,70.794039452489,117087573.12592
2020-04-28,71.269154040434,71.459117103035,69.55151961655,69.645776887808,112004748.61059
2020-04-29,71.181622040999,72.418451262318,70.971793560086,71.931024253649,137280814.83441
2020-04-30,72.492429252383,73.630759107908,72.085602039883,73.449901028699,183063872.09242
2020-05-01,71.56361748061,74.747464627876,71.46325573185,72.266046256211,240616695.17847
2020-05-04,72.292430014906,73.421447955597,71.579861598709,73.28849450492,133567944.53668
2020-05-05,73.764540284348,75.248756043075,73.615446181293,74.392887604163,147751178.31433
2020-05-06,75.116940715322,75.811195699013,74.714769460238,75.159672057835,142333752.15629
2020-05-07,75.806229344435,76.293759818825,75.491486623066,75.933181783331,115215052.45623
2020-05-08,76.409320097215,77.588018302302,76.072416513252,77.531472157123,134047938.43174
2020-05-11,77.02720023834,79.261804836901,76.810611992478,78.752476784698,145946240.3772
2020-05-12,79.457962176292,79.920856350154,77.726494446155,77.851246799298,162301048.37802
2020-05-13,78.038530108606,78.987329022707,75.800107613382,76.913798388791,200622553.35618
2020-05-14,76.128137167262,77.44758161692,75.383750504257,77.383399678413,158929073.85006
2020-05-15,75.085129073327,76.977567581713,75.051696680921,76.928760416257,166348375.49594
2020-05-18,78.292781389122,79.123947811426,77.581827118524,78.740197603537,135372498.69243
2020-05-19,78.757532918117,79.632347186062,78.252229135371,78.28555834138,101729535.82105
2020-05-20,79.169762571389,79.878446741269,79.050066351666,79.807454500605,111504861.21314
2020-05-21,79.666708256034,80.223708423333,78.967001302634,79.212172180274,102688843.47726
2020-05-22,78.942958872293,79.807454500605,78.83750237526,79.72335758761,81803014.753709
2020-05-26,80.8767751256,81.06096284302,79.123947811426,79.181835379758,125521815.49855
2020-05-27,79.034072460237,79.679916114762,78.272350482652,79.529057603352,112945093.69833
2020-05-28,79.1918444602,80.861503538946,78.907256379168,79.564553723684,133796411.08969
2020-05-29,79.812407447628,80.287374429859,79.116931136477,79.485719316901,153598127.91481
2020-06-01,79.437944015407,80.586099047186,79.302357090652,80.462481744402,81018609.028809
2020-06-02,80.187077252642,80.861503538946,79.733573040845,80.836222871849,87642815.556233
2020-06-03,81.165284289692,81.548828124789,80.573923052421,81.278479766448,104491215.7535
2020-06-04,81.097387640918,81.404263983554,80.195228977951,80.57897918584,87560359.919599
2020-06-05,80.838286599775,82.937097900788,80.808052985656,82.875495622189,137250200.66597
2020-06-08,82.563563146134,83.399682515461,81.828463258798,83.365424631885,95654533.471934
2020-06-09,83.035331350078,86.403851257727,83.001898957673,85.996780924271,147712360.78174
2020-06-10,86.973749724565,88.691184104804,86.522206054298,88.209200447624,166651751.7269
2020-06-11,87.327266318334,87.766737180233,83.869490177875,83.975978538871,201662450.12392
2020-06-12,86.179936777727,86.948572243865,83.55559716029,84.700140668197,200146049.65263
2020-06-15,83.311664519406,86.420980199515,83.143573879811,85.747792149967,138808919.70013
2020-06-16,87.865073815919,88.29917898521,86.179936777727,88.019853410389,165428726.16822
2020-06-17,88.787353826168,88.84998796873,87.772721991219,87.897267971569,114406503.39367
2020-06-18,87.852691448362,88.362019500564,87.304978056731,87.932764091901,96820383.858207
2020-06-19,88.658680389965,89.141799097504,86.287663375478,87.429627223477,264475802.7709
2020-06-22,87.835356133781,89.863587939716,87.787993577873,89.717682375329,135445262.15998
2020-06-23,90.998431926369,93.096520922608,90.567215976176,91.633337822885,212155475.74245
2020-06-24,91.248658937429,92.197354665134,89.629664379273,90.013724146352,192623393.29739
2020-06-25,90.174385365411,91.248658937429,89.391613362979,91.207900310885,137522510.78633
2020-06-26,91.101721509079,91.328731580968,88.253776970832,88.408659751698,205256842.53659
2020-06-29,88.311458166371,90.541935309079,87.820394106316,90.445662401319,130646075.27398
2020-06-30,90.01991533013,91.4957903566,89.999278050868,91.197994416839,140223282.49614
2020-07-01,91.278686178756,91.839710615512,90.978207392692,91.025982694185,110737236.77009
2020-07-02,91.963534291088,92.616291434166,90.912374471844,91.025982694185,114041466.90296
2020-07-06,92.498143010387,93.942958931566,92.466567973115,93.46200713835,118655650.71992
2020-07-07,93.851638970829,94.654635506939,93.057929210387,93.173291601465,112424454.33191
2020-07-08,94.178636660746,95.373431943658,94.087626259197,95.341134601612,117091878.6941
2020-07-09,96.264549662219,96.31800021551,94.67197082152,95.683403878183,125642605.64575
2020-07-10,95.332982876303,95.979961581187,94.705196841133,95.919081607362,90257318.142221
2020-07-13,97.263600351325,99.960995937351,95.254870774294,95.476618339971,191649136.96524
2020-07-14,94.839855088321,97.25338489809,93.877951501889,97.057124372302,170989363.23376
2020-07-15,98.990115134439,99.249216175582,96.492488411675,97.72639133879,153197930.78151
2020-07-16,96.561313738016,97.405584832652,95.903087715934,96.522515653003,110577671.16272
2020-07-17,96.986441690827,97.148444333039,95.839215336616,96.328112482348,92186898.078276
2020-07-20,96.415304987233,98.50111480231,96.062923443823,98.357169779453,90317904.617022
2020-07-21,99.175334715822,99.251279903508,96.742612236339,96.999752735952,103645833.96756
2020-07-22,96.69163815656,97.97465780832,96.600627755012,97.27185526303,89001650.683823
2020-07-23,96.999752735952,97.077658465168,92.009968169429,92.844230183622,197004430.10216
2020-07-24,90.985224067641,92.969704841539,89.146855230923,92.61422770624,185438863.87794
2020-07-27,93.711821403824,94.905688009169,93.479136080138,94.810446965372,121214190.50261
2020-07-28,94.369015561944,94.549385382699,93.246966688433,93.252126008249,103625498.92268
2020-07-29,93.751651352801,95.227939124856,93.714916995714,95.042409984285,90329255.919537
2020-07-30,94.186891572451,96.298807545795,93.767748430626,96.191700066422,158130017.93818
2020-07-31,102.89076728788,106.42128983774,100.81362513009,106.26960583515,374295465.09918
2020-08-03,108.18474535073,111.63736217137,107.87931361764,108.932846724,308151387.54776
2020-08-04,109.13612392474,110.79742490538,108.3787357758,109.6634064099,172792363.49976
2020-08-05,109.37964382004,110.4022210075,108.8936358934,110.05861030778,121991950.9717
2020-08-06,110.41253964713,114.40998064031,109.79548499718,113.90436729838,202428896.11705
2020-08-07,113.21526072416,113.67979380445,110.29519136134,111.102716716,198045610.06273
2020-08-10,112.60961670817,113.78176448062,110.00163941481,112.73939756874,212403423.59409
2020-08-11,111.97101247362,112.48807590224,109.11274352059,109.38569533052,187902375.38066
2020-08-12,110.50634276147,113.28736120225,110.30549142964,113.0236794538,165944820.01009
2020-08-13,114.42757876297,116.03644943131,113.93523549827,115.0033525809,210082063.25885
2020-08-14,114.83237144713,114.9930525126,113.05354965186,114.90447192523,165565206.02245
2020-08-17,116.05601956108,116.08691976597,113.95480562804,114.60988997187,119561443.11173
2020-08-18,114.34517821658,115.99524915811,114.00424595588,115.54925620076,105633539.351
2020-08-19,115.97464902151,117.16842693739,115.59972653542,115.70066720475,145538005.81288
2020-08-20,115.74083747112,118.38898503084,115.72126734135,118.27774429321,126907186.63519
2020-08-21,119.26037080895,124.85845792956,119.25007074065,124.36199463754,338054638.94596
2020-08-24,128.69729338467,128.77969393106,123.94896189874,125.85859456141,345937765.31382
2020-08-25,124.69674685726,125.17158000586,123.04976593622,124.81725765636,211495784.95244
2020-08-26,126.18201670601,127.00087213579,125.06960932969,126.52397897354,163022266.57397
2020-08-27,127.15125313296,127.47467527755,123.83669115428,124.9975088516,155552382.12611
2020-08-28,126.01103557224,126.4436384408,124.57520605133,124.80695758806,187629913.10968
2020-08-31,127.57664595372,130.98287854026,126.00073550394,129.04234567269,225702687.834
2020-09-01,132.75964032187,134.79184379729,130.5471856512,134.175899713,152470139.45763
2020-09-02,137.59964241565,137.97868492906,127.01117220409,131.38664121758,200118988.54719
2020-09-03,126.91950159623,128.8394343272,120.50255904583,120.87645152509,257599638.4616
2020-09-04,120.07819623191,123.70485028005,110.88126524756,120.955762051,332607161.47589
2020-09-08,113.95480562804,118.99462904683,112.69098724773,112.82797815611,231366561.9274
2020-09-09,117.2652475794,119.13676998936,115.25570425423,117.32498797554,176940452.92341
2020-09-10,120.3707181716,120.50255904583,112.50867603884,113.49645258873,182274389.3988
2020-09-11,114.57074971233,115.22480404933,110.00163941481,112.00088267169,180860322.07643
2020-09-14,114.7211307095,115.92417868685,112.80943803317,115.35870493722,140150086.20031
2020-09-15,118.32924463471,118.82261790624,113.60769332636,115.52865606416,184642037.77662
2020-09-16,115.22480404933,115.99524915811,112.04208294488,112.13272354592,155026674.93246
2020-09-17,109.71632752293,112.20276401035,108.70795083644,110.34463168918,178010966.2132
2020-09-18,110.40437208531,110.87096517927,106.09894353625,106.84569848794,287104880.67674
2020-09-21,104.53539316844,110.19322068518,103.10574368851,110.07991993389,195713813.87436
2020-09-22,112.69098724773,112.86917842931,109.16218384843,111.81239142181,183055373.54049
2020-09-23,111.61772013096,112.11212340932,106.77565802351,107.11144025006,150718671.45995
2020-09-24,105.1709073825,110.25502109497,104.99786623507,108.21251755125,167743345.94816
2020-09-25,108.42469895821,112.44687562904,107.65631386309,112.28516455674,149981441.39706
2020-09-28,115.0033525809,115.31750466402,112.78883789657,114.95391225306,137672401.65894
2020-09-29,114.55014957573,115.30720459573,113.56752305999,114.08355648178,100060524.84928
2020-09-30,113.79206454891,117.2652475794,113.61799339466,115.80160787409,142675182.07779
2020-10-01,117.63296001768,117.71330055041,115.82117800385,116.7935044513,116120438.74452
2020-10-02,112.90007863421,115.35870493722,112.22336414695,113.03397952209,144711985.07663
2020-10-05,113.91566536851,116.65033350194,113.54795293022,116.49686248428,106243839.1876
2020-10-06,115.69036713645,116.11781997087,112.25426435185,113.17509045779,161498208.71882
2020-10-07,114.62019004017,115.53895613246,114.12372674815,115.07339304533,96848984.009053
2020-10-08,116.24760083144,116.39798182861,114.58928983527,114.96421232136,83477152.289172
2020-10-09,115.27630439083,117.00774587192,114.9137419867,116.97684566702,100506863.63719
2020-10-12,120.06789616361,125.17158000586,119.29127101385,124.39186483561,240226769.19488
2020-10-13,125.26222060689,125.38376141282,119.65074339749,121.0968729867,262330448.83922
2020-10-14,120.99593231737,123.02916579962,119.62087319942,121.18854359456,151062306.07451
2020-10-15,118.72270724374,121.19884366286,118.14590341898,120.71268043914,112559216.72788
2020-10-16,121.28124420925,121.54492595771,118.81231783794,119.02552925173,115393805.69874
2020-10-19,119.96695549428,120.42118850627,115.65122687692,115.97464902151,120639335.96423
2020-10-20,116.1981605036,118.98432897853,115.62032667202,117.50935919809,124423726.40396
2020-10-21,116.67093363854,118.7041671208,116.44742215644,116.87487499086,89945978.326497
2020-10-22,117.4578588566,118.03260266769,114.58928983527,115.74083747112,101987951.87436
2020-10-23,116.38871176714,116.54733281895,114.27410774532,115.03219277214,82572642.752984
2020-10-26,114.00424595588,116.54733281895,112.88977856591,115.04249284044,111850654.43606
2020-10-27,115.48024574315,117.285847716,114.53984950744,116.59883316044,92276769.667162
2020-10-28,115.04249284044,115.41844533336,111.0924166477,111.19335731703,143937821.27806
2020-10-29,112.37683516461,116.93667540066,112.20276401035,115.31750466402,146129171.79578
2020-10-30,111.0512163745,111.99161261022,107.70575419093,108.85936184043,190573474.17348
2020-11-02,109.11274352059,110.68865397037,107.31538160239,108.76769123257,122866896.92145
2020-11-03,109.65658712679,111.48690926356,108.72649095938,110.44557235851,107624446.53766
2020-11-04,114.13299680962,115.58015640565,112.35726503484,114.94361218476,138235480.44944
2020-11-05,117.94711210081,119.62087319942,116.87487499086,119.02552925173,126387072.60833
2020-11-06,118.31773106235,119.20818074993,116.12759499475,118.68892313765,114457918.5368
2020-11-09,120.50478243126,121.98955073249,116.04739282889,116.31576161464,154515312.3206
2020-11-10,115.54150224426,117.582544542,114.12768201283,115.96719066303,138023387.12274
2020-11-11,117.19387250747,119.63901033318,116.43914956211,119.49608596069,112294952.33571
2020-11-12,119.62872800422,120.53562941813,118.56861988887,119.21743484599,103350673.2337
2020-11-13,119.44467431591,119.67808318321,117.86016742381,119.26473355918,81688584.717002
2020-11-16,118.92130377206,120.99010835798,118.14498793589,120.30530524952,91183015.44558
2020-11-17,119.55777993443,120.66827146166,118.96243308788,119.39429090403,74270973.363843
2020-11-18,118.6076927389,119.83026165176,117.99383770024,118.02365645421,76322108.869283
2020-11-19,117.582544542,119.06525637744,116.81651103479,118.63853972577,74112969.276737
2020-11-20,118.64882205473,118.76912530351,117.28641346807,117.33782511285,73604284.909368
2020-11-23,117.18359017851,117.61236329597,113.75854640331,113.84800266523,127959315.99216
2020-11-24,113.90764017317,115.84585918136,112.59458676551,115.16002784,113874216.14547
2020-11-25,115.53121991531,116.75481706105,115.16002784,116.02785640387,76499232.165747
2020-11-27,116.57179160564,117.47972125244,116.21705125666,116.59235626355,46691329.567484
2020-11-30,116.9769153665,120.97057193296,116.81651103479,119.05497404848,169410174.23926
2020-12-01,121.01067301589,123.47123433503,120.02151297034,122.71445492388,128166801.08713
2020-12-02,122.02039771936,123.37252397706,120.88831330132,123.08050583471,89004193.887143
2020-12-03,123.52264597981,123.78587360108,122.21473373662,122.93860969512,78967629.170835
2020-12-04,122.59106697641,122.85840752926,121.51450713473,122.25277835376,78260419.74083
2020-12-07,122.3134440946,124.56116120435,122.25277835376,123.75502661421,86618059.373718
2020-12-08,124.36065578971,124.97553906128,123.09078816366,124.37093811867,82008727.168593
2020-12-09,124.52106012143,125.95441677788,121.00039068694,121.77567829021,114876425.86315
2020-12-10,120.50478243126,123.87635809589,120.16340910993,123.23988193352,81311838.357629
2020-12-11,122.43271911049,122.7555842397,120.55619407604,122.41318268547,86939786.096739
2020-12-14,122.59106697641,123.35195931914,121.53507179264,121.77567829021,79075986.917876
2020-12-15,124.33083703574,127.89057932027,124.11799282636,127.87001466235,157572261.78554
2020-12-16,127.40730985934,128.36665115092,126.57135651523,127.80215129125,98208590.129098
2020-12-17,128.90133225663,129.58819183088,128.03144722696,128.69979860909,94359810.327379
2020-12-18,128.96199799747,129.10183767127,126.12613167144,126.6700668732,192541494.10081
2020-12-21,125.0166683771,128.30598541008,123.44141558106,128.22475501133,121251550.63122
2020-12-22,131.60455653913,134.39929354933,129.65913990068,131.87703825646,169351824.61802
2020-12-23,132.15774583695,132.43434048587,130.76757496212,130.94751571885,88223691.723242
2020-12-24,131.31253839678,133.46154514856,131.08941185844,131.96752275127,54930063.259388
2020-12-28,133.98594392531,137.35237842546,133.51192856044,136.69945053676,124486235.12174
2020-12-29,138.05054856157,138.78984801349,134.3386278085,134.86302658524,121047322.58045
2020-12-30,135.53960383054,135.99408277039,133.39985117482,133.72271630404,96452122.301867
2020-12-31,134.07540018722,134.73141277461,131.71560569185,132.69345517556,99116583.837534
2021-01-04,133.5211826565,133.61166715131,126.77186192987,129.41442047153,143301884.84762
2021-01-05,128.89104992767,131.73514211687,128.42526042597,130.99789913073,97664895.210954
2021-01-06,127.71063856354,131.03902844656,126.38833105981,126.61042936526,155087968.57632
2021-01-07,128.35636882197,131.62512119704,127.84945000444,130.90844286882,109578155.38048
2021-01-08,132.43434048587,132.63381766761,130.24214795247,132.04772491713,105158244.26939
2021-01-11,129.19129393318,130.18148221164,128.49620849577,128.98153442248,100620878.25044
2021-01-12,128.49620849577,129.6992409836,126.87365698653,128.79953719997,91951142.981072
2021-01-13,128.75943611704,131.44312397452,128.48592616681,130.87759588195,88636829.643477
2021-01-14,130.78813962003,130.98761680178,128.75943611704,128.91161458558,90221752.676958
2021-01-15,128.77897254205,130.23186562352,127.00424256427,127.13277167622,111598529.37252
2021-01-19,127.77233253727,128.71008093805,126.95283091949,127.81963125047,90757327.83932
2021-01-20,128.65866929327,132.49089329512,128.54762014055,132.02716025921,104319488.76594
2021-01-21,133.80291846989,139.66590244053,133.5911024934,136.88247599218,120529542.99736
2021-01-22,136.28712914563,139.84789966305,135.01623328669,139.05924503214,114459356.92688
2021-01-25,143.0755227223,145.08263333449,136.54624383532,142.92437248665,157611710.04689
2021-01-26,143.60917559511,144.29603516936,141.36043025246,143.1680636829,98390554.741204
2021-01-27,143.43848893444,144.29603516936,140.41137128983,142.05551568988,140843757.88937
2021-01-28,139.51475220488,141.98456762008,136.70973286572,137.10354606473,142621126.62348
2021-01-29,135.83059373999,136.75086218154,130.22158329456,131.95724042231,177523809.81326
2021-02-01,133.75253505801,135.37817126593,130.91872519777,134.13709416096,106239821.22026
2021-02-02,135.73085514912,136.3179761325,134.59979896397,134.98538629982,83305365.319076
2021-02-03,135.7596456702,135.76992799915,133.61166715131,133.93453228053,89880935.920848
2021-02-04,136.30769380354,137.40379007024,134.58026253896,137.39350774129,84183059.471707
2021-02-05,137.35277428999,137.42258979931,135.86303452504,136.76858274881,75693827.744326
2021-02-08,136.032439805,136.96878898876,134.91333825862,136.91745405544,71297213.481821
2021-02-09,136.62792503151,137.87536391119,135.85276753838,136.01190583167,76774211.927435
2021-02-10,136.48521391688,136.99856325008,134.38869524009,135.3876730425,73046561.229874
2021-02-11,135.90307577303,136.39383773557,133.76548914958,135.12586488257,64280028.950702
2021-02-12,134.34044040277,135.5283307598,133.70594062693,135.36713906917,60145128.284205
2021-02-16,135.48828951181,136.01190583167,132.78807201917,133.1905378964,80576313.875885
2021-02-17,131.2469973209,132.22646784864,129.47491542269,130.83323775834,98085247.692842
2021-02-18,129.20078687876,129.99750504389,127.39893071922,129.71310951329,96856746.048422
2021-02-19,130.25007291582,130.7028470277,128.79934770019,129.87738129992,87668832.097921
2021-02-22,128.00262953506,129.72337649996,125.60631484768,126.00672732758,103916417.2423
2021-02-23,123.76236404282,126.72438969539,118.39170331887,125.86709630895,158273019.45311
2021-02-24,124.94101411185,125.56730029836,122.23052963255,125.35272027708,111039902.68096
2021-02-25,124.67817925325,126.46052813813,120.53853023032,120.98103735554,148199539.9226
2021-02-26,122.58268727513,124.84963793054,121.19356397948,121.2541392008,164560392.96516
2021-03-01,123.75209705616,127.92152034042,122.78597361107,127.78086262312,116307891.40734
2021-03-02,128.40612211096,128.71926520421,125.01185631983,125.12171307714,102260943.19172
2021-03-03,124.80959668255,125.71617160499,121.83833074198,122.06112435259,112966337.44193
2021-03-04,121.74592786201,123.6011723522,118.62271051881,120.13606435309,178154973.78692
2021-03-05,120.97077036887,121.94100060862,117.56829098842,121.41327749409,153766599.84684
2021-03-08,120.92148883289,120.9913043422,116.20380846077,116.35678656206,154376606.48316
2021-03-09,119.03955017737,122.06112435259,118.79519589477,121.08370722218,129525778.45062
2021-03-10,121.68432594202,122.16995441123,119.4604966306,119.99437993713,111943325.49658
2021-03-11,122.53135234181,123.2069200643,121.2541392008,121.96153458195,103026513.48583
2021-03-12,120.40608610235,121.16378971816,119.16583411334,121.02210530219,88105048.696477
2021-03-15,121.40301050743,123.9923445441,120.42662007568,123.9831042561,92590553.694878
2021-03-16,125.70590461832,127.21720505527,124.70795351458,125.57654058636,115227934.8083
2021-03-17,124.04367947742,125.86709630895,122.34038638986,124.7592884479,111932634.9207
2021-03-18,122.87632309372,123.17817250164,120.32497690771,120.52826324365,121469753.5714
2021-03-19,119.91327074248,121.42354448076,119.68226354254,119.99437993713,185549521.2315
2021-03-22,120.33524389437,123.87222080013,120.26645508372,123.38864572825,111912283.2823
2021-03-23,123.32807050693,124.23567212803,122.14018014991,122.53135234181,95467141.633137
2021-03-24,122.8157478724,122.89685706705,120.06522214511,120.0960231051,88530484.13756
2021-03-25,119.55084611324,121.65352498203,119.00977591605,120.58781176631,98844680.840576
2021-03-26,120.3557778677,121.47385271541,118.9286667214,121.20383096615,94071232.54423
2021-03-29,121.64428469403,122.57242028846,120.7284694836,121.3824765341,80819201.110631
2021-03-30,120.11553037976,120.40608610235,118.86706480142,119.91327074248,85671918.040183
2021-03-31,121.64428469403,123.52006315755,121.1442824435,122.15044713657,118323823.70347
2021-04-01,123.66072087485,124.17509690672,122.48001740849,122.99542013902,75089133.280102
2021-04-05,123.87222080013,126.16894571687,123.066262347,125.90713755694,88651172.90833
2021-04-06,126.51186307145,127.12582887396,125.654569685,126.22028065019,80171252.475097
2021-04-07,125.83629534896,127.91125335376,125.1412203518,127.89071938043,83466714.045974
2021-04-08,128.94719230816,130.38970393445,128.5180322656,130.36198307046,88844590.905741
2021-04-09,129.80551239327,133.04166658977,129.47491542269,133.00059864311,106686701.35105
2021-04-12,132.52626385923,132.84864724048,130.62379123039,131.23673033423,91419980.439717
2021-04-13,132.44618136325,134.65153009869,131.93077863272,134.41846950141,91266543.014351
2021-04-14,134.93284553328,134.9934207546,131.64946319813,132.03242180069,87222782.039626
2021-04-15,133.8168240829,134.9934207546,133.64433870695,134.4893117094,89347100.567907
2021-04-16,134.29013216811,134.66179708535,133.28191407771,134.15768804015,84922384.58389
2021-04-19,133.51292127765,135.46775553848,133.34146260036,134.83428246131,94264214.191605
2021-04-20,135.01395472793,135.5283307598,131.81168158742,133.11045540042,94812346.782418
2021-04-21,132.36404546994,133.74495517625,131.29730555555,133.50368098965,68847134.327814
2021-04-22,133.04166658977,134.14742105348,131.40818901152,131.94104561938,84566454.443959
2021-04-23,132.16589262733,135.1155978959,132.16589262733,134.31066614144,78756778.055754
2021-04-26,134.82504217331,135.05399597592,133.56220281363,134.71313201867,66905067.911202
2021-04-27,135.00368774126,135.40820701583,134.10840650416,134.37945495209,66015803.095851
2021-04-28,134.30039915478,135.01395472793,133.08170783776,133.58273678696,107760095.16762
2021-04-29,136.47494693022,137.07864574606,132.45644834992,133.48314701632,151100950.13913
2021-04-30,131.78088062743,133.56220281363,131.05705806761,131.45952394484,109839463.79822
2021-05-03,132.04268878736,134.06939195484,131.83016216341,132.5457711339,75135099.055206
2021-05-04,131.18539540091,131.49032490483,126.71412270873,127.84041114577,137564715.55076
2021-05-05,129.20078687876,130.45027915577,127.96258828708,128.09400571637,84000898.045571
2021-05-06,127.88045239376,129.75417745995,127.12582887396,129.74391047328,78128332.708434
2021-05-07,130.84507430647,131.25710729961,129.47368091139,130.20857557826,78973271.232628
2021-05-10,129.41320840742,129.5444029923,126.80879090601,126.84978921379,88071229.178754
2021-05-11,123.50227738395,126.27683786263,122.76738271708,125.91400283882,126142824.92761
2021-05-12,123.4018315299,124.63793050932,122.24157941987,122.76738271708,112172280.50558
2021-05-13,124.57745800535,126.15896772778,124.25664624701,124.9689918446,105861338.07792
2021-05-14,126.25633870874,127.8870464005,125.85353033485,127.44221476114,81917950.819461
2021-05-17,126.81904048296,126.93076087164,125.1709085104,126.27683786263,74244621.429236
2021-05-18,126.56895080553,126.99123337561,124.77937467115,124.84907179436,63342925.621399
2021-05-19,123.15891655634,124.91876891758,122.85757899419,124.68917839404,92611987.324707
2021-05-20,125.23138101437,127.71485350784,125.10018642949,127.3038454724,76857120.476456
2021-05-21,127.81632431958,127.99774183149,125.21088186048,125.43227272246,79295433.797787
2021-05-24,126.01649860826,127.93726932752,125.94475156965,127.10397872199,63092943.596379
2021-05-25,127.81632431958,128.32060350522,126.32808574735,126.90103709851,72009481.371682
2021-05-26,126.96048464478,127.38481713025,126.4285316014,126.84978921379,56575918.516568
2021-05-27,126.44903075529,127.63285689229,125.0796872756,125.28262889908,94625600.190216
2021-05-28,125.57371688429,125.80330740783,124.54773423222,124.60820673618,71311107.181287
2021-06-01,125.0796872756,125.35437593769,123.93480953098,124.2771454009,67637117.49307
2021-06-02,124.28739497784,125.24163059131,124.04550496197,125.0612380371,59278860.321092
2021-06-03,124.6789288171,124.84907179436,123.1291927832,123.54225073403,76229169.680505
2021-06-04,124.06600411586,126.16819234703,123.84358829618,125.89350368493,75169341.547149
2021-06-07,126.17741696628,126.32808574735,124.83984717511,125.90375326188,71057548.423276
2021-06-08,126.6099491133,128.45999775165,126.21739031636,126.7380688251,74403773.363892
2021-06-09,127.20339961835,127.74560223867,126.52795249775,127.13267753743,56877935.860014
2021-06-10,127.02198210644,128.18838396264,125.94475156965,126.11796942,71186420.08376
2021-06-11,126.5382020747,127.43196518419,126.10771984306,127.34484378017,53522371.99736
2021-06-14,127.81632431958,130.53041229429,127.07322999116,130.47096474802,96906487.501786
2021-06-15,129.94823632389,130.59088479826,129.39475916892,129.64689876174,62746330.265947
2021-06-16,130.36129427472,130.88402269885,128.45999775165,130.14912803199,91815025.6506
2021-06-17,129.80679216206,132.5526538253,129.65714833869,131.78803538529,96721668.166277
2021-06-18,130.70158022926,131.50822193473,130.23932430909,130.45149055183,108953307.6464
2021-06-21,130.29979681306,132.41120966348,129.2164165301,132.30153919018,79663314.347461
2021-06-22,132.12934629752,134.07266608606,131.61686745033,133.98144485126,74783616.35852
2021-06-23,133.77030356622,134.31250618655,133.23630060745,133.69958148531,60214198.438225
2021-06-24,134.44370077143,134.63639281797,132.935988003,133.41771811935,68710996.938083
2021-06-25,133.46896600407,133.89022361646,132.81606795275,133.11535559951,70783743.951599
2021-06-28,133.41771811935,135.23804298457,133.35622065769,134.77476210671,62111300.153416
2021-06-29,134.7952612606,136.49771599096,134.34325491738,136.33577267525,64556080.083111
2021-06-30,136.17177944415,137.41197825434,135.87351675508,136.96612165729,63261391.524471
2021-07-01,136.60738646426,137.33100659649,135.7607714087,137.27155905021,52485780.920647
2021-07-02,137.90190803225,140.00409626342,137.75123925118,139.96412291334,78945571.552772
2021-07-06,140.07481834433,143.15174134285,140.07481834433,142.01813813287,108181789.94929
2021-07-07,143.53712543594,144.89416942329,142.66078660725,144.57028279187,104911587.65861
2021-07-08,141.57228153582,144.05780394468,140.65801927243,143.24193761996,105575457.01023
2021-07-09,142.75303279974,145.65673794791,142.6505370303,145.11658524297,99890798.96828
2021-07-12,146.21021510287,146.31988557617,143.99733144071,144.49956071096,76299716.982502
2021-07-13,144.05780394468,147.45553870154,143.63757128999,145.64648837097,100827096.14939
2021-07-14,148.09306238744,149.57105138274,147.67692956353,149.14774385496,127050783.3781
2021-07-15,149.23691517437,150.00153361437,147.09680350851,148.47127177667,106820294.73085
2021-07-16,148.45077262278,149.76066855619,145.88120368298,146.39163261478,93251424.448401
2021-07-19,143.74724176329,144.06805352163,141.66452772831,142.4496453222,121434570.11234
2021-07-20,143.46537839733,147.10705308545,142.9610992117,146.1497425989,96350033.315307
2021-07-21,145.53681789767,146.12924344502,144.63075529584,145.4035733974,74993458.190217
2021-07-22,145.93757635617,148.18223370685,145.82073117901,146.80469056561,77338153.989063
2021-07-23,147.54573497865,148.71418675024,146.92256070046,148.55326839222,71447415.24626
2021-07-26,148.26218040702,149.83139063711,147.69742871741,148.98682549694,72434087.189452
2021-07-27,149.12724470107,149.20821635893,145.55731705155,146.77394183478,104818576.99044
2021-07-28,144.84292153857,146.97380858518,142.53984159931,144.98641561579,118931189.7152
2021-07-29,144.69020284211,146.55357593049,144.58053236881,145.64648837097,56699473.860066
2021-07-30,144.38066561841,146.33013515312,144.10802687171,145.86070452909,70440624.423906
2021-08-02,146.36088388395,146.9533094313,145.25392957402,145.52656832072,62879960.171602
2021-08-03,145.82073117901,148.03361484117,145.1852574085,147.35816772058,64786617.403136
2021-08-04,147.26899640116,147.77942533296,146.27991222609,146.9533094313,56368269.946127
2021-08-05,146.98405816213,147.82964825999,146.17024175279,147.06605477768,46397672.080415
2021-08-06,146.35377859279,147.10906577778,145.63328783639,146.14192974822,54126811.545008
2021-08-09,146.20333521042,146.70276630293,145.5309453994,146.09075852973,48908688.782761
2021-08-10,146.44383993734,147.69958163921,145.30886231113,145.61281934899,69023079.846231
2021-08-11,146.0508449793,146.72323479033,145.5411796431,145.86151147087,48493461.226627
2021-08-12,146.19310096672,149.04333783688,145.84206640784,148.88470705955,73779110.817517
2021-08-13,148.9645341604,149.44656703862,148.25939476954,149.09348563101,59375007.853387
2021-08-16,148.5326490763,151.19457586241,146.4724958197,151.12293615651,103558780.81214
2021-08-17,150.23051010596,151.68274928685,149.08325138731,150.19161997991,92229732.627406
2021-08-18,149.79657817313,150.72175380352,146.15216399192,146.36401283649,86325989.099581
2021-08-19,145.03663142874,147.99125758463,144.50342733202,146.70276630293,86960308.565772
2021-08-20,147.43656157614,148.49171210151,146.78464025252,148.18161451743,60549628.113916
2021-08-23,148.30033174434,150.19161997991,147.88072775268,149.70651682858,60131808.28025
2021-08-24,149.44656703862,150.86298636656,149.1446568495,149.6174789084,48606426.095747
2021-08-25,149.80681241683,150.31852460178,147.7916898325,148.35047953846,58991296.060361
2021-08-26,148.36071378216,149.11395411841,147.50717785767,147.52764634507,48597194.343722
2021-08-27,147.47647512657,148.74449792087,146.83581147102,148.5940545385,55802386.263023
2021-08-30,148.99421346713,153.49216357283,148.6042887822,153.13089477025,90956721.119843
2021-08-31,152.66830695506,152.81056294248,151.29589487503,151.83523951796,86453116.226731
2021-09-01,152.84126567357,154.96896493859,152.35002197602,152.51786357269,80313709.9503
2021-09-02,153.86469004347,154.7069682999,152.40835716511,153.65488804764,71171314.796138
2021-09-03,153.76439445522,154.61690695534,153.10326231227,154.29759855194,57866065.868593
2021-09-07,154.95975411926,157.25836525405,154.38765989649,156.68831788002,82278259.612335
2021-09-08,156.97487670359,157.03628216578,153.96396220735,155.10098668231,74420206.553849
2021-09-09,155.48067712354,156.10496598918,153.94349371995,154.06528121997,57305728.42025
2021-09-10,154.98943342599,155.47044287984,148.69435012675,148.9645341604,140893233.776
2021-09-13,150.63066903459,151.42586977,148.74449792087,149.5458392025,102404326.18437
2021-09-14,150.3482039085,151.07278836239,146.91666199624,148.10997481154,109296292.22257
2021-09-15,148.5531175637,149.43633279492,146.37424708019,149.02286934949,83281314.679416
2021-09-16,148.43235348806,148.9645341604,147.21550191225,148.78236462256,68034147.952708
2021-09-17,148.81306735366,148.81306735366,145.76019245825,146.061079223,129868823.637
2021-09-20,143.80238163864,144.84934476904,141.26019550381,142.93758804608,123478860.49722
2021-09-21,143.93337995799,144.60576976901,142.77691042,143.43292544111,75833960.263999
2021-09-22,144.45430296226,146.43360569365,143.70208605039,145.85127722717,76404340.467138
2021-09-23,146.6526185088,147.07938647105,145.64249865571,146.83581147102,64838169.728808
2021-09-24,145.66296714311,147.46624088287,145.57188237419,146.92689623994,53477867.64692
2021-09-27,145.4797741809,145.96180705912,143.82285012604,145.37845516828,74150727.921024
2021-09-28,143.25075590326,144.75928342449,141.68594004169,141.90290600811,108972337.65421
2021-09-29,142.46783626029,144.45430296226,142.02264665939,142.82705821413,74602042.169136
2021-09-30,143.66114907559,144.38368668074,141.27042974751,141.49353626015,89056661.811899
2021-10-01,141.89267176441,142.91916640742,139.11305117577,142.65000579814,94639580.460371
2021-10-04,141.75655632321,142.2058396216,138.26974949497,139.1427304825,98322006.940383
2021-10-05,139.49376504137,142.2365423527,139.3637901464,141.10054130211,80861060.606075
2021-10-06,139.47534340271,142.14443415941,138.36902165885,141.99399077703,83221116.777341
2021-10-07,143.05732869735,144.21379823534,142.71857523092,143.29169287806,61732654.467022
2021-10-08,144.03469897061,144.18514235298,142.55994445358,142.89869792002,58773153.902946
2021-10-11,142.26519823505,144.81966546232,141.80568069297,142.80658972673,64452217.418488
2021-10-12,143.23028741587,143.25075590326,141.0329952937,141.50377050385,73035857.068267
2021-10-13,141.22949277272,141.39119382316,139.20413594469,140.90097354998,78762718.937491
2021-10-14,142.10349718461,143.88220873949,141.50377050385,143.76144466384,69907099.24875
2021-10-15,143.77167890754,144.89949256317,143.51172911759,144.84934476904,67940333.497215
2021-10-18,143.4533939285,146.84604571471,143.15967113434,146.55436976929,85589174.516911
2021-10-19,146.99853594583,149.1651253369,146.55436976929,148.7537087402,76378892.568138
2021-10-20,148.69435012675,149.75768804707,148.10997481154,149.25621010582,58418785.753558
2021-10-21,148.80283310996,149.63794739579,147.86128268965,149.47624634535,61420989.033423
2021-10-22,149.68604834118,150.18138573621,148.63294466455,148.68411588305,58883441.48581
2021-10-25,148.67388163935,149.36673993777,147.61873111399,148.63294466455,50720553.982127
2021-10-26,149.32682638735,150.84251787916,149.00342428646,149.31659214365,60893392.64635
2021-10-27,149.35650569407,149.72698531598,148.48250128218,148.84377008475,56094926.687901
2021-10-28,149.81704666053,153.17183174505,149.71675107228,152.57722218614,100077886.56653
2021-10-29,147.20526766855,149.93781073617,146.41416063062,149.79657817313,124953166.80101
2021-11-01,148.9850026478,149.69628258488,147.7916898325,148.95532334107,74588257.076251
2021-11-02,148.65341315195,151.57426630364,148.64317890825,150.01968468577,69121985.054058
2021-11-03,150.38811745893,151.97749550538,149.81704666053,151.49648605153,54511531.717384
2021-11-04,151.58450054734,152.43803647183,150.64090327829,150.96123510607,60394614.216781
2021-11-05,151.89703941276,152.20566314644,150.06266986988,151.28490160987,65463882.667877
2021-11-08,151.41366515439,151.57308668569,150.15975349471,150.44078504028,55020867.208263
2021-11-09,150.19960887754,151.43308187935,150.06266986988,150.81174668043,56787928.443319
2021-11-10,150.02179255416,150.12909550792,147.84303162634,147.91456692885,65187089.541885
2021-11-11,148.95796041257,149.43009340913,147.67543463189,147.8634702842,40999948.51729
2021-11-12,148.42655530823,150.40092965745,147.47411385198,149.99215650026,63804006.553051
2021-11-15,150.37231553645,151.88784201673,149.43009340913,150.0013538963,59222801.630307
2021-11-16,149.94208178851,151.49133205425,149.33811944876,151.0048919972,59256207.933436
2021-11-17,150.99467266827,154.99553994426,150.99467266827,153.49023279291,88806998.604395
2021-11-18,153.70075096886,158.67347642606,153.05999904497,157.87228103797,137827670.45525
2021-11-19,157.65154353309,161.02085628122,156.5304831495,160.54974521756,117305595.91961
2021-11-22,161.67080560115,165.70437472972,161.00041762336,161.02085628122,117467887.39799
2021-11-23,161.1118083087,161.79343754831,159.06589865697,161.4020372503,96041897.344657
2021-11-24,160.75004406458,162.13476313456,159.64635654017,161.93446428754,69463621.817197
2021-11-26,159.56664577452,160.44857386116,156.35982035637,156.8074269635,76959750.039195
2021-11-29,159.37554432354,161.18232167831,158.79406450744,160.24929694703,88748214.901069
2021-11-30,159.98972599221,165.52247067477,159.92841001863,165.30173316988,174048054.64538
2021-12-01,167.47845023192,170.29489728495,164.53017383569,164.77134999843,152423000.6404
2021-12-02,158.73274853386,164.19906757837,157.80176766836,163.7586145015,136739173.34585
2021-12-03,164.01818545631,164.96040758363,159.72606730583,161.83431486403,118023114.65792
2021-12-06,164.29001960584,167.88006985885,164.27980027691,165.32217182774,107496981.21611
2021-12-07,169.07164361206,171.5815107972,168.34096159358,171.17886923737,120405350.33772
2021-12-08,172.13131069362,175.96355904227,170.69753884478,175.07958708985,116998898.6774
2021-12-09,174.90994622961,176.75249123564,173.92480292079,174.55840131443,108923737.32703
2021-12-10,175.20017517122,179.63434199382,174.68614292605,179.45141600598,115402729.28975
2021-12-13,181.10592535971,182.12888018557,175.52923756275,175.74179960449,153237017.88724
2021-12-14,175.25127181587,177.73456874579,172.21204339216,174.32642254773,139380380.04206
2021-12-15,175.11024507664,179.50251265063,172.31321474857,179.29914800493,131063255.64138
2021-12-16,179.27973127996,181.13453948071,170.74761355654,172.26314003681,150185842.00139
2021-12-17,169.92495757769,173.47413051499,169.68480334784,171.13901385454,195923440.15624
2021-12-20,168.27964562001,170.57695076341,167.45801157406,169.74509738853,107499112.47152
2021-12-21,171.56107213934,173.20229636546,169.11252092778,172.99688785397,91185904.319944
2021-12-22,173.04696256572,175.86238768586,172.15174935148,175.64062824809,92135300.319106
2021-12-23,175.85216835693,176.84344326312,175.27171047372,176.28240210487,68356565.759231
2021-12-27,177.08461942586,180.42531805299,177.064180768,180.3353879584,74919580.851632
2021-12-28,180.16370323238,181.32666286459,178.52656673784,179.28995060889,79144337.711587
2021-12-29,179.32980599172,180.63379236315,178.1402761043,179.37988070347,62348930.578664
2021-12-30,179.47185466384,180.57452025536,178.08917945965,178.1985262792,59773012.9053
2021-12-31,178.08917945965,179.22965656821,177.25630415188,177.56594981845,64062260.301232
2022-01-03,177.82552077326,182.88204472769,177.70493269189,182.00727017131,104701219.36164
2022-01-04,182.63167116891,182.9382510368,179.12030974866,179.70281149765,99310436.818208
2022-01-05,179.61390333597,180.17392256131,174.63811208008,174.92016555854,94537600.9172
2022-01-06,172.63001394539,175.30134652762,171.64078290499,172.00152521621,96903953.949409
2022-01-07,172.89469456467,174.13736496253,171.02762316921,172.17218800934,86709144.611493
2022-01-10,169.07164361206,172.50022846798,168.16927686757,172.1926266672,106765551.58395
2022-01-11,172.3234340775,175.18075844625,170.81812692615,175.07958708985,76138310.582874
2022-01-12,176.12195864068,177.17557145333,174.81797226924,175.52923756275,74805171.18657
2022-01-13,175.78267692021,176.62372769113,171.78998510737,172.1926266672,84505758.248764
2022-01-14,171.33829076867,173.78786391313,171.0879172099,173.07762055251,80440778.024949
2022-01-18,171.50997549469,172.54008385081,169.40581566806,169.79517210028,91168728.045337
2022-01-19,169.9964928802,171.07769788097,165.94146316089,166.23475790117,94814988.015657
2022-01-20,166.98792244329,169.67458401891,164.1796508534,164.50973517783,91420513.658433
2022-01-21,164.42082701614,166.33592925757,162.29316273297,162.40353148541,122848855.20694
2022-01-24,160.02855944215,162.29316273297,154.69509167372,161.61051156047,162706685.67712
2022-01-25,158.98414402553,162.7550764006,157.01896707234,159.78636134651,115798365.83573
2022-01-26,163.49699968089,164.39016902935,157.82118439333,159.69643125193,108275307.27399
2022-01-27,162.44338686824,163.83934720004,158.28411999384,159.22634212116,121954636.02065
2022-01-28,165.71459405865,170.3449719967,162.79493178342,170.32453333884,179935657.48249
2022-01-31,170.1559144115,174.9988543913,169.50392122579,174.77811688642,115541588.70114
2022-02-01,174.01575494826,174.8384109271,172.31321474857,174.60745409329,86213908.570575
2022-02-02,174.7372395707,175.88180441083,173.33208184286,175.841949028,84914254.738965
2022-02-03,174.47766861589,176.24152478916,172.12109136469,172.9049138936,89418072.975613
2022-02-04,171.68060518761,174.0954218565,170.68140589816,172.39096545877,82465398.602529
2022-02-07,172.86658023802,173.9453888682,170.95085289757,171.66121316872,77251202.879012
2022-02-08,171.73163681629,175.34569675904,171.43259147226,174.8272154117,74829216.687121
2022-02-09,176.0478919696,176.64802392282,174.89763905927,176.27855493121,71285036.25046
2022-02-10,174.13522652687,175.47735836102,171.55098485078,172.12355972451,90865897.687757
2022-02-11,172.33074813693,173.08091307845,168.03592626766,168.63605822088,98670685.822944
2022-02-14,167.36741193202,169.57912271879,166.56315346411,168.87692750822,86185527.76419
2022-02-15,170.97126554904,172.95333400676,170.24967831957,172.79615659044,64286317.822791
2022-02-16,171.85309209254,173.34423628241,170.0486137026,172.55324603795,61177396.862984
2022-02-17,171.0304622383,171.9122887818,168.46663321368,168.87692750822,69589341.79102
2022-02-18,169.82101263871,170.54055860302,166.19470510508,167.29596765188,82772673.725961
2022-02-22,164.98117297519,166.69583569866,162.1468763186,164.32082370014,91162755.742133
2022-02-23,165.54456215576,166.15387980214,159.7555341989,160.07601282697,90009245.624414
2022-02-24,152.58456973752,162.84907152916,152.00178853805,162.7398638438,141147539.02736
2022-02-25,163.83908512545,165.12202027033,160.87720939717,164.85257327093,91974219.163454
2022-02-28,163.06034247187,165.42310687952,162.42857090888,165.12202027033,95056627.154046
2022-03-01,164.69131332432,166.60397876705,161.96928625081,163.1981278693,83474423.81566
2022-03-02,164.39226798029,167.35720560629,162.94807288879,166.56315346411,79724748.2719
2022-03-03,168.46663321368,168.90754648543,165.5547684815,166.23348914287,76678440.442087
2022-03-04,164.49024870734,165.5547684815,162.09584468992,163.16852952467,83819590.145982
2022-03-07,163.35938781591,165.02097764556,159.04415329517,159.30441460141,96418844.112534
2022-03-08,158.82267602672,162.87969050637,155.79650044631,157.44073952221,131148278.50499
2022-03-09,161.47530008524,163.40939881201,159.41464291935,162.94807288879,91454903.972302
2022-03-10,160.19542683807,160.38526449674,155.97817304439,158.52056878497,105342030.80724
2022-03-11,158.93392497723,159.28400194994,154.49825581282,154.72789814186,96970101.258945
2022-03-14,151.45064694837,154.11551859776,150.10035005363,150.61985203354,108732109.75422
2022-03-15,150.90358788897,155.56889938242,150.38102401134,155.08716080773,92964301.222602
2022-03-16,157.05187851171,160.00456854683,154.45743050988,159.59325361971,102300155.52262
2022-03-17,158.61242571658,160.99662340827,157.63057718088,160.61592745835,75615374.233761
2022-03-18,160.50569914042,164.48004238161,159.76574052463,163.98095305317,123511690.95879
2022-03-21,163.51146206936,166.35494441912,163.01951716893,165.38330220915,95811351.253593
2022-03-22,165.51394317856,169.41786277218,164.91279059277,168.81671018639,81532004.916359
2022-03-23,167.98591527156,172.64510296957,167.64604462459,170.20987364921,98062672.698422
2022-03-24,171.0610812155,174.13522652687,170.20987364921,174.06582351187,90131416.916256
2022-03-25,173.8759858532,175.27527311146,172.75635192008,174.71698709376,80546155.526353
2022-03-28,172.17255008804,175.72945460667,172.00312508084,175.59881363726,90371914.825469
2022-03-29,176.68680796061,179.01180896303,176.33979288562,178.96077733436,100589438.02707
2022-03-30,178.55150367238,179.61194091624,176.69701428634,177.77071975366,92633151.689678
2022-03-31,177.8421640338,178.03302232505,174.39548783311,174.60573814325,103049284.07275
2022-04-01,174.02499820893,174.8772264078,171.942907759,174.30567216664,78751326.468794
2022-04-04,174.56593347289,178.49128635055,174.43529250348,178.44025472187,76545981.412745
2022-04-05,177.49821085654,178.29940742673,174.41590048458,175.05889900588,73401784.290944
2022-04-06,172.36136711414,173.63511656586,170.12822304333,171.83267944107,89058781.152485
2022-04-07,171.16008257513,173.36464893388,169.85061098334,172.14193111083,77594647.727926
2022-04-08,171.78266844496,171.78266844496,169.19944740145,170.08841837296,76575506.239586
2022-04-11,168.70546123588,169.02900176167,165.50373685282,165.75072993561,72246705.538203
2022-04-12,168.01551361619,169.87000300223,166.64480406999,167.65625095032,79265178.381441
2022-04-13,167.38782458349,171.04066856403,166.7754450394,170.39971130788,70618922.883461
2022-04-14,170.62118857633,171.27133152564,165.04139029703,165.29144527753,75329374.151478
2022-04-18,163.91971509876,166.59377244131,163.56963812605,165.07098864166,69023940.475222
2022-04-19,165.02097764556,167.81444899921,163.90950877302,167.39803090923,67723831.077914
2022-04-20,168.75649286455,168.87692750822,166.10386880604,167.22452337173,67929812.158137
2022-04-21,168.90754648543,171.53057219931,165.91301051479,166.42434743411,87227766.692894
2022-04-22,166.46313147191,167.86445999532,161.49571273671,161.78659302015,84882422.185807
2022-04-25,161.11603741937,163.16852952467,158.46239272828,162.87969050637,96046375.106672
2022-04-26,162.2468983108,162.33875524241,156.71813166018,156.79876163348,95623238.50373
2022-04-27,155.90774939682,159.79431823669,155.37906172375,156.5670780393,88063189.76496
2022-04-28,159.25338297274,164.51066135881,158.93392497723,163.64108240619,130216790.49972
2022-04-29,161.83762464883,166.20491143081,157.25090186354,157.65098983235,131747569.58768
2022-05-02,156.70792533444,158.23275039924,153.2745173572,157.96126213469,123055264.21708
2022-05-03,158.15212042594,160.70574312482,156.32110558909,159.48302530177,88966524.641724
2022-05-04,159.67490422559,166.48354412338,159.26358929847,166.02323883273,108256500.7911
2022-05-05,163.84929145119,164.08097504537,154.94631351259,156.76916328885,130525272.71768
2022-05-06,156.01125249479,159.44064239462,154.17986656612,157.28109493615,116124645.34883
2022-05-09,154.92485438685,155.82984643174,151.49138794629,152.05904624471,131577919.08644
2022-05-10,155.51901020011,156.74095328774,152.93040682847,154.51108550147,115366734.1209
2022-05-11,153.50112253245,155.45072814267,145.81072842129,146.50272121237,142689823.72783
2022-05-12,142.77268643277,146.20003806222,138.80009747897,142.55968717896,182602039.0761
2022-05-13,144.58776619847,148.10582085945,143.10798190886,147.11114491822,113990850.90178
2022-05-16,145.54982981375,147.51981812768,144.18215039457,145.5396384619,86643780.177979
2022-05-17,148.85998089685,149.7680303473,146.6780124643,149.23808005074,78336252.267123
2022-05-18,146.84820804031,147.36083303871,139.89872520914,140.81900428181,109742889.43326
2022-05-19,139.87834250542,141.65979081,136.60182288345,137.34986810974,136095638.68309
2022-05-20,139.08953187171,140.6987463299,132.60885122594,137.58936487838,137426123.60702
2022-05-23,137.78911537477,143.25881391634,137.64949385433,143.10798190886,117726264.07707
2022-05-24,140.80371725402,141.972665312,137.33050454122,140.36141258344,104132744.59642
2022-05-25,138.43015140657,141.78616357302,138.33944837504,140.51937853722,92482694.468833
2022-05-26,137.39063351717,144.34113548353,137.13890712631,143.77857286103,90601546.582928
2022-05-27,145.3898255896,149.67936558614,145.26039542102,149.64165758427,90978501.48096
2022-05-31,149.06890360992,150.66181190514,146.83801668846,148.83959819314,103718414.87262
2022-06-01,149.90051792144,151.74107606678,147.67880321665,148.71118715974,74286633.474664
2022-06-02,147.83065435931,151.26921647581,146.85839939217,151.20806836467,72348053.561269
2022-06-03,146.8991647996,147.97129501494,144.4573168947,145.37963423774,88570287.110112
2022-06-06,147.03063323855,148.56952736893,144.90064070047,146.13888995108,71598378.728398
2022-06-07,144.34521202427,149.00062155248,144.1016387149,148.71118715974,67808148.487835
2022-06-08,148.58073785598,149.86994386586,147.45867001654,147.96110366308,53950198.925894
2022-06-09,147.08057086265,147.95091231122,142.52911312339,142.64019885863,69472974.728587
2022-06-10,140.27988176858,140.75785617067,137.05941458182,137.12871577445,91566635.428664
2022-06-13,132.86974983348,135.19949286795,131.43990316797,131.88016956818,122207097.49755
2022-06-14,133.12962930583,133.89194242472,131.48066857539,132.75968323343,84784325.19436
2022-06-15,134.28940514714,137.33967675789,132.16043174424,135.42879828473,91532969.629973
2022-06-16,132.08093919976,132.38973716102,129.03983980568,130.06101326174,107961505.54474
2022-06-17,130.06610893766,133.08071081692,129.80928687087,131.56016111988,134520288.30509
2022-06-21,133.41906369856,137.05941458182,133.32122672074,135.87110295532,81000486.64755
2022-06-22,134.79081965849,137.76057958957,133.91028685806,135.34828660506,73409232.70138
2022-06-23,136.81991781319,138.59015563072,135.63160618668,138.27014718242,72433766.429618
2022-06-24,139.89872520914,141.91151720086,139.77133331093,141.65979081,89116835.799456
2022-06-27,142.69625129384,143.49219587386,140.96575974855,141.65979081,70207906.669434
2022-06-28,142.13063126578,143.42289468123,137.32540886529,137.44057114127,67315325.742574
2022-06-29,137.46095384498,140.66817227433,136.67112407608,139.22915339214,66242409.199842
2022-06-30,137.24999286155,138.37002243061,133.77474187837,136.72004256499,98964465.575156
2022-07-01,136.03824112577,139.04061338279,135.66116110707,138.92952764755,71051550.390187
2022-07-05,137.77077094143,141.6098531859,136.92896527806,141.55889642662,73429640.200102
2022-07-06,141.35405025429,144.12202141861,141.08194115972,142.92046103469,74064252.770726
2022-07-07,143.28938797191,146.54858229572,143.27919662005,146.35188920489,66253707.995293
2022-07-08,145.26447196176,147.55039218325,145.00255421904,147.04082459041,64547796.920469
2022-07-11,145.67008776566,146.63724705688,143.77857286103,144.8700666449,63305111.928536
2022-07-12,145.76079079719,148.44825028184,145.05249184314,145.85862777501,77588756.732967
2022-07-13,142.98976222732,146.45278358827,142.12043991393,145.48868170261,71185559.108479
2022-07-14,144.08125601118,148.94966479319,143.24964169967,148.46863298555,78140743.366244
2022-07-15,149.77822169915,150.86156240153,148.19958129653,150.17058874564,76259929.096531
2022-07-18,150.74130444962,151.57088049077,146.69839516802,147.07037951079,81420866.599119
2022-07-19,147.92033825565,151.22845106838,146.90935615145,150.9991456516,82982366.017798
2022-07-20,151.09698262943,153.72023659738,150.36830097166,153.03945429334,64823411.97522
2022-07-21,154.50089414961,155.56792868902,151.93776915762,155.34983375928,65086634.169653
2022-07-22,155.38958003153,156.28030418381,153.40940036574,154.08916353459,66675406.712046
2022-07-25,154.00865185493,155.04001666284,152.28121771519,152.95078953219,53623942.895614
2022-07-26,152.26593068741,153.0853153767,150.80143342558,151.60145454634,55138688.948626
2022-07-27,152.5798243246,157.33103256025,152.1599406281,156.79191004703,78620686.564037
2022-07-28,156.98045005638,157.63983052152,154.41019111808,157.35039612878,81378729.892818
2022-07-29,161.23839686216,163.62928800778,159.50077137057,162.51129670908,101786859.54252
2022-08-01,161.01112971576,163.58852260035,160.88883349347,161.51050595674,67829377.271124
2022-08-02,160.10002285976,162.40938319051,159.63020153916,160.00931982823,59907023.972543
2022-08-03,160.83991500456,166.58987572219,160.75125024341,166.13126488863,82507485.936334
2022-08-04,166.00489212561,167.19014634656,164.43032826372,165.81023730514,55474141.992347
2022-08-05,163.2109813021,165.85095090656,163.00031294893,165.3492142007,56696983.672514
2022-08-08,166.36998887814,167.81311798343,164.20020661264,164.86986736812,60362336.082501
2022-08-09,164.01905218334,165.82041926117,163.2506724411,164.92075344377,63135502.380185
2022-08-10,167.68081418675,169.3417356958,166.90225722938,169.23996354451,70170538.889933
2022-08-11,170.06024708391,170.98942682519,168.18865722169,168.49092051102,57149157.468751
2022-08-12,169.82108252838,172.17100150166,169.39872810052,172.10077871727,68039380.245343
2022-08-15,171.52067745492,173.39124959563,171.3456293547,173.18974073607,54091692.375833
2022-08-16,172.77959896637,173.70979642916,171.6611230237,173.03097618006,56377048.409406
2022-08-17,172.76942175125,176.14927489558,172.56689517018,174.55145212033,79542035.786792
2022-08-18,173.74948756817,174.89951287774,173.12155339471,174.15046984425,62290073.656222
2022-08-19,173.03097618006,173.73931035304,171.31000910175,171.52067745492,70346294.239243
2022-08-22,169.68979645321,169.85975594587,167.13633317735,167.56886482033,69026807.539807
2022-08-23,167.08035849414,168.71176607932,166.64986229418,167.22996355654,54147077.861239
2022-08-24,167.22996355654,168.11029266519,166.24684457508,167.52917368133,53841521.777322
2022-08-25,168.77893569917,170.13962936191,168.34843949921,170.03073316003,51218206.886006
2022-08-26,170.57012556187,171.04947239445,163.56005978102,163.62010535028,78960978.992271
2022-08-29,161.14602435243,162.89955851915,159.81891549961,161.38010030039,73313952.839086
2022-08-30,162.12812561237,162.56065725536,157.72037374001,158.91009018859,77906196.336708
2022-08-31,160.30538638277,160.57915346974,157.13925475614,157.21965475566,87991089.767686
2022-09-01,156.64260665785,158.42056614088,154.67026236585,157.96055601705,74229893.976406
2022-09-02,159.75072815824,160.36237878749,154.9664193261,155.81112818181,76957765.957899
2022-09-06,156.47061172217,157.09040412352,153.68917882742,154.52879907556,73714842.46835
2022-09-07,154.82495603581,156.67313830324,153.60979654941,155.96073324421,87449572.276884
2022-09-08,154.63973072046,156.35866235575,152.67959908662,154.45959401268,84923844.985655
2022-09-09,155.46917375348,157.82112816979,154.74964464386,157.36925981806,68081004.598826
2022-09-12,159.59094588072,164.25821673887,159.30089524954,163.42979142737,104955960.59057
2022-09-13,159.90033322064,160.54048005225,153.37063199388,153.83878388981,122656613.24621
2022-09-14,154.78526489681,157.10058133865,153.60979654941,155.30837375444,87965406.906835
2022-09-15,154.64990793559,155.24120413459,151.38098643616,152.3702117467,90481108.862184
2022-09-16,151.21204466502,151.35147251229,148.37056620101,150.69911302252,162278839.45339
2022-09-19,149.31094087892,154.55933072094,149.09925480424,154.47994844294,81474244.131685
2022-09-20,153.40116363927,158.07861171255,153.07956364119,156.89805475759,107689793.92782
2022-09-21,157.33974589418,158.73911297442,153.60063705579,153.7197104728,101696789.04122
2022-09-22,152.38038896183,154.46977122781,150.90774593266,152.74066237739,86652540.879081
2022-09-23,151.19169023476,151.4705459293,148.5598624024,150.43145226463,96029907.7511
2022-09-26,149.66001935785,153.76856110542,149.63966492759,150.76933580691,93339407.486248
2022-09-27,152.74066237739,154.72013071998,149.94498138146,151.75856111745,84442739.895712
2022-09-28,147.63984215474,150.6421206178,144.84212571578,149.83913834412,146691384.73328
2022-09-29,146.10104722724,146.71982190708,140.67964472803,142.48101180586,128138235.60487
2022-09-30,141.2770472561,143.0997864857,137.99998398456,138.19945740109,124925272.17769
2022-10-03,138.20963461622,143.06925484031,137.68347259405,142.45048016047,114311661.41768
2022-10-04,145.03040419567,146.22215608728,144.25693584587,146.10104722724,87830062.415976
2022-10-05,144.0778168596,147.37930544744,143.01022699257,146.39822190901,79470966.246566
2022-10-06,145.81099659606,147.53908772497,145.21970039707,145.43138647175,68402167.113185
2022-10-07,142.54207509663,143.0997864857,139.44616625439,140.09038397206,85925557.130951
2022-10-10,140.41910802073,141.89073332838,138.57296119633,140.41910802073,74899001.380907
2022-10-11,139.89905232763,141.348287762,138.21981183135,138.97801435846,77033670.8091
2022-10-12,139.12965486388,140.35906245146,138.15976626209,138.33990296987,70433742.523348
2022-10-13,134.98956374941,143.58829281189,134.36875362654,142.98987256231,113223973.8863
2022-10-14,144.3068042,144.52052571771,138.18928018596,138.37959410888,88597967.967834
2022-10-17,141.06637890293,142.89929534766,140.27255612287,142.40977129996,85250937.412985
2022-10-18,145.4904143195,146.69946747683,140.60840422212,143.74909281093,99136608.316949
2022-10-19,141.69125991185,144.94796875313,141.49992826742,143.86104217735,61758337.819708
2022-10-20,143.0204042077,145.88834343104,142.65198902003,143.39085483839,64521987.761614
2022-10-21,142.86876370227,147.84847506489,142.65097129851,147.26939152405,86548607.731693
2022-10-24,147.18492063848,150.22994340507,146.00029279746,149.4513864477,75981916.486887
2022-10-25,150.08949783629,152.49030288522,149.36080923306,152.33968010131,74732288.780407
2022-10-26,150.95863200831,151.99060162239,148.04082443083,149.35164973944,88436170.267861
2022-10-27,148.0703383547,149.04429784254,144.13073837827,144.80243457678,109180147.60589
2022-10-28,148.19857126533,157.49952817171,147.81997886253,155.74192311893,164762369.54288
2022-10-31,153.15487503314,154.24078388741,151.91936111648,153.34010034849,97943168.869511
2022-11-01,155.07938641404,155.44881932322,149.12978644963,150.65128011141,80379343.428617
2022-11-02,148.94456113428,152.16972060866,144.99987255028,145.03040419567,93604621.49281
2022-11-03,142.05865737801,142.7995586394,138.75004473957,138.88031309322,97918514.777324
2022-11-04,142.08959463564,142.66975122489,134.38092906183,138.38106302309,140814794.75137
2022-11-07,137.1110179503,139.14613817494,135.66926278367,138.91956213395,83374625.647998
2022-11-08,140.40907099532,141.4312032699,137.48898336396,139.49870268714,89908475.452058
2022-11-09,138.4999392419,138.54972500876,134.59226456194,134.86862636978,74917791.926026
2022-11-10,141.2391724549,146.87106032568,139.49870268714,146.87106032568,118854026.90341
2022-11-11,145.82149507753,150.00959570956,144.36957955031,149.6997047118,93979663.641181
2022-11-14,148.97120685805,150.28087733711,147.42988015771,148.28030233845,73374112.459838
2022-11-15,152.21540999198,153.58909074271,148.56174432658,150.04007679131,89868330.223284
2022-11-16,149.13072451919,149.86938273352,147.28865114561,148.78832036756,64218265.160301
2022-11-17,146.42908464035,151.47776781371,146.14764265222,150.71878887821,80389398.917682
2022-11-18,152.30482116511,152.6990431557,149.96997030329,151.29081717899,74829572.616018
2022-11-21,150.16200111829,150.37130454629,147.71437025401,148.0090207109,58724068.419182
2022-11-22,148.13094503789,150.42109031314,146.92592627282,150.1813058034,51804129.955353
2022-11-23,149.45077587753,151.83134836197,149.33901191113,151.07236942647,58301392.475233
2022-11-25,148.30468720385,148.8797636128,147.121005196,148.11062431672,35195859.153079
2022-11-28,145.14075091851,146.64042014046,143.37894439353,144.21920621369,69346520.164424
2022-11-29,144.29032873777,144.80952316353,140.35318901212,141.16906596688,83763801.796616
2022-11-30,141.39564200786,148.7192299156,140.55131604347,148.02934143206,111380877.75828
2022-12-01,148.21121188649,149.13072451919,146.60993905871,148.30976738414,71250414.208662
2022-12-02,145.96170805356,147.99886035032,145.64876894763,147.81089367954,65447443.977215
2022-12-05,147.77025223722,150.92098005379,145.77069327461,146.63025977988,68826440.197066
2022-12-06,147.07528357338,147.2988115062,141.9178845418,142.91055177069,64727185.090662
2022-12-07,142.1901822054,143.36878403295,140.00164053597,140.93842578166,69721092.500628
2022-12-08,142.36087626319,143.51915736957,141.0979434428,142.64943050372,62128336.379925
2022-12-09,142.34258761414,145.57053417114,140.89880037539,142.15970112366,76097008.933426
2022-12-12,142.69921627058,144.50166423788,141.05730200047,144.4915038773,70462652.79654
2022-12-13,149.50056164438,149.96997030329,144.23952693486,145.46893056532,93886159.085678
2022-12-14,145.35005434651,146.65566068133,141.1589056063,143.20926637181,82291180.832156
2022-12-15,141.10810380338,141.79799228692,136.02589144011,136.49834820718,98931905.20705
2022-12-16,136.68326676978,137.65053309722,133.73066598456,134.51098167728,160156898.64696
2022-12-19,135.11044295164,135.20087016082,131.31961241837,132.37019370259,79592612.235319
2022-12-20,131.38971890639,133.24906489296,129.89004968444,132.30008721457,77432816.840048
2022-12-21,132.97981533752,136.809255241,132.75019118836,135.4518310672,85927990.736746
2022-12-22,134.3524800522,134.55873537202,130.29951221591,132.22896469049,77852107.077386
2022-12-23,130.91827817537,132.41591532521,129.64010481411,131.86014360135,63814891.680906
2022-12-27,131.37955854581,131.41003962756,128.7185601093,130.03026266048,69007828.444566
2022-12-28,129.67058589586,131.0269940336,125.86959500201,126.0402890598,85438390.002629
2022-12-29,127.99006225555,130.48036663427,127.72995702464,129.60962373237,75703708.915418
2022-12-30,128.40866911154,129.95101184793,127.43124242352,129.93069112677,77034207.955335
2023-01-03,130.27919149474,130.89998952632,124.17078271265,125.07099066024,112117469.72659
2023-01-04,126.88969520448,128.65556587369,125.08013498477,126.35932438208,89113630.629911
2023-01-05,127.13049575028,127.76958243091,124.75906759037,125.02120489339,80962706.326686
2023-01-06,126.01082401411,130.28935185533,124.89013624188,129.61978409295,87754712.323014
2023-01-09,130.46411005734,133.41163066227,129.89004968444,130.15015491535,70790811.425654
2023-01-10,130.25887077358,131.26271439911,128.12214694312,130.73132754066,63896153.56067
2023-01-11,131.24950593035,133.51018615992,130.45902987705,133.49088147482,69458947.276704
2023-01-12,133.87900724906,134.25900473484,131.43950467324,133.41163066227,71379646.826871
2023-01-13,132.02982162308,134.91841213663,131.66100053394,134.75991051155,57809717.011599
2023-01-17,134.82798492745,137.29085633261,134.12996815544,135.94054441121,63646625.999176
2023-01-18,136.81433542129,138.61068717225,135.02916006698,135.2110305214,69672797.954778
2023-01-19,134.08018238859,136.25145144503,133.77029139083,135.27097664884,58280411.920628
2023-01-20,135.28113700942,138.02037022242,134.21937932857,137.87101292186,80223624.289277
2023-01-23,138.11994175612,143.31391808581,137.89946193149,141.10810380338,81760311.877625
2023-01-24,140.30340324526,143.16049664101,140.29832306497,142.52852221279,66435140.222706
2023-01-25,140.88864001481,142.42996671515,138.8088142036,141.85895445042,65799347.826594
2023-01-26,143.16964096554,144.24968729544,141.89857985669,143.96011701884,54105066.994996
2023-01-27,143.15541646072,147.22870501818,143.08124582847,145.93224300787,70555841.418373
2023-01-30,144.95481631985,145.55021344998,142.8495896072,143.00097897987,64015272.364593
2023-01-31,142.69921627058,144.33909846856,142.28162545064,144.29032873777,65874458.349869
2023-02-01,143.97027737943,146.60993905871,141.32045533956,145.42828912299,77663631.482993
2023-02-02,148.90008433397,151.1810852847,148.17057044416,150.81937644797,118338979.23777
2023-02-03,148.02934143206,157.38093731204,147.83019836465,154.49945905089,154357334.79069
2023-02-06,152.57407072054,153.1003773987,150.77873500564,151.73076079221,69858305.150583
2023-02-07,150.63750599355,155.2289729407,150.63750599355,154.65084842357,83322549.740286
2023-02-08,153.87967705537,154.57972589949,151.16990888806,151.91974349904,64120077.70013
2023-02-09,153.77604137743,154.32876499311,150.42109031314,150.87017825088,56007141.221931
2023-02-10,149.45931497222,151.33814511869,149.22091049899,151.01148026601,57450705.724973
2023-02-13,150.95264001304,154.25986802464,150.92119091232,153.85102971523,62199011.449557
2023-02-14,152.11930020118,153.77088523274,150.86133617223,153.19972898412,61707571.006292
2023-02-15,153.11045411754,155.49957128544,152.88016554128,155.33116642349,65669250.677011
2023-02-16,153.51016204287,156.3294217497,153.34682961653,153.71001600554,68167939.86657
2023-02-17,152.34958877745,153.00088950857,150.85220578815,152.54944274012,59144117.071379
2023-02-21,150.20090505703,151.29756563388,148.40526285441,148.47932041418,58867228.390953
2023-02-22,148.87091244255,149.95134122548,147.16048715802,148.91047744023,51011303.123978
2023-02-23,150.09032596094,150.33786081825,147.24063164051,149.39946023213,48394246.734266
2023-02-24,147.10976280201,147.19092177162,145.72194442168,146.71005487668,55469604.181017
2023-02-27,147.70932469001,149.17018614298,147.45063047437,147.92135249811,44998468.77744
2023-02-28,147.04889357481,149.07888230217,146.82976435686,147.41005098957,50546996.588531
2023-03-01,146.82976435686,147.22845779507,145.00977446336,145.31006265091,55478989.218847
2023-03-02,144.381806936,146.71005487668,143.8978965797,145.90861005179,52279758.853454
2023-03-03,148.04613441389,151.10988551666,147.3309209942,151.03177000841,70732294.749344
2023-03-06,153.78610253955,156.30203059745,153.45943768687,153.83175445995,87558026.354412
2023-03-07,153.69987113434,154.02856496126,151.12814628482,151.6008972828,56182026.237112
2023-03-08,152.81016592999,153.46958255807,151.83017137195,152.87002067007,47204789.543471
2023-03-09,153.55987191176,154.53580852132,150.22322377367,150.58945362404,53833580.453286
2023-03-10,150.20902095399,150.94148065472,147.60990495223,148.49961015658,68572398.426823
2023-03-13,147.8046864793,153.13987424403,147.6991798188,150.46872965674,84457120.549303
2023-03-14,151.2782903786,153.39958294678,150.10047083214,152.59002222492,73695890.777683
2023-03-15,151.18901551203,153.2443664174,149.921921099,152.99074463737,77167864.871914
2023-03-16,152.15886519887,156.45927610107,151.64147676761,155.84956934188,76254418.085239
2023-03-17,156.08087240527,156.73826005911,154.28015776705,154.99942913521,98944632.227331
2023-03-20,155.07044323362,157.81868884204,154.14928892855,157.39970566143,73641413.003738
2023-03-21,157.32057566606,159.39925977519,156.54043507068,159.27955029502,73938284.195127
2023-03-22,159.2988255503,162.14040397376,157.80854397084,157.82883371324,75701808.802302
2023-03-23,158.83114698792,161.54895798273,157.6807185937,158.92853775145,67622058.120992
2023-03-24,158.86056711441,160.33968933555,157.84912345564,160.25041446897,59256341.265991
2023-03-27,159.94099589734,160.76983187448,157.86941319804,158.28028048169,52390264.938525
2023-03-28,157.96984742294,158.48926482844,155.98043818037,157.6502839801,45992151.181094
2023-03-29,159.36983964871,161.04983031963,159.3495499063,160.76983187448,51305689.315854
2023-03-30,161.52968272745,162.47011228781,161.2699740247,162.35953319171,49501687.112477
2023-03-31,162.4396776742,165.00024316539,161.9101153975,164.90082342762,68749790.52617
2023-04-03,164.26879795178,166.29067078219,164.22111705714,166.1699468149,56976185.161379
2023-04-04,166.59603140535,166.83849382706,165.10980777437,165.63023966699,46278292.812901
2023-04-05,164.7385054884,165.04995303428,161.80156527564,163.75851093036,51511742.202927
2023-04-06,162.429532803,164.95966368059,161.99939026407,164.66038998015,45390120.866578
2023-04-10,161.4211326056,162.02982487767,160.07896614567,162.02982487767,47716880.815696
2023-04-11,162.35040280763,162.35953319171,160.50910868461,160.80026648808,47644215.52647
2023-04-12,161.21924966869,162.06025949128,159.78070693236,160.09925588808,50133060.332792
2023-04-13,161.62910246522,165.80067350317,161.4211326056,165.55922556858,68445647.680116
2023-04-14,164.59140485598,166.32110539579,163.81938015757,165.21024199926,49386479.144154
2023-04-17,165.08951803196,165.39082070664,164.02937899144,165.22951725454,41516215.597558
2023-04-18,166.09994720361,167.41066456281,165.65052940939,166.47023500245,49923006.409215
2023-04-19,165.80067350317,168.1613850317,165.53893582618,167.62877929363,47720164.248215
2023-04-20,166.08980233241,167.8692127411,165.55922556858,166.64979922271,52456376.177071
2023-04-21,165.04995303428,166.45197423429,164.48995614397,165.01951842068,58337339.948471
2023-04-24,165.00024316539,165.59980505339,163.89039425598,165.33096596655,41949579.404036
2023-04-25,165.18995225686,166.30588808899,163.72909080388,163.76865580156,48714061.538776
2023-04-26,163.05547135612,165.28024161055,162.79982060185,163.75851093036,45498794.498617
2023-04-27,165.18995225686,168.56007846991,165.18995225686,168.40993437613,64902327.189697
2023-04-28,168.49109334574,169.84949159958,167.8793576123,169.6790577634,55275850.119383
2023-05-01,169.2803643252,170.44905348758,168.63920846528,169.59079738395,52472934.29759
2023-05-02,170.08992504705,170.34963374981,167.53950442706,168.53978872751,48425694.151752
2023-05-03,169.50050803026,170.92078999844,167.16110073126,167.44921507337,65136016.701666
2023-05-04,164.89067855642,167.03936227684,164.30937743659,165.79052863197,81235424.644873
2023-05-05,170.97557230292,174.29903210845,170.76050103346,173.56961586908,113453169.30783
2023-05-08,172.48107118919,173.85062880135,172.1087544161,173.49961625779,55962791.319696
2023-05-09,173.04918397645,173.53918125547,171.60151085604,171.77194469222,45326873.143934
2023-05-10,173.01976384997,174.03120750873,171.90078455647,173.55439856228,53724498.733267
2023-05-11,173.85062880135,174.59018991192,172.16860915619,173.75019457646,49514673.970308
2023-05-12,173.62062065778,174.05928681531,170.99875457076,172.57106375432,45533136.833626
2023-05-15,173.15865352653,173.20930781724,171.47186564597,172.06958627632,37266657.446579
2023-05-16,171.989552497,173.13839181025,171.79706619231,172.06958627632,42110291.550868
2023-05-17,171.70994081229,172.92463070346,170.42028257088,172.68959479458,57951602.105028
2023-05-18,172.99959905371,175.2395317888,172.58119461246,175.05109782737,65496655.932869
2023-05-19,176.38938418786,176.38938418786,174.93965838781,175.1605110953,55809473.600529
2023-05-22,173.97823995018,174.709687908,173.45143532682,174.20010574348,43570930.895856
2023-05-23,173.13028712373,173.38051931983,171.27532699802,171.56203028343,50747261.763823
2023-05-24,171.08993229403,172.41808779639,170.52159115229,171.83860271069,45143486.722564
2023-05-25,172.40897002406,173.89314074179,171.68967909601,172.98946819557,56058256.079248
2023-05-26,173.31973417098,175.77140184123,173.11002540745,175.42796575023,54834973.724794
2023-05-30,176.95873841542,178.99200164442,176.57173963441,177.30014833479,55964399.271984
2023-05-31,177.32547548014,179.34962093682,176.76219976747,177.24949404408,99625286.022248
2023-06-01,177.70031723138,180.11956615557,176.93138509843,180.09018666696,68901807.749042
2023-06-02,181.03134338831,181.78102689078,179.25844321354,180.95029652318,61996911.932439
2023-06-05,182.63100588885,184.94995931745,178.03564863586,179.57959141663,121946495.81919
2023-06-06,179.96456402601,180.11956615557,177.43083640481,179.20880200865,64848372.252626
2023-06-07,178.43885678989,181.21167266323,177.32041005107,177.81986135745,61944613.302589
2023-06-08,177.89482970769,180.83987016943,177.46122897924,180.56836317124,50214879.420229
2023-06-09,181.49837594863,182.22779773482,180.62813523428,180.96042738132,48899972.053656
2023-06-12,181.27144472626,183.89027155585,180.97055823946,183.78997606024,54754993.333332
2023-06-13,182.80019121982,184.15063461008,182.43851958417,183.30977338434,54929127.644104
2023-06-14,183.37055853319,184.39073594804,182.02214131455,183.94903053307,57462880.426091
2023-06-15,183.95916139121,186.51922924357,183.7798452021,186.00964707905,65433164.766472
2023-06-16,186.72995109291,186.98930106134,184.27119182197,184.91956674302,101256222.88556
2023-06-20,184.41099766432,186.0987986307,184.41099766432,185.00973138048,49799090.358616
2023-06-21,184.89930502674,185.40990027707,182.59048245629,183.95916139121,49515695.80705
2023-06-22,183.73932176954,187.04502078112,183.67043193417,186.99943191948,51245326.185367
2023-06-23,185.55071920524,187.55966837471,185.00973138048,186.68030988802,53116994.876717
2023-06-26,187.32260629419,188.05000190875,185.23159717378,185.27110752054,48088658.748782
2023-06-27,185.88908986717,188.39039874231,185.67026333131,188.0601327669,50730844.595832
2023-06-28,187.92944469687,189.90090969121,187.60019180727,189.24949551271,51216799.480525
2023-06-29,189.08233635338,190.06908193636,188.94050433939,189.58887926045,46347305.770233
2023-06-30,191.62923409015,194.48005757118,191.2604708538,193.96844923503,85213214.709002
2023-07-03,193.7800152736,193.87929768339,191.75890907437,192.45895137195,31458196.882037
2023-07-05,191.56642276968,192.97967748042,190.62121370507,191.33037377498,46920259.208028
2023-07-06,189.84215071399,192.02028521442,189.19985430782,191.80956336507,45156007.873115
2023-07-07,191.40939446848,192.66967322129,190.23826726732,190.67997268229,46814995.667161
2023-07-10,189.25962637085,189.99208741448,187.03488992297,188.60922527817,59922161.728026
2023-07-11,189.15933087525,189.30014980342,186.6002761087,188.08039448318,46638117.265059
2023-07-12,189.68005698373,191.69913701133,188.46840635,189.771234707,60750246.563763
2023-07-13,190.50065649319,191.18955484681,189.78136556514,190.54117992576,41342336.863189
2023-07-14,190.22813640918,191.17942398867,189.62940269302,190.69010354044,41616240.609667
2023-07-17,191.89972800253,194.32201618417,191.80956336507,193.98871095132,50520156.619534
2023-07-18,193.34945380259,194.33214704231,192.41437559612,193.72936098289,48353772.519253
2023-07-19,193.1002346923,198.2325274268,192.64941150501,195.10107917525,80507321.157438
2023-07-20,195.09094831711,196.46975811017,192.49440937544,193.12961418091,59581194.561006
2023-07-21,194.09913730506,194.96937801941,191.23007827938,191.9402514351,71951682.652863
2023-07-24,193.41023895143,194.90960595638,192.24924260842,192.75072008642,45505095.773725
2023-07-25,193.3291920863,194.44156031024,192.91585307413,193.62197388659,37283199.974137
2023-07-26,193.6726281773,195.63902774257,193.31906122816,194.50031928746,47471865.984269
2023-07-27,196.01994800869,197.20019298218,192.55012909522,193.21876573256,47460178.919033
2023-07-28,194.66950461843,196.62678641137,194.13966073762,195.83050096144,48291441.175631
2023-07-31,196.05945835544,196.49001982646,195.26013364808,196.45050947971,38824111.887218
2023-08-01,196.23472220129,196.73214733604,195.28039536436,195.60356973907,35281423.844544
2023-08-02,195.04029402641,195.18212604039,191.85109988345,192.58052166964,50389325.649296
2023-08-03,191.57148819875,192.36878673449,190.69010354044,191.16929313053,62243280.00562
2023-08-04,185.52032663082,187.38136527141,181.92184581895,181.99174874012,115956839.35058
2023-08-07,182.13155458248,183.1284310236,177.35080262549,178.85118271625,97576067.712211
2023-08-08,179.69103085618,180.27051594188,177.57976001949,179.80044412411,67823000.816073
2023-08-09,180.87026274386,180.93003480689,177.00837962031,178.19065076543,60378490.297178
2023-08-10,179.48030900684,180.74970553197,177.59900864996,177.97081114375,54686849.056672
2023-08-11,177.31904016409,178.62112332212,176.55013324871,177.79050150958,52036670.706801
2023-08-14,177.96957588329,179.69051096628,177.30386436971,179.46085061129,43675626.019367
2023-08-15,178.87911182662,179.4810850038,177.04992274371,177.45056371541,43622591.56333
2023-08-16,177.13086031375,178.54018575208,176.50157070669,176.57036764122,46964855.481867
2023-08-17,177.14097751,177.50519657519,173.48057590493,174.00059979244,66062879.789105
2023-08-18,172.30091082159,175.09932730574,171.95996130779,174.49027209118,61172148.330247
2023-08-21,175.06897571697,176.1292578845,173.7335058113,175.83889435198,46311877.143456
2023-08-22,177.06003993996,177.6802240704,176.25066423956,177.23102055667,42084243.42738
2023-08-23,178.51995135957,181.55005163795,178.32468947184,181.11804735786,52722750.113093
2023-08-24,180.67390244227,181.10287156348,176.00886324906,176.38117607125,54945795.849582
2023-08-25,177.37974334162,179.14924096663,175.81865995947,178.61100612586,51449593.037231
2023-08-28,180.09014021835,180.58992971335,178.5452443502,180.18928874165,43820694.866802
2023-08-29,179.6955695644,184.90086703763,179.50030767668,184.12083120636,53003946.595625
2023-08-30,184.94133582265,187.8510414656,184.73899189754,187.6486975405,60813887.018652
2023-08-31,187.84092426934,189.11973787598,187.47872864341,187.87127585811,60794465.630053
2023-09-01,189.48598038041,189.91899638013,188.27798714756,189.46068738978,45766501.738956
2023-09-05,188.27798714756,189.97868783803,187.6092404751,189.70147666065,45280026.051827
2023-09-06,188.398381783,188.85163217522,181.47012578754,182.90879109501,81755814.471556
2023-09-07,175.17925315615,178.20935343454,173.54026736283,177.55982943496,112488801.37441
2023-09-08,178.34998246248,180.23785128367,177.79050150958,178.1800135654,65602064.373206
2023-09-11,180.06990582584,180.29956618083,177.3392745566,179.35967864874,58953051.316211
2023-09-12,179.49120220005,180.13060900337,174.8200926891,176.30125022084,90370190.213899
2023-09-13,176.51168790294,177.29880577158,173.98036539993,174.21103747454,84267925.471411
2023-09-14,174.00059979244,176.09890629573,173.57972442823,175.73974582868,60895755.550123
2023-09-15,176.48133631417,176.49651210856,173.81950197947,175.00928425907,109259460.04541
2023-09-18,176.48133631417,179.37991304125,176.16972666952,177.96957588329,67257571.450243
2023-09-19,177.51936064994,179.62980778875,177.13086031375,179.06931511622,51826940.664356
2023-09-20,179.26053012544,179.6955695644,175.40081975414,175.49086280081,58436179.856157
2023-09-21,174.54996354909,176.30125022084,173.85997076449,173.93079113828,63149115.020996
2023-09-22,174.6693464649,177.07926261285,174.05017405409,174.79075281996,56725383.745884
2023-09-25,174.20092027829,176.96999689329,174.15033429701,176.07867190322,46172738.792819
2023-09-26,174.8200926891,175.19847582903,171.65948057902,171.95996130779,64588942.778883
2023-09-27,172.61960250362,173.04047786783,169.05025566484,170.43024123403,66921805.501421
2023-09-28,169.33960747774,172.03078168158,167.620695834,170.68822973853,56294417.508788
2023-09-29,172.02066448532,173.06981773697,170.34222162661,171.21128878492,51861081.546009
2023-10-02,171.22140598118,174.30006880159,170.9290190094,173.74868160569,52164533.206192
2023-10-03,172.25538343844,173.62828697025,170.81975328985,172.40005934489,49594610.73513
2023-10-04,171.09089414949,174.21103747454,170.96948779443,173.65863855902,53020284.125888
2023-10-05,173.78915039071,175.45039401579,172.67929396153,174.91013573577,48527915.997977
2023-10-06,173.79926758696,177.9898102758,173.18110689578,177.4900207808,57266674.026506
2023-10-09,176.80812175321,179.04908072371,175.79842556696,178.98837754618,42390771.03857
2023-10-10,178.09907599536,179.71985083542,177.95035321041,178.3904512475,43698017.598446
2023-10-11,178.19923623828,179.85036266711,177.59928650036,179.79977668583,47551096.951389
2023-10-12,180.06990582584,182.34020466547,179.03896352745,180.71032434878,56743116.919728
2023-10-13,181.41953980626,181.92944649752,178.13954478038,178.84876023786,51456080.012312
2023-10-16,176.74843029531,179.07437371434,176.51168790294,178.72229528467,52516982.630925
2023-10-17,176.64523489351,178.41979111664,174.80087001621,177.15109470626,57549348.191156
2023-10-18,175.5819175671,177.57500522935,175.10944450199,175.83889435198,54764374.045187
2023-10-19,176.03921483783,177.84108749085,175.18835863278,175.46051121204,59302860.681452
2023-10-20,175.30976498784,175.42105414665,172.63983689613,172.87961444738,64244026.0735
2023-10-23,170.90878461689,174.01071698869,169.92944001941,173.00000908281,55980108.097382
2023-10-24,173.05059506409,173.66774403565,171.45005461654,173.44111883953,43816641.372241
2023-10-25,171.88003545738,173.05970054072,170.64776095351,171.10101134574,57156960.82415
2023-10-26,170.37156149575,171.3772108035,165.67010039603,166.89124598402,70625256.443306
2023-10-27,166.9104686569,168.96021261817,166.83054280648,168.2196338523,58499128.126008
2023-10-30,169.0209157957,171.1708199999,168.8701695715,170.29163564534,51130953.374746
2023-10-31,169.34972467399,170.89866742064,167.89993045064,170.76916730858,44846015.493041
2023-11-01,170.99983938319,174.2292484278,170.119643309,173.97024820367,56934904.244109
2023-11-02,175.52121438957,177.78038431332,175.46051121204,177.56994663122,77334749.695069
2023-11-03,174.23936562406,176.81823894947,173.35006407324,176.65029349163,79829244.154184
2023-11-06,176.38117607125,179.43049902252,176.21019545454,179.23017853667,63841308.769487
2023-11-07,179.1795925554,182.44137662802,178.96915487329,181.82220421721,70529965.220749
2023-11-08,182.35032186173,183.45006109465,181.59052042297,182.8885567025,49340280.391511
2023-11-09,182.95937707628,184.12083120636,181.81208702096,182.41102503926,53763537.474982
2023-11-10,183.97153598305,186.56520323298,183.52898582509,186.39848913238,66177921.42542
2023-11-13,185.82155730546,186.02969733409,184.20998766633,184.8000545436,43627517.041656
2023-11-14,187.70087989404,188.10907684339,186.29846067202,187.43918927552,60108375.829938
2023-11-15,187.84536544789,189.50038179203,187.78070058463,188.00904838303,53790497.040977
2023-11-16,189.56908820924,190.96039315789,188.64963468472,189.70953220914,54412914.068851
2023-11-17,190.25110043897,190.37941977701,188.57183477111,189.68932443937,50941402.823443
2023-11-20,189.88938136009,191.90409600613,189.87927747521,191.4504315748,46538613.153227
2023-11-21,191.41001603526,191.52014838051,189.73883347531,190.63908961855,38134483.358809
2023-11-22,191.48983672585,192.93065071043,190.82500110043,191.3099875749,39630009.106799
2023-11-24,190.87046858241,190.89976984858,189.25081583537,189.97021243917,24048343.065026
2023-11-27,189.91969301475,190.6694012732,188.89920064138,189.78935289973,40552606.712201
2023-11-28,189.77924901485,191.08062938802,189.40136372016,190.39962754678,38415416.884117
2023-11-29,190.89976984858,192.0910178765,188.96891744709,189.3710520655,43014223.23728
2023-11-30,189.83987232416,190.32081724468,188.18889753398,189.9500046694,48794365.298049
2023-12-01,190.33092112956,191.56056392005,189.2306080656,191.23926038071,45704820.993476
2023-12-04,189.98031632406,190.05003312976,187.4503035489,189.43167537481,43389517.497183
2023-12-05,190.21068489943,194.39975557268,190.18037324478,193.41967873885,66628395.678827
2023-12-06,194.44926460862,194.76046426307,192.11021525778,192.32037606338,41089734.763624
2023-12-07,193.62983954446,194.99992633484,193.58942400492,194.26840506918,47477653.93884
2023-12-08,194.19969865196,195.98909666507,193.670255084,195.71022944225,53406356.678706
2023-12-11,193.11151024987,193.48939554456,191.42011992015,193.18021666708,60943697.104498
2023-12-12,193.08119859521,194.72105911202,191.72020530123,194.71095522714,52696897.883232
2023-12-13,195.08884052183,198.00078014564,194.85038883855,197.9603646061,70404180.976744
2023-12-14,198.02098791541,199.61942250419,196.16086270811,198.11091249088,66831570.004683
2023-12-15,197.52993911,198.39988359859,197.00150593053,197.57035464954,128538400.30873
2023-12-18,196.09013551392,196.62968296677,194.3896516878,195.89108898168,55751859.450177
2023-12-19,196.16086270811,196.9509865061,195.89108898168,196.94088262122,40714049.564984
2023-12-20,196.90046708168,197.68149738328,194.83018106878,194.83018106878,52242813.137385
2023-12-21,196.1002393988,197.07930584414,193.49949942944,194.68165396097,46482547.589688
2023-12-22,195.17977548579,195.41014406117,192.97005586148,193.5995278898,37149568.139225
2023-12-26,193.60963177469,193.89051977449,192.82961186158,193.05088694056,28919309.090566
2023-12-27,192.49012132945,193.49949942944,191.08871249592,193.15192578941,48087678.703597
2023-12-28,194.14008573114,194.6614461912,193.17112317069,193.57932012004,34049897.036774
2023-12-29,193.90062365937,194.39975557268,191.72424685518,192.53053686899,42672146.893438
2024-01-02,187.14819739084,188.44048426761,183.88565296153,185.63968737753,82488673.366724
2024-01-03,184.22009155121,185.88015983779,183.42996775322,184.25040320587,58414458.075027
2024-01-04,182.1508159268,183.08744605562,180.87772643131,181.90933307805,71983568.527364
2024-01-05,181.98915376864,182.75906979687,180.1684337124,181.17983258937,62379659.624397
2024-01-08,182.08514067505,185.59927183799,181.50113612871,185.55986668694,59144468.37147
2024-01-09,183.92101655862,185.1516697376,182.7297685307,185.14156585271,42841807.377454
2024-01-10,184.35043166623,186.39848913238,183.92101655862,186.19034910376,46792905.440727
2024-01-11,186.53994352077,187.04917931897,183.61992078905,185.58916795311,49128407.108548
2024-01-12,186.06000898874,186.74101082998,185.18905411167,185.91956498884,40477780.048139
2024-01-16,182.16091981168,184.26050709075,180.9312770212,183.63002467394,65603039.578863
2024-01-17,181.27076755333,182.93083583991,180.2997842159,182.67924910628,47317432.398467
2024-01-18,186.0903206434,189.13967310164,185.83166119034,188.62942691496,78005753.131954
2024-01-19,189.33164691445,191.94956348811,188.82039033928,191.56056392005,68902983.153047
2024-01-22,192.30016829362,195.33032337058,192.26076314256,193.89051977449,60133851.179562
2024-01-23,195.01912371612,195.75064498179,193.82989646518,195.17977548579,42355588.457108
2024-01-24,195.42024794605,196.37910662162,194.33913226337,194.49978403304,53631313.715124
2024-01-25,195.22019102533,196.26594311091,193.11353102684,194.16938699731,54822123.996233
2024-01-26,194.26840506918,194.76046426307,191.93945960323,192.42040452374,44594009.644383
2024-01-29,192.01018679742,192.20013983326,189.57919209413,191.72929879762,47145620.266818
2024-01-30,190.94018538812,191.80002599182,187.46950093018,188.03834964919,55859367.60297
2024-01-31,187.04109621106,187.09464680095,184.35043166623,184.39893031368,55467800.394406
2024-02-01,183.98568142189,186.9501612471,183.81997770977,186.86124706011,64885407.689481
2024-02-02,179.86026522341,187.33006731877,179.25100096485,185.85186896011,102551678.07339
2024-02-05,188.14848199444,189.25081583537,185.84176507523,187.68168251276,69668819.273331
2024-02-06,186.86124706011,189.31143914468,186.77031209615,189.3013352598,43490757.763839
2024-02-07,190.63908961855,191.05132812185,188.61123992216,189.41146760504,53438954.041379
2024-02-08,189.38620789283,189.53372461215,187.34926470005,188.32024803748,40962045.264515
2024-02-09,188.64938059352,189.99047558683,187.99951966373,188.84918255641,45155214.401825
2024-02-12,188.41426010185,188.66956260998,186.7906168782,187.14985677106,41781932.046304
2024-02-13,185.77041594649,186.20937480435,183.51305740622,185.03881785007,56529527.792842
2024-02-14,185.31934787877,185.53125905152,182.43937413091,184.14879092449,54630516.359118
2024-02-15,183.55039413665,184.49087610337,181.35156344409,183.86018808921,65434495.263155
2024-02-16,183.42022013053,184.85112509705,181.66438469911,182.31020922561,49752463.651705
2024-02-20,181.78951320112,182.42928312268,179.99936834173,181.55842911273,53665551.334673
2024-02-21,181.94087832452,182.88943309782,180.65831117893,182.32030023384,41529672.812851
2024-02-22,183.47975707907,184.95405338097,182.45955614736,184.36978400465,52292206.898826
2024-02-23,185.00955392621,185.03881785007,182.23049026062,182.5190930959,45119675.832046
2024-02-26,182.24058126885,182.76026819252,180.6482201707,181.16084338861,40867418.86855
2024-02-27,181.10029733925,183.92174323939,179.56040948388,182.63009418639,54318849.781369
2024-02-28,182.5100111885,183.1205171862,180.13055144868,181.42119140085,48953936.902038
2024-02-29,181.27083537828,182.56954813703,179.53114556002,180.74812115214,136682595.93451
2024-03-01,179.55132757648,180.53015537445,177.38075170695,179.66031046532,73563081.441914
2024-03-04,176.15065780413,176.89941061454,173.78936187912,175.10119294857,81510100.035069
2024-03-05,170.76105031034,172.03958105264,169.61975727991,170.12027128795,95132353.323741
2024-03-06,171.05974415384,171.23936410027,168.68028441402,169.1202523727,68587705.456395
2024-03-07,169.15052539738,170.73077728566,168.48956435854,169.00016937481,71765059.916941
2024-03-08,169.00016937481,173.70056100673,168.94063242627,170.73077728566,76267039.201876
2024-03-11,172.94070808727,174.3806949612,172.04967206087,172.75099713261,60139471.336857
2024-03-12,173.14959195756,174.03053697574,171.01029821353,173.22830182173,59825369.918164
2024-03-13,172.77117914906,173.18289228471,170.76105031034,171.12836300978,52488690.734285
2024-03-14,172.91043506259,174.30803970197,172.04967206087,173.00024503581,72913506.111794
2024-03-15,171.16872704269,172.61981402567,170.28374562122,172.61981402567,121752698.28526
2024-03-18,175.56941573028,177.70971857513,173.51993195947,173.72074302318,75604181.749991
2024-03-19,174.34033092829,176.60475317433,173.03051806049,176.08002074655,55215242.86687
2024-03-20,175.71977175286,178.66937345748,175.09110194034,178.66937345748,53423100.833685
2024-03-21,177.04976663712,177.48973459579,170.84076927533,171.3695381064,106181268.10975
2024-03-22,171.76006012476,173.05070007694,170.05972523859,172.27873794761,71160137.211205
2024-03-25,170.56528475074,171.94068917202,169.44921924089,170.85086028355,54288326.567723
2024-03-26,170.00018829006,171.41999314753,169.57939324701,169.71057635395,57388446.922172
2024-03-27,170.40988322405,173.60066002528,170.11018027972,173.30902988754,60273263.71614
2024-03-28,171.74996911654,172.23030110812,170.5097842055,171.47953009607,65672688.50867
2024-04-01,171.18890905914,171.2494551085,169.47444676145,170.03046131473,46240498.424406
2024-04-02,169.07988833979,169.33922725122,168.23022544712,168.839722344,49329480.149544
2024-04-03,168.78926730287,170.68133134535,168.58038343258,169.65003030459,47691713.176316
2024-04-04,170.28879112533,171.92151625639,168.81954032755,168.81954032755,53704384.917126
2024-04-05,169.58948425523,170.3897012076,168.95072343449,169.57939324701,42104824.459713
2024-04-08,169.03044239948,169.19997133769,168.24031645535,168.45020942646,37425511.061097
2024-04-09,168.69945732965,170.07990725504,168.35030844502,169.67021232105,42451208.083781
2024-04-10,168.7993583111,169.08997934802,167.11012353397,167.77915737939,49709334.16551
2024-04-11,168.34021743679,175.45841463979,168.16059749036,175.04064689921,91070272.600014
2024-04-12,174.25960286248,178.35957950492,174.20914782135,176.54925262908,101670884.31279
2024-04-15,175.35851365835,176.62998069489,172.49973102777,172.69045108325,73531771.389151
2024-04-16,171.74996911654,173.76110705609,168.27058948003,169.37959128412,73711233.139587
2024-04-17,169.60966627169,170.65105832067,167.99914135873,167.99914135873,50901208.131916
2024-04-18,168.02941438341,168.63992038112,166.5500725774,167.03948647639,43122901.124539
2024-04-19,166.21000560017,166.40072565565,164.07474825943,164.93046575704,67767818.105769
2024-04-22,165.51574423418,167.26047955655,164.77001872624,165.84067469908,48116440.805487
2024-04-23,165.35025169927,167.04957748461,164.92037474881,166.89922146204,49537759.634885
2024-04-24,166.53998156917,169.29987231913,166.21000560017,169.02035139126,48251833.619498
2024-04-25,169.52389270176,170.61069428776,168.15151558295,169.89120540121,50558327.626586
2024-04-26,169.88111439298,171.34027418254,169.17978932124,169.29987231913,44838352.109354
2024-04-29,173.3695759369,176.03158390706,173.10014601725,173.49974994302,68169418.214403
2024-04-30,173.32921190399,174.9912009589,170.00018829006,170.32915515824,65934773.32127
2024-05-01,169.57939324701,172.70558759559,169.11016136447,169.29987231913,50383145.924192
2024-05-02,172.509822036,173.41498547392,170.89122431646,173.03051806049,94214913.778339
2024-05-03,186.64631546056,186.99950074848,182.66036721107,183.37985609762,163224107.34618
2024-05-06,182.35360056099,184.19924596562,180.42218158643,181.70979423613,78569666.400107
2024-05-07,183.45049315521,184.90158013819,181.32129041941,182.39901009801,77305768.907044
2024-05-08,182.85007816573,183.07006214507,181.45045532471,182.74008617606,45057085.455958
2024-05-09,182.55945712881,184.66040504157,182.11040726273,184.57059506836,48982970.670857
2024-05-10,184.89903357704,185.08949530227,182.12877282217,183.04883396047,50759494.276803
2024-05-13,185.43514806288,187.10093235819,184.62089899415,186.28164461948,72044806.756278
2024-05-14,187.50906462655,188.30013581337,186.29172195944,187.43046137486,52393617.970771
2024-05-15,187.91115049093,190.65017149193,187.36999733511,189.72003301366,70399986.787258
2024-05-16,190.46978710665,191.09558991814,189.65956897391,189.84096109318,52845228.218941
2024-05-17,189.51042434251,190.81040119728,189.17988759183,189.87018537906,41282924.032698
2024-05-20,189.32500128725,191.91890859283,189.00958054652,191.04016454836,44361274.085852
2024-05-21,191.09055124816,192.72912672557,190.92024420284,192.35021874309,42309399.277313
2024-05-22,192.26456135344,192.8218382532,190.27025577545,190.90008952292,34648545.291021
2024-05-23,190.9807082426,190.99985518852,186.62326644411,186.87923087908,51005922.402676
2024-05-24,188.82113428928,190.57963011221,188.04114817641,189.98002838462,36326973.335323
2024-05-28,191.51077632447,193.00020717048,189.09926887216,189.99010572458,52280049.310331
2024-05-29,189.6101900081,192.24642214151,189.51042434251,190.28940272138,53068014.193119
2024-05-30,190.76001449748,192.17991169778,190.63001681201,191.28907484536,49947938.84324
2024-05-31,191.44023494475,192.57091248821,189.9104947389,192.2494453435,75158274.211586
2024-06-03,192.89943377089,194.98947407849,192.52052578841,194.03011131434,50080536.334778
2024-06-04,194.63475171191,195.32101856316,193.03346239235,194.35057072506,47471444.04399
2024-06-05,195.40163728283,196.89913000082,194.86955373297,195.86922585695,54156782.662188
2024-06-06,195.68581826969,196.50107507242,194.17119407378,194.48056841053,41181751.500651
2024-06-07,194.64986772185,196.93943936065,194.1409620539,196.88905266086,53103911.563005
2024-06-10,196.89913000082,197.29920039721,192.1496796779,193.120127516,97262075.501911
2024-06-11,193.64918786387,207.16088528158,193.63004091795,207.15181567562,172373294.63727
2024-06-12,207.36847848475,220.20096318918,206.90088991063,213.07124516783,198134292.18653
2024-06-13,214.74106039912,216.74846651906,211.59995353374,214.23920886914,97862728.057479
2024-06-14,213.8502235467,215.1693473474,211.30065653695,212.48978265217,70122745.966642
2024-06-17,213.37054216463,218.95036530021,212.71853826925,216.67087100137,93728297.724929
2024-06-18,217.58891667168,218.6288981555,213.00070378812,214.28959556894,79943252.211113
2024-06-20,213.93084226638,214.23920886914,208.8498474588,209.67921253746,86172449.623549
2024-06-21,210.38966500461,211.88917319058,207.11150631578,207.48940656426,246421351.26713
2024-06-24,207.72017764933,212.69939132333,206.58950010588,208.14040272565,80727004.672749
2024-06-25,209.15015218959,211.37925978863,208.61000676776,209.06953346991,56713865.196224
2024-06-26,211.49918013415,214.86098074464,210.63857530161,213.24961408512,66213185.491525
2024-06-27,214.69067369933,215.73972478911,212.34970762673,214.0991338437,49772705.100299
2024-06-28,215.77096454298,216.06925380579,210.30199214696,210.61842062169,82542716.961262
2024-07-01,212.09071998977,217.51132115399,211.91940521046,216.74846651906,60402927.999442
2024-07-02,216.14987252546,220.37933210647,215.09880596769,220.26848136691,58046177.101344
2024-07-03,220.00042412399,221.55031900976,219.03098401989,221.55031900976,37369800.117215
2024-07-05,221.65109240936,226.44891396408,221.65109240936,226.34108642651,60412406.691277
2024-07-08,227.0898327855,227.85067195245,223.25036626093,227.82043993257,59085860.196496
2024-07-09,227.92927520413,229.40056683822,226.37333391438,228.68104476511,48169820.800979
2024-07-10,229.29979343862,233.08181912543,229.24940673883,232.98104572583,62627685.732146
2024-07-11,231.38882601223,232.38950587021,225.76970125081,227.57052190157,64710615.362816
2024-07-12,228.91987772215,232.6394239012,228.68104476511,230.53930625364,53046525.387455
2024-07-15,236.47889042578,237.23065998676,233.09189646539,234.39993519213,62631250.164838
2024-07-16,234.99953691972,236.27129722261,232.32904183045,234.82116800244,43234277.274626
2024-07-17,229.45095353802,231.45936739195,226.64038342331,228.87956836231,57345883.17176
2024-07-18,230.27931088269,230.43954058804,222.26984108287,224.1794970052,66034583.796313
2024-07-19,224.82041582662,226.79960539467,223.27555961083,224.31050242467,49151451.870264
2024-07-22,227.01022179982,227.78013057273,223.09013655557,223.95981099408,48201833.217083
2024-07-23,224.36592779445,226.93968042011,222.68099655322,225.00886208386,39960258.522399
2024-07-24,224.00012035392,224.8002611467,217.13039770352,218.54021756386,61777574.489057
2024-07-25,218.93021062029,220.85095161657,214.62013231961,217.49116647407,51391196.692876
2024-07-26,218.69943953522,219.48950298804,216.00878976603,217.96077051619,41601343.378765
2024-07-29,216.96009065821,219.3000489968,215.75080986307,218.23991283306,36311776.864765
2024-07-30,219.19020599125,220.32390673669,216.11964050558,218.79920520082,41643838.719968
2024-07-31,221.43946827021,223.81872823465,220.63025787146,222.07937935764,50036260.761879
2024-08-01,224.37096646443,224.48080946999,217.01954696397,218.36084091258,62500993.568824
2024-08-02,219.1509043654,225.60040193949,217.7088370172,219.86034909855,105568557.20605
2024-08-05,199.08893597402,213.49953211611,195.99922354243,209.2710802691,119548587.70676
2024-08-06,205.29960059106,209.98959460822,201.07014101006,207.2304189273,69660486.082712
2024-08-07,206.90088991063,213.63960714155,206.38896104068,209.8192875629,63516415.301257
2024-08-08,213.11054679367,214.1988995093,208.82969277888,213.31007812487,47161147.873317
2024-08-09,212.10079732973,216.77869853894,211.96979191026,216.2405685851,42201644.651155
2024-08-12,216.07109344089,219.50953291147,215.59901261194,217.52961182288,38028090.074816
2024-08-13,219.01027472136,221.89006843486,219.01027472136,221.27002197296,44155329.656686
2024-08-14,220.57045656545,223.03051103444,219.70078100849,221.71995828541,41960571.870611
2024-08-15,224.59975199892,225.35065242194,222.75974399183,224.71852713285,46414011.5298
2024-08-16,223.91931140111,226.8272890447,223.64955092742,226.05122439838,44340238.006372
2024-08-19,225.71905665093,225.99083026248,223.04057672376,225.89017336931,40687810.552739
2024-08-20,225.76938509751,227.16952248147,225.44929617724,226.51021983122,30299032.724412
2024-08-21,226.51927895161,227.97880390253,225.0506948803,226.40050381767,34765477.950918
2024-08-22,227.78956894337,228.340162149,223.89918002247,224.53029874263,43695318.438942
2024-08-23,225.6576559461,228.22038044613,224.32999152523,226.84037444081,38677247.802063
2024-08-26,226.75984892628,227.28024506395,223.88911433316,227.17958817078,30602207.192051
2024-08-27,225.99586310714,228.84847945949,224.88964385124,228.02913234911,35934558.341716
2024-08-28,227.92042290449,229.85907466688,225.67879389366,226.49008845259,38052164.928745
2024-08-29,230.09964464155,232.91904421916,228.87867652744,229.78861484167,51906296.087835
2024-08-30,230.18922927647,230.40060875212,227.48055228135,228.99946479924,52990768.264212
2024-09-03,228.55053505571,228.99946479924,221.16936507979,222.76980968114,50190572.558461
2024-09-04,221.65956414951,221.77934585238,217.47928337629,220.85028272845,43840194.756313
2024-09-05,221.6243342369,225.47949324519,221.52065763694,222.38026750459,36615395.965886
2024-09-06,223.94950846906,225.24093640839,219.77023426477,220.8200856605,48423009.559024
2024-09-09,220.8200856605,221.27002197296,216.7102647125,220.90967029542,67179963.410863
2024-09-10,218.91968351751,221.48140144861,216.73039609113,220.10944799474,51591031.042376
2024-09-11,221.45623722532,223.08989860141,217.88996350041,222.65908709866,44587069.586588
2024-09-12,222.50004920746,223.54990060319,219.82056271135,222.76980968114,37498223.730624
2024-09-13,223.5790911022,224.04009967291,221.9101998135,222.50004920746,36766616.607822
2024-09-16,216.53914799411,217.22059516085,213.91904906498,216.31971596701,59357425.130302
2024-09-17,215.74899138275,216.90050624058,214.50084590749,216.7897836581,45519337.58183
2024-09-18,217.54974320151,222.70941554524,217.53967751219,220.69023826832,59894926.321704
2024-09-19,224.9903007444,229.81881190962,224.62894249793,228.86861083812,66781313.1174
2024-09-20,229.96879068044,233.08915436861,227.62046536285,228.20024906749,318679886.6008
2024-09-23,227.34063919985,229.45040768063,225.80964785478,226.46995707396,54146020.491272
2024-09-24,228.64515253529,229.34975078746,225.72912234025,227.3708362678,43556066.177532
2024-09-25,224.9299066085,227.29031075327,224.01996829427,226.37030674972,42308713.949087
2024-09-26,227.30037644258,228.50020660913,225.40903341998,227.51980846969,36636704.988373
2024-09-27,228.45994385186,229.52086750584,227.30037644258,227.78956894337,34025965.755995
2024-09-30,230.03925050565,232.99956973369,229.65172146696,232.99956973369,54793388.971958
2024-10-01,229.52086750584,229.65172146696,223.74014213127,226.20925572065,63285045.858121
2024-10-02,225.89017336931,227.3708362678,223.02044534513,226.77998030491,32880603.561983
2024-10-03,225.14128608415,226.8051445282,223.32040288677,225.66872820435,34044156.263792
2024-10-04,227.90029152586,227.99893528116,224.13069087676,226.80011168354,37345096.612201
2024-10-07,224.50010167468,225.68885958298,221.33041610886,221.68976121746,39505353.035371
2024-10-08,224.29979445728,225.98076457316,223.24994306155,225.76938509751,31855691.141638
2024-10-09,225.23087071907,229.75036522226,224.82924971534,229.54099888448,33591089.428872
2024-10-10,227.77950325406,229.50073612721,227.16952248147,229.03972755651,28183543.230344
2024-10-11,229.29942234088,229.41014492336,227.34063919985,227.55000553764,31759187.070289
2024-10-14,228.70051382653,231.73028631086,228.59985693337,231.30048137703,39882083.319875
2024-10-15,233.61055707521,237.48987373786,232.36945758246,233.85012048095,64751365.703254
2024-10-16,231.59943234974,232.11982848741,229.83894328825,231.78061475744,34082239.100242
2024-10-17,233.42937466751,233.85012048095,230.52139702392,232.15002555536,32993807.930223
2024-10-18,236.1783144199,236.1783144199,234.00915837215,235.00062876985,46431469.847306
2024-10-21,234.45003556422,236.84969589732,234.45003556422,236.4802850994,36254468.871307
2024-10-22,233.88535039356,236.21857717717,232.59996186782,235.86124520642,38846576.49346
2024-10-23,234.07961819737,235.14356155814,227.75937187542,230.7589472918,52286977.418188
2024-10-24,229.97885636975,230.81833485876,228.41062197421,230.5717254705,31109500.814906
2024-10-25,229.74029953295,233.22000832972,229.57119595243,231.41120395952,38802302.327431
2024-10-28,233.31965865396,234.72986172723,232.54963342123,233.39917759956,36087133.088629
2024-10-29,233.09922005792,234.32421444777,232.32013570481,233.67095121111,35417245.5342
2024-10-30,232.61002755713,233.46963742478,229.55106457379,230.09964464155,47070906.432074
2024-10-31,229.33968509814,229.82887759893,225.36877066271,225.91030474795,64370084.314642
2024-11-01,220.96503158666,225.35065242194,220.26949245488,222.90972276264,65276739.5583
2024-11-04,220.99019580995,222.78994105978,219.7108466978,222.00985013773,44944466.868266
2024-11-05,221.79444438636,223.94950846906,221.13916801184,223.45025027895,28111336.551086
2024-11-06,222.60976522101,226.06632293236,221.18949645842,222.71948123456,54561119.73272
2024-11-07,224.62390965328,227.87512730257,224.5705614999,227.48055228135,42137689.397679
2024-11-08,227.17122938305,228.65931420088,226.40506679441,226.96008221295,38328822.575468
2024-11-11,225.00144084461,225.70023743137,221.50041967185,224.2302509424,42005600.387075
2024-11-12,224.54898262298,225.58963653275,223.35449291785,224.2302509424,40398297.623593
2024-11-13,224.01106007058,226.64939423409,222.76026445343,225.12008544496,48566215.61747
2024-11-14,225.02155009891,228.87046137098,225.00144084461,228.21992699454,44923940.328424
2024-11-15,226.40003948084,226.91986370436,224.27046945099,225.00144084461,47923695.521477
2024-11-18,225.24979013516,229.73918115653,225.16935311798,228.02084537702,44686018.030074
2024-11-19,226.98019146725,230.16047003401,226.65944886124,228.28025475742,36211772.416603
2024-11-20,228.06106388561,229.92921360962,225.89026988446,228.99916059847,35169564.700072
2024-11-21,228.88051599813,230.15544272044,225.71029205852,228.51955488353,42108325.230557
2024-11-22,228.06106388561,230.71950730341,228.06106388561,229.86989130945,38168250.733638
2024-11-25,231.46053332419,233.24522964287,229.73918115653,232.86918658755,90152830.801197
2024-11-26,233.33069397363,235.57086490209,233.33069397363,235.05908438028,45986186.580154
2024-11-27,234.46485591587,235.69051496515,233.80929422585,234.92937969008,33498437.590785
2024-11-29,234.80369685074,237.81103583056,233.96916279749,237.33042465291,28481375.37059
2024-12-02,237.27009689003,240.79122731709,237.16050145412,239.59070483567,48137100.749589
2024-12-03,239.81090117021,242.75891784986,238.89995195064,242.65133333938,38861015.358104
2024-12-04,242.86951874848,244.11025973849,241.2487128523,243.00927806583,44383933.23315
2024-12-05,243.99060967543,244.53858685497,242.12949819042,243.03944194728,40033877.347611
2024-12-06,242.9047099435,244.6290784993,242.07922505469,242.83935486704,36870617.334749
2024-12-09,241.83087576414,247.2392597068,241.75043874696,246.74959936471,44649229.992628
2024-12-10,246.89036414478,248.20852576382,245.34094610134,247.77014402019,36914804.950409
2024-12-11,247.96118193599,250.80060864245,246.26094448534,246.49018998431,45205812.540931
2024-12-12,246.89036414478,248.74142100264,245.67978703622,247.96118193599,32777530.699495
2024-12-13,247.81538984235,249.28939818218,246.24083523105,248.12909420935,33155288.11847
2024-12-16,247.99134581743,251.37975516615,247.65049395713,251.03990876856,51694751.319338
2024-12-17,250.07969187597,253.830067802,249.78106944969,253.47916131455,51356358.860813
2024-12-18,252.1599942328,254.2795096355,247.73998013874,248.0506681176,56774100.28481
2024-12-19,247.49967454992,251.99912019844,247.0964840013,249.79112407684,60882261.571543
2024-12-20,248.04061349046,255.00042640197,245.68984166336,254.48965134288,147495265.43756
2024-12-23,254.77017544029,255.6499553157,253.44899743311,255.26989040953,40858772.182427
2024-12-24,255.48908128134,258.20986338746,255.28999966382,258.19980876032,23234703.442732
2024-12-26,258.18975413317,260.1001332912,257.62971140105,259.02026633555,27262981.110887
2024-12-27,257.82979848129,258.69952372955,253.0598833625,255.58962755282,42355319.968757
2024-12-30,252.23037662283,253.49927056885,250.75033550671,252.20021274139,35557540.300038
2024-12-31,252.44051833021,253.28108515975,249.43016296224,250.41953827356,39480717.104233
2025-01-02,248.9294425303,249.09936572909,241.82182659971,243.84984489537,55740729.295757
2025-01-03,243.361190016,244.18064212852,241.89019806431,243.361190016,40244111.89624
2025-01-06,244.31034681872,247.32874588841,243.20031598164,245.00009424104,45045568.906198
2025-01-07,242.98011964711,245.5490768833,241.34925912378,242.20993520761,40855958.552485
2025-01-08,241.92036194576,243.71209650345,240.05020129632,242.7006010124,37628938.840672
2025-01-10,240.00998278773,240.15879126951,232.99889127776,236.84981347526,61710854.206333
2025-01-13,233.53078105386,234.67097577239,229.71907190223,234.40050630212,49630723.514477
2025-01-14,234.75040732686,236.11984754435,232.47303427794,233.28042083789,39435293.241836
2025-01-15,234.63578457737,238.96027971352,234.43067018356,237.87035813073,39831967.324473
2025-01-16,237.35053390721,238.01011744808,228.03090000416,228.26014550313,71759050.774703
2025-01-17,232.11408408877,232.29004006386,228.48034183766,229.97948674535,68488298.958899
2025-01-21,224.00100544344,224.41927793277,219.37989880643,222.63960892766,98070427.230378
2025-01-22,219.78912213134,224.12065550649,219.78912213134,223.83007678193,64126498.232077
2025-01-23,224.74002053878,227.03046460299,222.29976253007,223.65914812042,60234757.700492
2025-01-24,224.78023904737,225.62985504134,221.40992802752,222.78037370773,54697905.942275
2025-01-27,224.02111469773,232.14927528379,223.98089618914,229.8598366823,94863416.216754
2025-01-28,230.84921199362,240.18895515095,230.80999894774,238.25947220134,75707568.150583
2025-01-29,234.11998220471,239.85614699237,234.00938130608,239.35944841128,45486098.419129
2025-01-30,238.6656791381,240.79122731709,237.20976912714,237.58983403332,55658277.705277
2025-01-31,247.18999203377,247.18999203377,233.44129487225,235.99919201858,101075127.41038
2025-02-03,229.9895413725,231.8295381405,225.70023743137,228.01079074987,73063300.033038
2025-02-04,227.25066093752,233.12960143067,226.64939423409,232.79880419752,45067299.199803
2025-02-05,228.52960951068,232.66909950732,228.27020013028,232.47102335251,39664987.487691
2025-02-06,231.2845773491,233.7992395987,230.42591219071,233.220093075,29925347.363482
2025-02-07,232.60173350543,233.99932667894,227.26071556466,227.62972038098,39707222.7684
2025-02-10,229.56922210125,230.58462848584,227.19994053722,227.64989311911,33115644.393602
2025-02-11,228.20028154518,235.23079063728,228.12997645426,232.61945868878,53718360.655323
2025-02-12,231.20030021062,236.96029587394,230.68004253781,236.86990361418,45243290.753636
2025-02-13,236.91007795185,242.33963968783,235.56925943214,241.53113114224,53614053.27297
2025-02-14,241.24991077856,245.5495692676,240.98877758371,244.60045054017,40896226.181265
2025-02-18,243.9104562907,245.17996536104,241.83946918385,244.46988394274,48822490.022188
2025-02-19,244.66071204667,246.00956543391,243.16020053473,244.86961860255,32204213.810688
2025-02-20,244.93992369347,246.78091271716,244.28909942323,245.83078963128,32316906.645534
2025-02-21,245.95030828585,248.68919375644,245.22013969871,245.5495692676,53197430.100789
2025-02-24,244.92485831684,248.85993469154,244.41966602065,247.17160815099,51326394.89869
2025-02-25,247.99919950698,249.9998815229,244.90979294022,247.03903283668,48013270.956333
2025-02-26,244.3292737609,244.98009803114,239.12971010807,240.36004919919,44433562.905279
2025-02-27,239.40992611331,242.4591583424,237.06073171811,237.29976902724,41153638.265695
2025-02-28,236.95025228952,242.08955443584,230.2009635611,241.83946918385,56833359.116047
2025-03-03,241.78925126177,244.02796622838,236.11261734912,238.02993761438,47183984.353667
2025-03-04,237.7055298377,240.06978960953,234.67939785277,235.92982411272,53798061.284773
2025-03-05,235.42061438277,236.54951327127,229.22974894795,235.73899600879,47227642.074037
2025-03-06,234.43634310987,237.85919667928,233.15879917199,235.33122648145,45170418.363701
2025-03-07,235.10524583206,241.37043379157,234.75974652811,239.06944860157,46273564.366131
2025-03-10,235.54013303733,236.16082655432,224.21900468216,227.47915218402,72071195.892385
2025-03-11,223.80520900417,225.84003920712,217.44962878491,220.84034288419,76137409.537158
2025-03-12,220.1403050503,221.7502916324,214.91061064422,216.97958903418,62547466.51193
2025-03-13,215.95012163141,216.83998321078,208.42044639377,209.6799118797,61368329.710967
2025-03-14,211.24972412412,213.95044397393,209.58148475241,213.48944344918,60107581.608108
2025-03-17,213.30966328811,215.21894868583,209.96916711092,214.00066189602,48073424.7794
2025-03-18,214.16035488825,215.14964795335,211.49077015014,212.68997412956,42432424.749323
2025-03-19,214.21860767787,218.76031655137,213.74957228558,215.23903585467,54385389.449193
2025-03-20,213.9906183116,217.48980312258,212.21993437883,214.10109774019,48862945.698481
2025-03-21,211.56007088262,218.83966086827,211.27985487737,218.27018963181,94127766.61416
2025-03-24,221.00003587642,221.48011921157,218.5805363903,220.7298634556,44299481.292177
2025-03-25,220.77003779327,224.0994860276,220.0800435438,223.75097364832,34493581.733998
2025-03-26,223.5099276223,225.01947836022,220.46973461919,221.53033713366,34532655.433556
2025-03-27,221.38972695182,224.98934760697,220.56012687895,223.85040513405,37094773.590865
2025-03-28,221.66994295706,223.81023079638,217.68063122651,217.89958136681,39818615.882957
2025-03-31,217.00469799523,225.62108906682,216.23033763665,222.12993912337,65299320.715737
2025-04-01,219.80484933077,223.6806685574,218.89992237477,223.18953727939,36412739.198023
2025-04-02,221.31440006869,225.18921493687,221.02012304526,223.89057947172,35905902.217469
2025-04-03,205.53994638289,207.49041047673,201.25033147827,203.19075198769,103419005.2918
2025-04-04,193.88938845884,199.88038656375,187.33996706033,188.37947804752,125910911.62866
2025-04-07,177.19996423264,194.14951729525,174.61876303739,181.46045274245,160466285.0472
2025-04-08,186.70019073295,190.33596829201,169.20928847024,172.41921805001,120859489.95567
2025-04-09,171.95018265772,200.60955079245,171.88992115122,198.85091916098,184395884.28334
2025-04-10,189.06445050478,194.78025439666,183.00013423362,190.42033440111,121879979.21271
2025-04-11,186.09958438479,199.53990905201,186.05941004712,198.14987696865,87435913.665294
2025-04-14,211.44055222805,212.94005938155,201.16295229384,202.51984054862,101352910.24666
2025-04-15,201.85495526019,203.50913361372,199.80003788842,202.14019305764,51343870.731292
2025-04-16,198.35878352453,200.6999430522,192.36979413651,194.27004030826,59732422.716277
2025-04-17,197.19975388278,198.83384506747,194.41968971607,196.97979938404,52164674.306738
2025-04-21,193.26467750809,193.80000055753,189.81169318542,193.1592198717,46742535.38328
2025-04-22,196.12006855792,201.58980463158,195.96941479166,199.73977638191,52976369.580187
2025-04-23,205.99994254921,208.00062456513,202.79804783698,204.59886252299,52929164.321556
2025-04-24,204.8901264711,208.82922027956,202.93966237726,208.37022847169,47310987.816475
2025-04-25,206.365529022,209.75021697062,206.20081423755,209.28017721989,38222256.522209
2025-04-28,209.99929786417,211.50081373455,207.46027972348,210.13990804601,38743072.575788
2025-04-29,208.69363188992,212.24002154767,208.37022847169,211.20954978645,36827631.912304
2025-04-30,209.30026438873,213.57983570893,206.66984962984,212.50015038407,52286452.543389
2025-05-01,209.07930553155,214.56008954806,208.89852101204,213.31970687253,57365674.052415
2025-05-02,206.09033480896,206.99023997275,202.16028022648,205.35112699585,101010620.09832
2025-05-05,203.10035972794,204.1007007359,198.21013847516,198.89109349865,69018450.107004
2025-05-06,198.21013847516,200.64972513012,197.01997372171,198.50943729079,51216480.952221
2025-05-07,199.17030514545,199.43947320783,193.24961213146,196.2496307969,68616942.056446
2025-05-08,197.72001155559,200.05112749885,194.68082291092,197.489009114,50478870.783161
2025-05-09,199.0005685688,200.53924570153,197.53420524388,198.52952445963,36453921.70646
2025-05-12,210.97005692035,211.26796072344,206.7502545647,210.7895091609,63775813.307857
2025-05-13,210.4294166851,213.4004303712,209.0000802561,212.93000315352,51909331.295032
2025-05-14,212.4304876857,213.93906452023,210.57987315131,212.33018337489,49325824.186363
2025-05-15,210.94999605819,212.96009444676,209.53971744824,211.44951152601,45029471.45204
2025-05-16,212.36027466813,212.56991067772,209.76941431999,211.26093942169,54737848.810554
2025-05-19,207.90977239763,209.48053790486,204.25869548425,208.77941077232,46140525.39482
2025-05-20,207.6700450948,208.47047349504,205.03103867747,206.85958626348,42496634.149674
2025-05-21,205.17046166949,207.04013402293,200.7099289679,202.0901162846,59211773.175216
2025-05-22,200.7099289679,202.75011864971,199.70086760118,201.35990090193,46742406.804645
2025-05-23,193.66455417682,197.70079964369,193.46093642588,195.27042619284,78432917.156852
2025-05-27,198.29961637921,200.74002026114,197.42997800451,200.20941045697,56288474.090252
2025-05-28,200.59056683804,202.73005778755,199.90047317969,200.42004950967,45339676.464662
2025-05-29,203.57462008455,203.81033521494,198.5102554319,199.94962229198,51477937.074266
2025-05-30,199.36986337552,201.96072372366,196.78000607048,200.85035500303,70819941.265224
2025-06-02,200.27962347454,202.12923496582,200.11913657725,201.69993251557,35423293.090932
2025-06-03,201.34987047085,203.77021349062,200.95567452938,203.2696949797,46381565.882567
2025-06-04,202.91060554701,206.23970562269,202.09914367258,202.82033166728,43603984.363303
2025-06-05,203.49939185144,204.75018660721,200.14922787049,200.63068856236,55221233.817738
2025-06-06,203.00087942673,205.70006843055,202.05099760339,203.92066995683,46607691.757093
2025-06-09,204.3890910883,205.99997831986,200.01983530955,201.45017478166,72862555.369759
2025-06-10,200.60059726912,204.34896936398,200.57050597588,202.66987520107,54672607.347377
2025-06-11,203.49939185144,204.49942583019,198.4099511211,198.78107707108,60989855.279216
2025-06-12,199.07898087418,199.68080673902,197.35976498695,199.19934604715,43904634.45259
2025-06-13,199.73095889442,200.36989735426,195.69972864309,196.45000488793,51447348.159639
2025-06-16,197.29958240046,198.68578797582,196.56435180225,198.41998155218,43020690.389901
2025-06-17,197.19927808966,198.38989025893,195.21024360635,195.63954605661,38856151.531708
2025-06-18,195.93945594592,197.57040403964,195.06981757122,196.58040049198,45394688.058438
2025-06-20,198.23441857718,201.69993251557,196.85523430359,200.99980842613,96813540.932311
2025-06-23,201.62470428246,202.29975229419,198.95961874432,201.50032693706,55814271.141073
2025-06-24,202.58963175242,203.43920926496,200.19938002589,200.2996843367,54064032.306994
2025-06-25,201.45017478166,203.66990917981,200.62065813128,201.56050952354,39525729.932273
2025-06-26,201.43011391949,202.63978390783,199.46013725525,200.99980842613,50799119.788626
2025-06-27,201.8905107061,203.21954282429,199.99977444739,201.07904883167,73188570.271181
2025-06-30,202.01087587907,207.39019606765,199.26053167674,205.17046166949,91912815.369818
2025-07-01,206.66499590051,210.18668025295,206.14040435499,207.8194985179,78788865.966158
2025-07-02,208.90980637637,213.34024778472,208.14047231248,212.43951507367,67941809.730524
2025-07-03,212.14562344301,214.65022208386,211.8096040018,213.5498837943,34955834.617584
2025-07-07,212.68024541961,216.23001497907,208.79947163448,209.94996207944,50228982.777167
2025-07-08,210.10041854565,211.42945066384,208.45041263288,210.01014466592,42848927.084202
2025-07-09,209.52968701716,211.33014939615,207.22068178238,211.14057424872,48749365.412709
2025-07-10,210.5046449182,213.47967077674,210.03020552809,212.41042682354,44443634.218054
2025-07-11,210.56482750469,212.13057779638,209.85968819971,211.16063511088,39765811.338608
2025-07-14,209.92488600174,210.90987433386,207.53964949075,208.61992691814,38840110.346767
2025-07-15,209.22074973987,211.88984745045,208.91983680745,209.11041499799,42296337.673497
2025-07-16,210.29601195172,212.40039639246,208.63898473719,210.16060113214,47490531.181317
2025-07-17,210.56984272023,211.79957357072,209.58886656054,210.02017509701,48068140.453878
2025-07-18,210.86975260954,211.78954313964,209.70421651796,211.18069597304,48974590.029859
2025-07-21,212.10048650314,215.77964862354,211.63005928546,212.47963679799,51377432.919271
2025-07-22,213.1396391631,214.94912893006,212.23088210719,214.40046434995,46404070.398892
2025-07-23,214.99928108546,215.14973755168,212.41042682354,214.14970357293,46989299.483541
2025-07-24,213.89994583902,215.68937474382,213.52982293214,213.760522847,46022619.196125
2025-07-25,214.70037423926,215.2400114314,213.4004303712,213.87988497686,40268779.751372
2025-07-28,214.02933839996,214.84481244682,213.05939571446,214.04939926212,37858015.966102
2025-07-29,214.17477965063,214.80970593804,210.81960045414,211.26996680966,51411722.572152
2025-07-30,211.89486266599,212.39036596137,207.7201972502,209.0502324115,45512512.505911
2025-07-31,208.4905343572,209.83962733755,207.1604991959,207.56974078399,80698429.956569
2025-08-01,210.864737394,213.57997508755,201.50032693706,202.37999574284,104434471.61664
2025-08-04,204.50444104573,207.87968110438,201.67485643786,203.34893538523,75109297.291286
2025-08-05,203.39908754064,205.33897291164,202.15932625906,202.92063597809,44155077.327855
2025-08-06,205.62985541298,215.38043746653,205.58973368866,213.24997390499,108483101.19929
2025-08-07,218.87503965505,220.85003153484,216.57907398067,220.03054531554,90224833.082339
2025-08-08,220.82997067268,231.0008277885,219.24917473436,229.34981883262,113853966.07704
2025-08-11,227.91959281573,229.56071487613,224.75958122934,227.18018617313,61806131.291219
2025-08-12,228.00475482741,230.79907071658,227.06997651095,229.65088641791,55672300.494047
2025-08-13,231.06958534192,235.00006265751,230.4303693013,233.32988532254,69878545.110805
2025-08-14,234.05426337484,235.11928947387,230.84916601756,232.7808408237,51916274.553784
2025-08-15,233.99915854375,234.27969222929,229.33528602168,231.5905764722,56038656.2128
2025-08-18,231.70078613438,233.11948505839,230.10975937497,230.88924225836,37476187.645061
2025-08-19,231.27497607597,232.87001045946,229.35031461197,230.56061708387,39402562.935653
2025-08-20,229.9795115924,230.47044554209,225.76950249728,226.00995994203,42263864.238772
2025-08-21,226.27045550717,226.51993010609,223.78071904802,224.89984807211,30621247.296956
2025-08-22,226.17026490519,229.08981904683,225.40981823618,227.75928785256,42477809.454958
2025-08-25,226.4798538653,229.30021931098,226.23037926638,227.16014805273,30983131.538434
2025-08-26,226.869595307,229.49058145474,224.68944780796,229.31023837118,54575105.768896
2025-08-27,228.60990606336,230.89926131855,228.26024086245,230.49048366248,31259511.75228
2025-08-28,230.81910883697,233.41003780412,229.33528602168,232.56042149935,38074698.870826
2025-08-29,232.51032619836,233.37998062353,231.37015714785,232.13962097104,39418435.681884
2025-09-02,229.25012401,230.84916601756,226.96978590898,229.72001793327,44075636.96412
2025-09-03,237.20926543113,238.85038749153,234.35984471087,238.46966320401,66427834.233992
2025-09-04,238.44962508362,239.90038500026,236.74037341387,239.78015627789,47549427.849979
2025-09-05,239.99556607214,241.32008583029,238.48970132441,239.68998473611,54870395.939989
2025-09-08,239.30024329441,240.14985959918,236.33961100596,237.88054246438,48999493.995223
2025-09-09,236.999867073,238.78025407015,233.35994250313,234.34982565068,66313917.361803
2025-09-10,232.18470674193,232.42015465658,225.94984558084,226.78944282542,83440809.167248
2025-09-11,226.8746048371,230.45040742169,226.65017788867,230.02960689338,50208576.460129
2025-09-12,229.2200668294,234.51013061384,229.01968562545,234.06929196514,55824214.942104
2025-09-15,236.999867073,238.19013142449,235.02911793209,236.70029717308,42699522.864813
2025-09-16,237.17419872044,241.21989522831,236.32358050964,238.1500551837,63421098.132475
2025-09-17,238.9706162139,240.0997642982,237.73025656142,238.9906543343,46508015.801942
2025-09-18,239.97051842164,241.19985710791,236.65020187209,237.88054246438,44249575.433956
2025-09-19,241.22490475841,246.2995587486,240.21097586639,245.50003774481,163741313.81702
2025-09-22,248.3003650701,256.63922887273,248.12002198654,256.08016531369,105517414.72038
2025-09-23,255.87477457964,257.34056308657,253.57940788832,254.43002609911,60275186.30265
2025-09-24,255.22052994872,255.73951726697,251.0405780342,252.30999296126,42303708.295212
2025-09-25,253.20569694294,257.17023906321,251.71185506745,256.86966725728,55202073.755512
2025-09-26,254.09538948851,257.6000567457,253.77978909228,255.45998548745,46076256.743248
2025-09-29,254.55927197566,255.00011062437,253.01032526908,254.43002609911,40127685.837059
2025-09-30,254.8548342515,255.91885844451,253.11051587106,254.62940539705,37704257.93857
2025-10-01,255.04018686516,258.78931919118,254.92997720298,255.44996642725,48713938.270084
2025-10-02,256.57510688746,258.18016033115,254.15049431959,257.13016282242,42630237.923282
2025-10-03,254.66447210774,259.24017690008,253.95011311564,258.01985536798,49155612.430398
2025-10-06,257.98979818739,259.06985287671,255.05020592536,256.68932417372,44664116.310845
2025-10-07,256.80454336599,257.40067744776,255.42992830685,256.47992581558,31955774.661403
2025-10-08,256.52000205637,258.52080837788,256.11022249428,258.05993160878,36496894.197742
2025-10-09,257.80444557373,257.99981724759,253.14057305166,254.04028465742,38322010.489988
2025-10-10,254.93999626318,256.38073711962,244.0001844332,245.26959936026,61999097.49382
2025-10-13,249.3794178534,249.69000871953,245.560152106,247.66014712346,38142940.800358
2025-10-14,246.60013055453,248.84540194486,244.69951483501,247.77035678563,35477984.260237
2025-10-15,249.48461798548,251.82006091758,247.4697849797,249.34034351863,33893610.108709
2025-10-16,248.25026976911,249.03977171269,245.13033442351,247.4497468593,39776973.302088
2025-10-17,248.01983138456,253.38002859038,247.27040568176,252.28995484086,49146959.92225
2025-10-20,255.88479363983,264.37494525145,255.62930760479,262.2398835233,90483028.557793
2025-10-21,261.87919735618,265.28968544751,261.82910205519,262.77089371378,46695946.602119
2025-10-22,262.65066499141,262.85004428935,255.42992830685,258.45067495649,45015253.037298
2025-10-23,259.93950730188,260.62080339533,258.00983630779,259.5808249468,32754940.435629
2025-10-24,261.18988601457,264.1294782766,259.18006253889,262.81998710875,38253715.661282
2025-10-27,264.87990588542,269.11997216113,264.65046940689,268.81038320102,44888151.295732
2025-10-28,268.98571675448,269.89043789034,268.15012713398,268.99974343876,41534757.929818
2025-10-29,269.2752675942,271.41032932235,267.11014868545,269.70007574658,51086740.661791
2025-10-30,271.9904329078,274.14052322625,268.47975421449,271.40031026215,69886532.885947
2025-10-31,276.9899439465,277.31957102701,269.16004840192,270.3693489678,86167121.761516
2025-11-03,270.41944426879,270.85026385729,266.24951141446,269.04983873975,50194582.133593
2025-11-04,268.32445878142,271.48547227383,267.61510931942,270.03972188729,49274845.170437
2025-11-05,268.61000199706,271.69988016206,266.92980560189,270.13991248927,43683070.204129
2025-11-06,267.89063347486,273.40011467763,267.89063347486,269.77020916797,51204044.079157
2025-11-07,269.79525681846,272.29000280771,266.77050254475,268.46973515429,48227364.688954
2025-11-10,268.96043719161,273.7298959117,267.45502986421,269.42987604569,41312411.026817
2025-11-11,269.81023162043,275.9099339164,269.8002222632,275.25031727494,46208317.81423
2025-11-12,275.00008334419,275.72976548626,271.69999826546,273.46965262372,48397981.895187
2025-11-13,274.11025148644,276.69867126612,272.09036319743,272.95016698349,49602793.525234
2025-11-14,271.05039098123,275.95998070255,269.6000351186,272.40966169306,47431330.413212
2025-11-17,268.81530151177,270.48986697635,265.73041761349,267.46003454283,45018259.379279
2025-11-18,269.99040005057,270.71007283541,265.32003396706,267.44001582837,45677277.720659
2025-11-19,265.52522579027,272.21047548419,265.5002023972,268.56006290241,40424491.873191
2025-11-20,270.83018512217,275.43048570508,265.91959446513,266.24990325372,45823567.833636
2025-11-21,265.94962253682,273.3295216225,265.67036147011,271.48980176363,59030831.493263
2025-11-24,270.90025062278,276.99995291874,270.90025062278,275.91994327363,65585795.862338
2025-11-25,275.2703359894,280.38011285531,275.25031727494,276.96992484705,46914219.285987
2025-11-26,276.95991548982,279.53031842649,276.62960670123,277.55046756639,33431422.449092
2025-11-28,277.26019620672,278.9998224933,275.98600503134,278.84968213485,20135619.637586
2025-12-01,278.00989706325,283.41995464606,276.14014913269,283.0996552147,46587721.797197
2025-12-02,282.99956164241,287.39967508071,282.63021636062,286.18954379161,53669531.185271
2025-12-03,286.19955314884,288.61981572705,283.29984235931,284.14963678813,43538686.849325
2025-12-04,284.09458532337,284.73017950747,278.59043978259,280.70041228667,43989055.429087
2025-12-05,280.54026257099,281.13982306907,278.04993449217,278.77961663424,47265844.262409
2025-12-08,278.13000935001,279.66944849198,276.15015848992,277.88978477649,38211831.310571
2025-12-09,278.1600374217,280.02978535226,276.9198780609,277.18012134888,32193255.030823
2025-12-10,277.74965377527,279.74952334982,276.44042984959,278.77961663424,33038317.286634
2025-12-11,279.09491138698,279.59037456987,273.80997076954,278.02991577771,33247985.095642
2025-12-12,277.89979413372,279.22002835236,276.8197844886,278.28014970846,39532886.169155
2025-12-15,280.14989763902,280.14989763902,272.84006405395,274.11025148644,50409077.067179
2025-12-16,272.82004533949,275.49955026997,271.79008248053,274.60971841222,37648627.313504
2025-12-17,275.01009270142,276.16016784715,271.63994212208,271.84012926668,50138742.025895
2025-12-18,273.60477894633,273.6298023394,266.9495573241,272.19045676973,51630720.946903
2025-12-19,272.14541466219,274.59970905499,269.9003158355,273.66983976832,144632047.46665
2025-12-22,272.86008276841,273.88003627015,270.5048810122,270.97031612339,36571826.900417
2025-12-23,270.8401944794,272.49974590814,269.55999768968,272.35961490691,29641998.300424
2025-12-24,272.33959619245,275.43048570508,272.19546144834,273.80997076954,17910573.664279
2025-12-26,274.16029827259,275.3704295617,272.86008276841,273.39958712311,21521801.555283
2025-12-29,272.68992369551,274.36048541719,272.34960554969,273.75992398339,23715212.13056
2025-12-30,272.81003598226,274.08022341475,272.27954004907,273.08028862747,22139616.451675
2025-12-31,273.06026991302,273.67984912555,271.75004505161,271.86014798114,27293638.714501
2026-01-02,272.254516656,277.83973799034,269.00047462053,271.01035355231,37838053.063473
2026-01-05,270.6400073348,271.50982047809,266.13980032419,267.25984739823,45647189.874549
2026-01-06,266.99960411025,267.5501187579,262.12004246062,262.36026703415,52352089.94534
2026-01-07,263.20005210574,263.67950031706,259.80988281194,260.3303693879,48309803.405828
2026-01-08,257.02027495194,259.2903971717,255.7000407333,259.04016324095,50419336.467223
2026-01-09,259.07519599126,260.21025710114,256.21952637354,259.37047202954,39996966.918124
2026-01-12,259.16027552771,261.30027610349,256.80006909288,260.25029453006,45263766.652477
2026-01-13,258.71986380959,261.8097523865,258.389555021,261.05004217274,45730846.595032
2026-01-14,259.48958338058,261.81976174372,256.70998487781,259.96002317039,40019420.90741
2026-01-15,260.64966788354,261.04003281551,257.05030302363,258.21038752659,39388563.215462
2026-01-16,257.90009745246,258.90003223973,254.93032116232,255.52988166039,72142772.34863
2026-01-20,252.73026444316,254.7901901611,243.41956034782,246.69962671209,80267516.838341
2026-01-21,248.70049722236,251.56017058297,245.18020628457,247.64951471321,54641724.481643
2026-01-22,249.19996414814,250.99964657809,248.14998257471,248.35016971931,39708339.992977
2026-01-23,247.32020686035,249.41016064997,244.67973842307,248.03987964518,41688981.661013
2026-01-26,251.48009572514,256.55984451936,249.79952464622,255.40976937363,55969233.301108
2026-01-27,259.17028488494,261.94988338771,258.21038752659,258.27044366997,49648270.970942
2026-01-28,257.64986352171,258.8549901322,254.50992815866,256.4397322326,41287970.896009
2026-01-29,258.00019102476,259.64973309626,254.40983458636,258.2804530272,67253008.812835
2026-01-30,255.1645401215,261.89983660156,252.17974979551,259.47957402335,92443407.577332
2026-02-02,260.030088671,270.48986697635,259.20531763525,270.01041876503,73913424.508678
2026-02-03,269.1996608294,271.87516201698,267.61017490128,269.47992283184,64394654.440763
2026-02-04,272.28454472769,278.94977570715,272.28454472769,276.49047663574,90545709.297259
2026-02-05,278.13000935001,279.5002903548,273.23042898593,275.9099339164,52977440.790171
2026-02-06,277.1200652055,280.90460317417,276.92488273952,278.11999999278,50453413.580484
2026-02-09,277.905,278.2,271.7,274.62,44623396
2026-02-10,274.885,275.37,272.94,273.68,34376898
2026-02-11,274.695,280.18,274.45,275.5,51931283
2026-02-12,275.59,275.72,260.18,261.73,81077229
2026-02-13,262.01,262.23,255.45,255.78,56290673
2026-02-17,258.05,266.29,255.54,263.88,58469094
2026-02-18,263.6,266.82,262.45,264.35,34203337
2026-02-19,262.6,264.48,260.05,260.58,30845294
2026-02-20,258.97,264.75,258.16,264.58,42070499
2026-02-23,263.49,269.43,263.381,266.18,37308200
2026-02-24,267.86,274.89,267.71,272.14,47014619
2026-02-25,271.78,274.94,271.05,274.23,33714342
2026-02-26,274.945,276.11,270.795,272.95,32191569
2026-02-27,272.81,272.81,262.89,264.18,72232024
2026-03-02,262.41,266.53,260.2,264.72,41827946
2026-03-03,263.48,265.56,260.13,263.69,38568921
2026-03-04,264.65,266.15,261.42,262.45,39803119
2026-03-05,260.79,261.555,257.25,260.25,49658626
2026-03-06,258.63,258.77,254.37,257.46,41120042
2026-03-09,255.69,261.15,253.68,259.89,38218533
2026-03-10,257.645,262.48,256.95,260.72,30590765
2026-03-11,261.09,262.13,259.55,260.81,26218927
2026-03-12,258.66,258.95,254.18,255.76,40794020
2026-03-13,255.48,256.33,249.52,250.12,36929988
2026-03-16,252.105,253.885,249.88,252.82,32074210
2026-03-17,252.955,255.13,252.18,254.23,32361607
2026-03-18,252.625,254.94,249,249.94,35757874
2026-03-19,249.4,251.83,247.3,248.96,34864082
2026-03-20,247.975,249.199,246,247.99,88331081
2026-03-23,253.97,254.6,250.28,251.49,40546109
2026-03-24,250.35,254.825,249.55,251.64,45152288
2026-03-25,254.095,255,251.6,252.62,28476668
2026-03-26,252.115,257,250.77,252.89,41796650
2026-03-27,253.9,255.493,248.07,248.8,47899998
2026-03-30,250.07,250.87,245.51,246.63,39446213
2026-03-31,247.91,255.48,247.101,253.79,49598091
2026-04-01,254.08,256.18,253.33,255.63,40059432
2026-04-02,254.2,256.13,250.65,255.92,31289369
2026-04-06,256.51,262.16,256.46,258.86,29329911
2026-04-07,256.155,256.2,245.7,253.5,62148008
2026-04-08,258.45,259.7499,256.53,258.9,41032772
2026-04-09,259,261.12,256.07,260.49,28121574
2026-04-10,259.98,262.19,259.02312,260.48,31291473
2026-04-13,259.73,260.18,256.66,259.2,36234698
2026-04-14,259.245,261.93,257.19,258.83,48370710
2026-04-15,258.16,266.56,257.81,266.43,49913510
2026-04-16,266.8,267.16,261.27,263.4,43323112
2026-04-17,266.96,272.3,266.72,270.23,61436228
2026-04-20,270.33,274.275,270.29,273.05,36590169
2026-04-21,271.5,272.8,265.4,266.17,50209755
2026-04-22,267.82,273.74,266.87,273.17,43249204
2026-04-23,275.045,275.77,271.65,273.43,33399639
2026-04-24,272.755,273.06,269.65,271.06,38157110
2026-04-27,266.09,268.36,265.07,267.61,41466762
2026-04-28,272.335,273.23,268.66,270.71,40018940
2026-04-29,267.55,271.04,267.04,270.17,30047869
2026-04-30,270.5,276,268.14,271.35,91848230
2026-05-01,278.855,287.22,278.37,280.14,79915442
2026-05-04,279.655,280.63,274.8601,276.83,46668401
2026-05-05,276.925,284.57,276.501,284.18,49311712
2026-05-06,281.915,288.03,281.07,287.51,58336072
2026-05-07,289.27,292.13,285.78,287.44,45224300
2026-05-08,290.01,294.76,290,293.32,52692761
2026-05-11,291.979,293.88,290.23,292.68,42247285
2026-05-12,292.56,295.27,292.56,294.8,45748129
2026-05-13,293.5,300.92,293.5,298.87,52684260
2026-05-14,299.82,300.45,295.38,298.21,35324922
2026-05-15,297.9,303.2,296.52,300.23,54862836
2026-05-18,300.24,300.66,294.91,297.84,34482959
2026-05-19,296.97,300.51,296.35,298.97,42243561
2026-05-20,298.18,302.8,298.08,302.25,38229843
2026-05-21,301.055,305.54,300.4,304.99,42965126
2026-05-22,306.12,311.4,305.84,308.82,43670223
2026-05-26,309.56,311.82,307.67,308.33,48000493
2026-05-27,308.33,313.26,308.3,310.85,50430919
2026-05-28,310.68,312.8,309.57,312.51,48220390
2026-05-29,311.775,315,309.53,312.06,70026752
2026-06-01,309.625,310.94,305.02,306.31,48849933
2026-06-02,307.46,315.45,306.685,315.2,44534716
2026-06-03,314.175,316.94,308.85,310.26,50836705
2026-06-04,313.23,313.54,309.65,311.23,44869134
2026-06-05,312.86,315.17,307.15,307.34,65310502
2026-06-08,308.739,317.4,301.17,301.54,77949082
2026-06-09,300.275,300.75,287.78,290.55,70108847
2026-06-10,290.74,294.75,287.38,291.58,52793266
2026-06-11,293.72,297,289.59,295.63,42572497
2026-06-12,296.03,297.14,289.62,291.13,38784789
2026-06-15,294.12,297.78,291.7,296.42,45732573
2026-06-16,295.245,300.48,293.97,299.24,39874404
2026-06-17,300.845,302.07,294.36,295.95,42745060
2026-06-18,298.11,300.57,295.62,298.01,85962201
2026-06-22,297.31,302.42,296.76,297.01,44879914
2026-06-23,297.538,301.64,294.18,294.3,52010929
2026-06-24,295.355,299.7,292.94,293.08,53081859
2026-06-25,287.4,288.8,273.75,275.15,107253659
2026-06-26,275,285.95,274.21,283.78,261775450
2026-06-29,286.73,288.3697,279.85,281.74,66427002
2026-06-30,281.17,289.94,280.695,289.36,65100155
2026-07-01,293.44,296.59,289.195,294.38,50164232
2026-07-02,294.12,309.42,293.68,308.63,75400626
2026-07-06,307.36,314.2,307,312.66,53589977
2026-07-07,315.29,315.48,310.15,310.66,42490002
2026-07-08,311.91,314.82,307.05,313.39,41323480
2026-07-09,310.51,316.53,308.16,316.22,48124490
2026-07-10,314.72,316.91,312.17,315.32,34132321
2026-07-13,317.015,323.45,315.78,317.31,43257804
2026-07-14,313.76,316.19,311.91,314.86,36336829
2026-07-15,317.615,328.73,317.32,327.5,60957644
2026-07-16,328.005,334.68,326.79,333.26,62970617
2026-07-17,331.98,334.99,329.0006,333.74,63407059
