Date,Open,High,Low,Close,Volume
2005-02-25,9.9503918907447,10.029882504799,9.9240946115066,10.00480721809,1155000.5141214
2005-02-28,9.986012972984,10.074778510338,9.9408114693122,9.9757726755856,1688601.1574789
2005-03-01,10.049348845796,10.116448455599,10.02024098374,10.096261139009,1192794.5258518
2005-03-02,10.039157428099,10.144884221764,9.9999925675233,10.069475062759,903398.3213587
2005-03-03,10.054163496363,10.100342594058,9.9555731390704,9.9952878962841,804600.66337757
2005-03-04,9.9503918907447,10.110961709141,9.9503918907447,10.059405844315,1489600.7592773
2005-03-07,9.9999925675233,10.220158961591,9.9999925675233,10.13481500332,1081802.8489725
2005-03-08,10.100342594058,10.194668197422,10.049348845796,10.049348845796,1477199.7014702
2005-03-09,9.9503918907447,10.121092027212,9.9503918907447,10.029882504799,1892797.9867927
2005-03-10,9.9999925675233,10.084969928035,9.9655812578883,10.074778510338,1144997.9979821
2005-03-11,10.00480721809,10.127067570682,9.9200131564576,9.9455650202526,1131398.078509
2005-03-14,9.9455650202526,9.9952878962841,9.9004246162073,9.986012972984,1297405.6399937
2005-03-15,9.986012972984,10.039157428099,9.8856018468226,9.8856018468226,657596.49138706
2005-03-16,9.8750438313664,9.9004246162073,9.7556551612194,9.784689703724,1133600.2196307
2005-03-17,9.7712722257484,9.8297812280681,9.7502906140143,9.7799972524101,673599.04420592
2005-03-18,9.7502906140143,9.8102537874443,9.6875046378408,9.7248487295469,2694599.1240545
2005-03-21,9.7301521771256,9.7799972524101,9.6744537576241,9.7248487295469,1698201.8708346
2005-03-22,9.7248487295469,9.7752437014698,9.6180221426048,9.6417532375306,3089203.009348
2005-03-23,9.5493339425131,9.7301521771256,9.5493339425131,9.6786085322249,1324605.4789399
2005-03-24,9.6507837623248,9.7799972524101,9.6507837623248,9.6815901939973,900998.96135538
2005-03-28,9.6928203053448,9.8044004432272,9.6928203053448,9.6928203053448,1289998.0660681
2005-03-29,9.6276025640373,9.7391827019197,9.6014885836786,9.6222380168321,1471599.0125675
2005-03-30,9.6377328821081,9.7900664708544,9.6377328821081,9.7658465789167,1858996.6344949
2005-03-31,9.7658465789167,9.8245266601906,9.7391827019197,9.7799972524101,1091202.2517685
2005-04-01,9.7502906140143,9.8495408472726,9.6744537576241,9.6928203053448,4090600.2931342
2005-04-04,9.6744537576241,9.7610197084246,9.6460302113844,9.7301521771256,1927195.0874133
2005-04-05,9.7658465789167,9.7900664708544,9.7391827019197,9.7502906140143,1091000.9412089
2005-04-06,9.7943312247829,9.8297812280681,9.7301521771256,9.7344291509794,906399.15803407
2005-04-07,9.7450360461368,9.8696181845347,9.7450360461368,9.8648524136691,1317191.3583294
2005-04-08,9.879809602232,9.8903553977629,9.7799972524101,9.7943312247829,853593.59790646
2005-04-11,9.8388117528622,9.8388117528622,9.7301521771256,9.7391827019197,1433998.9463764
2005-04-12,9.7301521771256,9.8102537874443,9.6317451187128,9.7997079919134,1270193.5260134
2005-04-13,9.7610197084246,9.7799972524101,9.6276025640373,9.6596920878659,1575995.7227802
2005-04-14,9.6222380168321,9.6460302113844,9.5125397474453,9.5219979696248,1327198.7844824
2005-04-15,9.4051632638648,9.4199371535483,9.2301983734693,9.2349030447085,2787796.093133
2005-04-18,9.2753509974399,9.3239740801948,9.2349030447085,9.2450822424805,4084997.9675602
2005-04-19,9.3607560553373,9.3795503004433,9.3020637541381,9.3607560553373,1413402.2574529
2005-04-20,9.4763076689411,9.4763076689411,9.2396565956488,9.2753509974399,1590396.7928137
2005-04-21,9.3239740801948,9.5279735130948,9.3239740801948,9.5219979696248,2932603.0340154
2005-04-22,9.4507435852208,9.4941731997246,9.3439169982787,9.4099901343569,1300800.9144323
2005-04-25,9.4597741100149,9.5219979696248,9.4407965660295,9.4763076689411,1575198.6638977
2005-04-26,9.4407965660295,9.5493339425131,9.3997376170332,9.4099901343569,1077003.3106302
2005-04-27,9.3493426451103,9.4892974495313,9.3493426451103,9.4453668180903,853401.28903852
2005-04-28,9.4051632638648,9.4597741100149,9.3493426451103,9.3493426451103,720998.67930559
2005-04-29,9.4453668180903,9.4651386572201,9.3155545516655,9.4354320188243,847401.25235901
2005-05-02,9.4803891239902,9.5125397474453,9.3997376170332,9.42536280038,632402.39301661
2005-05-03,9.4199371535483,9.5219979696248,9.4199371535483,9.4892974495313,569996.11953329
2005-05-04,9.5125397474453,9.5968572319912,9.4763076689411,9.5534764971886,830997.71509212
2005-05-05,9.5534764971886,9.6128408942791,9.5036314219041,9.5379816319126,1439198.6508311
2005-05-06,9.5754968025729,9.6014885836786,9.5493339425131,9.5640956122713,701601.67038381
2005-05-09,9.5913582656078,9.6222380168321,9.5219979696248,9.6074641271486,543193.99169267
2005-05-10,9.5812401674623,9.586543615041,9.4763076689411,9.5036314219041,691397.02534923
2005-05-11,9.5036314219041,9.5812401674623,9.42536280038,9.5493339425131,3711005.5012312
2005-05-12,9.5701322553678,9.6507837623248,9.5219979696248,9.5586577455143,602397.29960539
2005-05-13,9.6222380168321,9.7301521771256,9.5812401674623,9.6786085322249,3715997.3484414
2005-05-16,9.6928203053448,9.7752437014698,9.6548774372991,9.7712722257484,1432407.2836184
2005-05-17,9.7450360461368,9.8297812280681,9.6815901939973,9.8044004432272,841397.94233706
2005-05-18,9.8102537874443,9.9757726755856,9.8102537874443,9.9455650202526,2767606.1170068
2005-05-19,9.9811983224172,10.02024098374,9.9455650202526,9.9999925675233,1722593.1819734
2005-05-20,9.9555731390704,10.043422182027,9.9555731390704,10.014387639523,940804.44201071
2005-05-23,10.039157428099,10.090884371879,10.02024098374,10.049348845796,2038404.4415644
2005-05-24,10.029882504799,10.105597161936,10.00480721809,10.100342594058,1684598.678019
2005-05-25,10.074778510338,10.074778510338,9.9999925675233,10.054163496363,2171191.6690332
2005-05-26,10.105597161936,10.18386578346,10.105597161936,10.168065420052,1561400.7072074
2005-05-27,10.200093844254,10.200093844254,10.121092027212,10.154281344317,894997.28800465
2005-05-31,10.164399442463,10.164399442463,10.090884371879,10.090884371879,943396.92921757
2005-06-01,10.100342594058,10.225535728721,10.078994384565,10.18984132693,1676798.3030014
2005-06-02,10.179222211847,10.23559272724,10.084969928035,10.23559272724,918798.57916991
2005-06-03,10.214794414385,10.220158961591,10.105597161936,10.127067570682,1169800.9319318
2005-06-06,10.149576673078,10.149576673078,10.059405844315,10.110961709141,3477999.1668298
2005-06-07,10.130550249391,10.214794414385,10.064110515554,10.069475062759,2060397.2110354
2005-06-08,10.138896458369,10.144884221764,10.059405844315,10.090884371879,1197397.663648
2005-06-09,10.127067570682,10.164399442463,10.043422182027,10.138896458369,3505398.6796644
2005-06-10,10.144884221764,10.144884221764,10.025067854232,10.084969928035,905001.44081522
2005-06-13,10.049348845796,10.179222211847,10.049348845796,10.127067570682,1469400.9631238
2005-06-14,10.121092027212,10.149576673078,10.054163496363,10.064110515554,1080393.6750551
2005-06-15,10.138896458369,10.144884221764,9.9906565445967,10.127067570682,998402.17546009
2005-06-16,10.127067570682,10.168065420052,10.096261139009,10.144884221764,1186199.5591851
2005-06-17,10.214794414385,10.214794414385,10.127067570682,10.149576673078,1151191.9802008
2005-06-20,10.121092027212,10.200093844254,10.064110515554,10.13481500332,1397594.4685088
2005-06-21,10.159584791896,10.194668197422,10.127067570682,10.179222211847,1425799.223582
2005-06-22,10.18386578346,10.240358498106,10.154281344317,10.200093844254,1490398.6364953
2005-06-23,10.200093844254,10.299539596317,10.121092027212,10.121092027212,1735603.081473
2005-06-24,10.138896458369,10.138896458369,9.9757726755856,9.9952878962841,1546405.5255223
2005-06-27,9.9555731390704,10.00480721809,9.9004246162073,9.9153084852184,3075604.7265461
2005-06-28,9.9604000095625,10.054163496363,9.9503918907447,10.039157428099,1116398.8051458
2005-06-29,10.049348845796,10.096261139009,10.025067854232,10.054163496363,1177394.2680406
2005-06-30,10.078994384565,10.084969928035,9.9408114693122,9.9604000095625,1650794.8707144
2005-07-01,10.02024098374,10.039157428099,9.9604000095625,9.986012972984,1959997.2519334
2005-07-05,9.9200131564576,10.078994384565,9.9200131564576,10.049348845796,1272597.7960304
2005-07-06,10.034513856486,10.121092027212,10.025067854232,10.025067854232,1080797.9328455
2005-07-07,10.138896458369,10.138896458369,9.910677133531,10.043422182027,2298596.7032067
2005-07-08,10.059405844315,10.230900275926,10.034513856486,10.225535728721,2544395.2598359
2005-07-11,10.25042771655,10.330407127616,10.230900275926,10.330407127616,1587203.6472704
2005-07-12,10.425453706572,10.425453706572,10.299539596317,10.385066853467,1442201.1241776
2005-07-13,10.415323388501,10.459803916581,10.385066853467,10.429596261248,1377198.2718094
2005-07-14,10.524410661623,10.555339292549,10.47999123317,10.520133687769,2943798.6834715
2005-07-15,10.535323054913,10.544048081575,10.474504486712,10.514952439444,2910605.3545307
2005-07-18,10.535323054913,10.549901425792,10.43423983286,10.455099245341,2812399.3531943
2005-07-19,10.575526609138,10.630552932749,10.514952439444,10.610487815412,3799799.0064018
2005-07-20,10.47999123317,10.615913462243,10.438321287909,10.575526609138,2752592.9319383
2005-07-21,10.575526609138,10.589689502557,10.48469590441,10.505616416517,3232002.5729834
2005-07-22,10.529836308455,10.539844427273,10.449734698136,10.47999123317,2046591.0709891
2005-07-25,10.47999123317,10.539844427273,10.425453706572,10.425453706572,1495802.1065164
2005-07-26,10.524410661623,10.529836308455,10.464618567147,10.505616416517,1601396.8600595
2005-07-27,10.544048081575,10.635318703614,10.469372118088,10.575526609138,1823592.9810762
2005-07-28,10.575526609138,10.595603946401,10.529836308455,10.579681383739,3899598.3071674
2005-07-29,10.615913462243,10.624638488905,10.509697871566,10.524410661623,3616403.4499135
2005-08-01,10.565347411367,10.571322954836,10.499579773421,10.529836308455,1932797.4129872
2005-08-02,10.535323054913,10.664292146492,10.529836308455,10.635318703614,2161602.412376
2005-08-03,10.635318703614,10.715481413559,10.589689502557,10.704678999597,2641405.6728486
2005-08-04,10.659660794805,10.685224878525,10.579681383739,10.605795364098,2102397.467792
2005-08-05,10.600968493606,10.624638488905,10.539844427273,10.579681383739,2127798.6050714
2005-08-08,10.549901425792,10.605795364098,10.490060451615,10.494141906664,2301799.6687773
2005-08-09,10.539844427273,10.624638488905,10.539844427273,10.575526609138,1284394.1038229
2005-08-10,10.595603946401,10.644960224673,10.43423983286,10.455099245341,2003396.8625801
2005-08-11,10.464618567147,10.544048081575,10.444370150931,10.535323054913,1652200.7712894
2005-08-12,10.179222211847,10.438321287909,10.121092027212,10.395258271164,3060202.8320636
2005-08-15,10.385066853467,10.494141906664,10.374936535396,10.449734698136,1876000.0117626
2005-08-16,10.449734698136,10.449734698136,10.330407127616,10.349372451676,1096598.3567692
2005-08-17,10.374936535396,10.490060451615,10.374936535396,10.438321287909,2955596.6279353
2005-08-18,10.415323388501,10.449734698136,10.369694187444,10.369694187444,3182005.5406632
2005-08-19,10.415323388501,10.438321287909,10.380789879613,10.380789879613,995000.3543367
2005-08-22,10.374936535396,10.490060451615,10.360174865638,10.400011822105,1858598.1050537
2005-08-23,10.400011822105,10.449734698136,10.364390739865,10.395258271164,3016003.7075277
2005-08-24,10.385066853467,10.48469590441,10.324541563473,10.330407127616,2099994.8344463
2005-08-25,10.354871418059,10.374936535396,10.335160678556,10.335160678556,1545601.1016194
2005-08-26,10.499579773421,10.499579773421,10.281356347476,10.299539596317,3208002.4262653
2005-08-29,10.290081374137,10.400011822105,10.25042771655,10.369694187444,922797.78528731
2005-08-30,10.313995767942,10.369694187444,10.281356347476,10.369694187444,1775609.0543523
2005-08-31,10.335160678556,10.449734698136,10.324541563473,10.425453706572,1711392.6225036
2005-09-01,10.429596261248,10.449734698136,10.374936535396,10.400011822105,932998.33864385
2005-09-02,10.415323388501,10.444370150931,10.354871418059,10.369694187444,988000.31154393
2005-09-06,10.4039221982,10.509697871566,10.395258271164,10.490060451615,1359401.9273373
2005-09-07,10.374936535396,10.505616416517,10.374936535396,10.490060451615,4555995.9368884
2005-09-08,10.499579773421,10.549901425792,10.469372118088,10.514952439444,980195.02651267
2005-09-09,10.529836308455,10.565347411367,10.494141906664,10.524410661623,2782003.0953623
2005-09-12,10.529836308455,10.589689502557,10.524410661623,10.549901425792,1168401.5780418
2005-09-13,10.579681383739,10.615913462243,10.520133687769,10.560703839754,2110404.8817185
2005-09-14,10.560703839754,10.579681383739,10.449734698136,10.449734698136,3189396.7478767
2005-09-15,10.469372118088,10.494141906664,10.400011822105,10.425453706572,2218800.7980485
2005-09-16,10.474504486712,10.505616416517,10.420761255258,10.490060451615,2217998.0108169
2005-09-19,10.48469590441,10.48469590441,10.380789879613,10.4039221982,2378403.2467277
2005-09-20,10.429596261248,10.520133687769,10.349372451676,10.364390739865,1873999.1812005
2005-09-21,10.340048648675,10.34541319588,10.230900275926,10.240358498106,1541406.3132917
2005-09-22,10.210040863445,10.299539596317,10.179222211847,10.281356347476,2168600.0001619
2005-09-23,10.245661945684,10.313995767942,10.210040863445,10.286170998042,1335597.3628296
2005-09-26,10.335160678556,10.374936535396,10.23559272724,10.271164929778,1636393.8006809
2005-09-27,10.286170998042,10.290081374137,10.205336192206,10.23559272724,1860196.3144966
2005-09-28,10.265128286682,10.324541563473,10.23559272724,10.299539596317,1955800.0085988
2005-09-29,10.286170998042,10.409958841296,10.23559272724,10.380789879613,1854599.7172719
2005-09-30,10.390553599925,10.455099245341,10.374936535396,10.449734698136,1342000.0206284
2005-10-03,10.425453706572,10.520133687769,10.425453706572,10.43423983286,2112598.8394842
2005-10-04,10.459803916581,10.48469590441,10.330407127616,10.340048648675,1570201.0883383
2005-10-05,10.34541319588,10.34541319588,10.18386578346,10.194668197422,3649195.7944063
2005-10-06,10.179222211847,10.230900275926,10.014387639523,10.078994384565,2504399.1069838
2005-10-07,10.100342594058,10.159584791896,10.084969928035,10.105597161936,1952802.4452659
2005-10-10,10.090884371879,10.138896458369,10.025067854232,10.034513856486,1884994.3384327
2005-10-11,10.025067854232,10.069475062759,9.9408114693122,9.9604000095625,1714802.6269831
2005-10-12,9.7502906140143,9.9906565445967,9.7502906140143,9.8949989693756,4101998.0714855
2005-10-13,9.8750438313664,9.9952878962841,9.8696181845347,9.9655812578883,5529598.4517412
2005-10-14,9.9906565445967,10.02024098374,9.9240946115066,10.00480721809,1950196.0463537
2005-10-17,10.014387639523,10.025067854232,9.9455650202526,9.9952878962841,2850600.0777219
2005-10-18,10.009634088582,10.02024098374,9.9655812578883,9.9757726755856,2856593.5677165
2005-10-19,9.8599766634758,10.100342594058,9.8599766634758,10.100342594058,4312391.3380248
2005-10-20,10.105597161936,10.164399442463,9.9906565445967,10.025067854232,3020001.2769739
2005-10-21,10.02024098374,10.144884221764,10.02024098374,10.084969928035,903600.45025393
2005-10-24,10.18386578346,10.214794414385,10.074778510338,10.214794414385,1982797.7186498
2005-10-25,10.25042771655,10.25042771655,10.049348845796,10.144884221764,1999400.1114695
2005-10-26,10.138896458369,10.240358498106,10.121092027212,10.121092027212,1976197.0236338
2005-10-27,10.13481500332,10.138896458369,10.009634088582,10.009634088582,1964994.8274928
2005-10-28,10.049348845796,10.116448455599,9.9811983224172,10.105597161936,2240600.4403161
2005-10-31,10.130550249391,10.271164929778,10.121092027212,10.210040863445,1962996.4519375
2005-11-01,10.18984132693,10.214794414385,10.159584791896,10.18984132693,3015398.1391777
2005-11-02,10.149576673078,10.330407127616,10.138896458369,10.305026342775,1356401.090662
2005-11-03,10.374936535396,10.425453706572,10.34541319588,10.400011822105,2678402.6256965
2005-11-04,10.400011822105,10.449734698136,10.349372451676,10.444370150931,1934997.9174377
2005-11-07,10.474504486712,10.499579773421,10.409958841296,10.464618567147,2171403.6179557
2005-11-08,10.400011822105,10.505616416517,10.400011822105,10.469372118088,1776602.5137807
2005-11-09,10.438321287909,10.505616416517,10.425453706572,10.459803916581,1887597.4640024
2005-11-10,10.47999123317,10.549901425792,10.4039221982,10.549901425792,2278599.0359484
2005-11-11,10.575526609138,10.600968493606,10.549901425792,10.575526609138,1777596.7915447
2005-11-14,10.600968493606,10.630552932749,10.544048081575,10.58547362833,7584199.3916636
2005-11-15,10.709505870089,10.709505870089,10.514952439444,10.549901425792,5602399.2241202
2005-11-16,10.499579773421,10.589689502557,10.499579773421,10.589689502557,2356597.8761109
2005-11-17,10.600968493606,10.726222727895,10.600968493606,10.715481413559,9563994.6369668
2005-11-18,10.798576905576,10.824006570118,10.726222727895,10.774173714759,2479800.7569361
2005-11-21,10.774173714759,10.7830820403,10.524410661623,10.768674748375,2490597.0586155
2005-11-22,10.750503719459,10.871480979895,10.745065852702,10.840540129044,2615601.91445
2005-11-23,10.871480979895,10.958596827334,10.846588992066,10.900454422773,4545396.8540906
2005-11-25,10.949260804407,11.00069446998,10.900454422773,10.930222160795,1201995.073095
2005-11-28,10.958596827334,10.969936918009,10.88983530769,10.88983530769,2189798.1657574
2005-11-29,10.900454422773,10.981228128983,10.881537978414,10.88983530769,3810799.0736475
2005-11-30,10.871480979895,10.939130486336,10.850670447115,10.856047214245,2797404.1715091
2005-12-01,10.949260804407,11.044001885231,10.925407510228,11.020454089185,4256996.5640328
2005-12-02,11.009651675222,11.07011586559,10.996539695379,11.009651675222,5788797.2539551
2005-12-05,11.020454089185,11.020454089185,10.914727295519,10.95309786095,4013193.1096164
2005-12-06,11.009651675222,11.07011586559,10.969936918009,10.969936918009,2684198.8968096
2005-12-07,11.00544802092,11.014539645341,10.910095943832,10.949260804407,3021399.8125284
2005-12-08,10.958596827334,10.96463347043,10.803391556143,10.871480979895,2264197.9659149
2005-12-09,10.871480979895,10.934926832034,10.840540129044,10.910095943832,2277198.0453872
2005-12-12,10.96463347043,10.975802482151,10.900454422773,10.939130486336,1893602.4106956
2005-12-13,10.920592859661,10.958596827334,10.877395423738,10.904120400362,2077198.4594079
2005-12-14,10.925407510228,10.944507253467,10.856047214245,10.920592859661,2580998.5932562
2005-12-15,10.934926832034,10.934926832034,10.850670447115,10.877395423738,1973398.3158537
2005-12-16,10.850670447115,10.850670447115,10.768674748375,10.7830820403,2159005.8334911
2005-12-19,10.774173714759,10.779477162337,10.635318703614,10.653929649841,3899005.0138514
2005-12-20,10.640194453808,10.664292146492,10.589689502557,10.615913462243,2371398.2939213
2005-12-21,10.650324771878,10.694622001078,10.600968493606,10.624638488905,1966203.5091862
2005-12-22,10.709505870089,10.709505870089,10.624638488905,10.675155660081,2098000.550569
2005-12-23,10.694622001078,10.735546530896,10.670402109141,10.694622001078,1482196.4586941
2005-12-27,10.726222727895,10.750503719459,10.595603946401,10.605795364098,2966595.8768455
2005-12-28,10.630552932749,10.635318703614,10.565347411367,10.579681383739,1814401.4355246
2005-12-29,10.600968493606,10.62049593423,10.514952439444,10.520133687769,3287400.6203179
2005-12-30,10.494141906664,10.494141906664,10.43423983286,10.449734698136,2059799.8260414
2006-01-03,10.499579773421,10.675155660081,10.420761255258,10.653929649841,5416600.2159505
2006-01-04,10.675155660081,10.779477162337,10.653929649841,10.779477162337,5459202.7677148
2006-01-05,10.735546530896,10.846588992066,10.735546530896,10.829444436875,2564405.2021282
2006-01-06,10.900454422773,11.009651675222,10.871480979895,11.00069446998,9017399.6424863
2006-01-09,11.009651675222,11.044001885231,10.958596827334,11.035215758943,4916798.469884
2006-01-10,10.981228128983,11.035215758943,10.958596827334,11.024486664532,4844798.0297299
2006-01-11,11.049439751988,11.154494449762,11.035215758943,11.12966356156,4684996.7254979
2006-01-12,11.13935396232,11.154494449762,11.054254402555,11.07011586559,3250798.1052331
2006-01-13,11.080857179925,11.100311300997,11.014539645341,11.065301215023,2902196.1378205
2006-01-17,11.311642689075,11.311642689075,10.914727295519,10.95309786095,4762793.4367651
2006-01-18,10.740373401388,10.860250868547,10.735546530896,10.824006570118,8722199.8018597
2006-01-19,10.88983530769,10.969936918009,10.835358880718,10.920592859661,7723399.0969584
2006-01-20,10.866043113138,10.900454422773,10.615913462243,10.635318703614,6537197.9011021
2006-01-23,10.670402109141,10.68045910766,10.58547362833,10.595603946401,3652398.7599769
2006-01-24,10.644960224673,10.715481413559,10.62049593423,10.630552932749,4566796.3302458
2006-01-25,10.675155660081,10.68045910766,10.58547362833,10.664292146492,3708804.9967807
2006-01-26,10.720907060391,10.768674748375,10.675155660081,10.735546530896,4260398.3851562
2006-01-27,10.850670447115,10.914727295519,10.793872234337,10.856047214245,4760193.5845378
2006-01-30,10.856047214245,10.914727295519,10.840540129044,10.88983530769,7540798.1443457
2006-01-31,10.88983530769,10.895212074821,10.798576905576,10.798576905576,2206800.7246895
2006-02-01,10.740373401388,10.88983530769,10.740373401388,10.866043113138,6163799.5464247
2006-02-02,10.840540129044,10.866043113138,10.709505870089,10.715481413559,4836403.5430607
2006-02-03,10.664292146492,10.699375552019,10.624638488905,10.640194453808,3067799.4415148
2006-02-06,10.635318703614,10.659660794805,10.560703839754,10.610487815412,2963198.1474001
2006-02-07,10.575526609138,10.644960224673,10.560703839754,10.579681383739,7051002.187761
2006-02-08,10.624638488905,10.798576905576,10.62049593423,10.7830820403,3871406.645464
2006-02-09,10.80906160148,10.871480979895,10.731281776968,10.735546530896,2608394.8327484
2006-02-10,10.735546530896,10.824006570118,10.670402109141,10.819253019177,4045998.547479
2006-02-13,10.750503719459,10.788446587505,10.68045910766,10.720907060391,3745601.4574046
2006-02-14,10.745065852702,10.900454422773,10.726222727895,10.866043113138,3486600.6924079
2006-02-15,10.866043113138,10.939130486336,10.856047214245,10.925407510228,4090804.0587006
2006-02-16,10.986592676188,11.044001885231,10.95309786095,11.024486664532,3170403.1784098
2006-02-17,11.00069446998,11.00069446998,10.939130486336,10.96463347043,2311000.2160205
2006-02-21,10.934926832034,10.95309786095,10.80906160148,10.846588992066,4018193.1401827
2006-02-22,10.829444436875,10.934926832034,10.793872234337,10.900454422773,3358802.8571424
2006-02-23,10.860250868547,10.925407510228,10.835358880718,10.846588992066,3354404.3032482
2006-02-24,10.850670447115,10.866043113138,10.798576905576,10.850670447115,2995998.675249
2006-02-27,10.840540129044,10.981228128983,10.840540129044,10.949260804407,5171399.0443153
2006-02-28,10.944507253467,10.949260804407,10.813827372346,10.824006570118,3014799.935848
2006-03-01,10.881537978414,11.080857179925,10.881537978414,11.039248334291,3393400.449987
2006-03-02,10.996539695379,11.090303182179,10.991297347427,11.065301215023,2490802.4608531
2006-03-03,10.939130486336,11.10989172243,10.939130486336,11.00069446998,3699600.3578594
2006-03-06,11.065301215023,11.085060834227,10.925407510228,10.95309786095,5595598.8552158
2006-03-07,10.904120400362,10.920592859661,10.813827372346,10.885692753015,2634999.7417074
2006-03-08,10.881537978414,10.934926832034,10.803391556143,10.877395423738,2818600.7004334
2006-03-09,10.934926832034,10.969936918009,10.80906160148,10.80906160148,2857198.317731
2006-03-10,10.829444436875,10.920592859661,10.7830820403,10.860250868547,5767996.7994652
2006-03-13,10.914727295519,10.95309786095,10.866043113138,10.900454422773,3341798.6615391
2006-03-14,10.885692753015,11.035215758943,10.871480979895,11.024486664532,3509597.5596702
2006-03-15,11.009651675222,11.114584173744,11.009651675222,11.090303182179,1737995.8947914
2006-03-16,11.114584173744,11.14966757927,11.00544802092,11.020454089185,3904200.626628
2006-03-17,11.030401108376,11.090303182179,11.00544802092,11.054254402555,1845398.351693
2006-03-20,11.07011586559,11.090303182179,11.039248334291,11.074930516156,888599.54021954
2006-03-21,11.07011586559,11.201406742975,11.009651675222,11.030401108376,3837198.5803689
2006-03-22,10.949260804407,11.049439751988,10.920592859661,11.035215758943,2426395.3568077
2006-03-23,11.020454089185,11.049439751988,10.958596827334,11.009651675222,1829798.4199934
2006-03-24,11.014539645341,11.074930516156,10.981228128983,11.044001885231,3206000.7773676
2006-03-27,11.00069446998,11.100311300997,11.00069446998,11.060107746772,1480402.6670408
2006-03-28,11.00069446998,11.095741048936,10.925407510228,10.934926832034,1453998.2503058
2006-03-29,10.975802482151,11.14966757927,10.95309786095,11.100311300997,2189798.1657574
2006-03-30,11.143569836547,11.215496316842,11.090303182179,11.135333606897,4259598.0529313
2006-03-31,11.164490348655,11.170417012423,11.07011586559,11.07011586559,3247001.8463466
2006-04-03,11.143569836547,11.225015638648,11.104588274851,11.135333606897,6607605.0418271
2006-04-04,11.124775591441,11.195907776592,11.104588274851,11.175781559629,3987192.9506719
2006-04-05,11.201406742975,11.273088824765,11.180474010942,11.268384153526,5473596.4727278
2006-04-06,11.235145956719,11.311642689075,11.201406742975,11.258815952018,3302797.6047866
2006-04-07,11.253378085261,11.311642689075,11.12966356156,11.12966356156,3346405.8910134
2006-04-10,11.12966356156,11.170417012423,11.090303182179,11.114584173744,2341195.9816285
2006-04-11,11.143569836547,11.164490348655,10.991297347427,11.014539645341,4942401.7360586
2006-04-12,11.030401108376,11.065301215023,11.00544802092,11.035215758943,5233999.2633378
2006-04-13,11.044001885231,11.10989172243,11.009651675222,11.049439751988,1794602.6238192
2006-04-17,11.044001885231,11.085060834227,10.895212074821,10.930222160795,5201798.5754897
2006-04-18,11.00069446998,11.159797897341,10.95309786095,11.14966757927,1702994.862492
2006-04-19,11.124775591441,11.170417012423,11.060107746772,11.13935396232,2348403.0633301
2006-04-20,11.135333606897,11.235145956719,11.10989172243,11.14966757927,4032002.5535715
2006-04-21,11.164490348655,11.185789678446,11.00069446998,11.030401108376,2783198.6836859
2006-04-24,11.00544802092,11.039248334291,10.95309786095,11.014539645341,1183405.7614186
2006-04-25,11.014539645341,11.049439751988,10.939130486336,11.009651675222,4229004.5762178
2006-04-26,11.049439751988,11.074930516156,11.00069446998,11.049439751988,4900598.6981836
2006-04-27,10.981228128983,11.195907776592,10.981228128983,11.159797897341,5294790.1423305
2006-04-28,11.049439751988,11.049439751988,10.904120400362,10.925407510228,5819999.5723611
2006-05-01,10.981228128983,10.981228128983,10.835358880718,10.835358880718,7702802.408035
2006-05-02,10.88983530769,10.934926832034,10.866043113138,10.885692753015,1752600.7303914
2006-05-03,10.871480979895,10.904120400362,10.80906160148,10.860250868547,1630802.1134699
2006-05-04,10.881537978414,10.939130486336,10.788446587505,10.900454422773,3366404.3766072
2006-05-05,10.944507253467,10.975802482151,10.914727295519,10.958596827334,2252398.3847799
2006-05-08,10.969936918009,11.00069446998,10.949260804407,10.975802482151,1530402.9727035
2006-05-09,11.014539645341,11.014539645341,10.895212074821,10.930222160795,3140396.4483274
2006-05-10,10.949260804407,10.975802482151,10.7830820403,10.813827372346,5227799.5527699
2006-05-11,10.761171714243,10.7830820403,10.549901425792,10.589689502557,5250994.4572494
2006-05-12,10.549901425792,10.58547362833,10.47999123317,10.490060451615,9414598.4699934
2006-05-15,10.459803916581,10.535323054913,10.390553599925,10.499579773421,5769198.9344737
2006-05-16,10.499579773421,10.505616416517,10.374936535396,10.400011822105,3114002.6699552
2006-05-17,10.349372451676,10.385066853467,10.25042771655,10.261095711334,3303004.6436955
2006-05-18,10.374936535396,10.374936535396,10.220158961591,10.225535728721,8081802.2699507
2006-05-19,10.240358498106,10.319238115895,10.168065420052,10.299539596317,4114797.6587338
2006-05-22,10.200093844254,10.281356347476,10.154281344317,10.210040863445,3216797.0790469
2006-05-23,10.324541563473,10.340048648675,10.13481500332,10.13481500332,2052198.3065766
2006-05-24,10.18386578346,10.265128286682,10.100342594058,10.23559272724,4181199.0466565
2006-05-25,10.324541563473,10.330407127616,10.23559272724,10.330407127616,2522399.2170224
2006-05-26,10.364390739865,10.395258271164,10.324541563473,10.380789879613,4045602.4730446
2006-05-30,10.309779893715,10.34541319588,10.173429967257,10.173429967257,1965205.1397441
2006-05-31,10.256342160394,10.275918480719,10.164399442463,10.214794414385,2706005.085762
2006-06-01,10.210040863445,10.400011822105,10.210040863445,10.390553599925,1342799.5345176
2006-06-02,10.43423983286,10.464618567147,10.309779893715,10.354871418059,3067399.2754024
2006-06-05,10.34541319588,10.34541319588,10.18984132693,10.200093844254,1464604.698124
2006-06-06,10.210040863445,10.230900275926,10.110961709141,10.200093844254,7301800.7749564
2006-06-07,10.149576673078,10.230900275926,10.059405844315,10.059405844315,3079596.567643
2006-06-08,10.309779893715,10.309779893715,9.8345958786349,10.009634088582,11834004.422371
2006-06-09,10.059405844315,10.100342594058,9.9555731390704,9.9703959084551,1643793.1912505
2006-06-12,9.9757726755856,9.9952878962841,9.784689703724,9.784689703724,1602603.9050816
2006-06-13,9.784689703724,9.9058502630389,9.7712722257484,9.7943312247829,3274798.2519512
2006-06-14,9.7610197084246,9.9004246162073,9.7610197084246,9.8599766634758,2461605.0646872
2006-06-15,9.9058502630389,10.13481500332,9.9058502630389,10.110961709141,3628796.3243644
2006-06-16,10.121092027212,10.138896458369,10.039157428099,10.096261139009,4521196.2151486
2006-06-19,10.116448455599,10.138896458369,10.009634088582,10.049348845796,2331796.5788324
2006-06-20,10.054163496363,10.116448455599,9.9952878962841,10.034513856486,2047198.2760104
2006-06-21,9.9999925675233,10.230900275926,9.9999925675233,10.164399442463,3030401.5042189
2006-06-22,10.200093844254,10.200093844254,10.025067854232,10.043422182027,1338999.183953
2006-06-23,10.02024098374,10.100342594058,9.9906565445967,10.014387639523,967800.51539048
2006-06-26,10.025067854232,10.100342594058,10.00480721809,10.034513856486,1923402.1018691
2006-06-27,10.074778510338,10.074778510338,9.9004246162073,9.9004246162073,2653206.8906549
2006-06-28,9.8750438313664,9.9655812578883,9.8599766634758,9.9655812578883,1739995.0886823
2006-06-29,9.9999925675233,10.220158961591,9.9999925675233,10.220158961591,2171799.6923901
2006-06-30,10.205336192206,10.205336192206,10.13481500332,10.164399442463,3577593.0653577
2006-07-03,10.144884221764,10.25042771655,10.144884221764,10.240358498106,822000.11507967
2006-07-05,10.205336192206,10.205336192206,10.078994384565,10.078994384565,1862598.9478423
2006-07-06,10.100342594058,10.149576673078,10.064110515554,10.090884371879,1589003.9856085
2006-07-07,10.090884371879,10.090884371879,9.9503918907447,9.9906565445967,1667596.1190869
2006-07-10,10.025067854232,10.039157428099,9.8345958786349,9.8750438313664,3933396.3861227
2006-07-11,9.8750438313664,9.9294591587118,9.7752437014698,9.9153084852184,4488203.3784317
2006-07-12,9.8599766634758,9.8856018468226,9.7089261668856,9.7344291509794,2064600.1827193
2006-07-13,9.42536280038,9.7450360461368,9.42536280038,9.5754968025729,3806597.7386349
2006-07-14,9.4453668180903,9.586543615041,9.4453668180903,9.5493339425131,1841198.6533516
2006-07-17,9.5326170847075,9.6180221426048,9.5326170847075,9.5812401674623,1976003.0780947
2006-07-18,9.5754968025729,9.6317451187128,9.4651386572201,9.6014885836786,4504999.7167906
2006-07-19,9.6128408942791,9.7658465789167,9.5913582656078,9.7391827019197,4155202.97939
2006-07-20,9.7248487295469,9.7799972524101,9.6014885836786,9.6014885836786,1419799.1869024
2006-07-21,9.5640956122713,9.6014885836786,9.4651386572201,9.4989389705903,2674403.4195791
2006-07-24,9.5701322553678,9.6744537576241,9.5279735130948,9.6460302113844,3586999.8331743
2006-07-25,9.6649344358181,9.7752437014698,9.6507837623248,9.7502906140143,3102801.2921498
2006-07-26,9.6744537576241,9.8345958786349,9.6744537576241,9.7752437014698,1477400.1936943
2006-07-27,9.8245266601906,9.8856018468226,9.7450360461368,9.7450360461368,1823403.9455507
2006-07-28,9.819101013359,9.9455650202526,9.8044004432272,9.9153084852184,1601396.8600595
2006-07-31,9.8495408472726,9.9555731390704,9.8495408472726,9.9004246162073,7261199.8720899
2006-08-01,9.8599766634758,9.8599766634758,9.7035493997551,9.7610197084246,2604997.103303
2006-08-02,9.8144085620451,9.9153084852184,9.7997079919134,9.879809602232,2071799.8994005
2006-08-03,9.8245266601906,9.9455650202526,9.7556551612194,9.910677133531,1288788.5660391
2006-08-04,9.9703959084551,10.039157428099,9.8102537874443,9.879809602232,1985003.9514496
2006-08-07,9.8245266601906,9.8750438313664,9.7997079919134,9.8447872963322,3739592.4190334
2006-08-08,9.8388117528622,9.8903553977629,9.7658465789167,9.8102537874443,2160195.6934654
2006-08-09,9.9999925675233,10.049348845796,9.8495408472726,9.8696181845347,3368395.387142
2006-08-10,9.819101013359,9.9240946115066,9.819101013359,9.910677133531,1538596.148813
2006-08-11,9.8495408472726,9.8856018468226,9.8144085620451,9.8552842121619,2045399.5743435
2006-08-14,9.9348970254687,10.029882504799,9.9153084852184,9.9408114693122,1683000.4685762
2006-08-15,10.049348845796,10.179222211847,10.034513856486,10.168065420052,2995400.4719194
2006-08-16,10.275918480719,10.34541319588,10.194668197422,10.330407127616,8387995.6311382
2006-08-17,10.324541563473,10.43423983286,10.313995767942,10.374936535396,3681204.1733864
2006-08-18,10.299539596317,10.438321287909,10.290081374137,10.415323388501,1528401.3238057
2006-08-21,10.385066853467,10.385066853467,10.313995767942,10.34541319588,3181604.5562152
2006-08-22,10.319238115895,10.43423983286,10.305026342775,10.349372451676,2045603.3399099
2006-08-23,10.230900275926,10.425453706572,10.230900275926,10.299539596317,4995396.3317117
2006-08-24,10.438321287909,10.438321287909,10.281356347476,10.340048648675,2274402.6109495
2006-08-25,10.340048648675,10.420761255258,10.319238115895,10.369694187444,1923801.449646
2006-08-28,10.400011822105,10.474504486712,10.354871418059,10.464618567147,2761991.5163988
2006-08-29,10.48469590441,10.560703839754,10.4039221982,10.560703839754,3533994.5991583
2006-08-30,10.571322954836,10.650324771878,10.544048081575,10.635318703614,4024202.9968895
2006-08-31,10.675155660081,10.675155660081,10.58547362833,10.595603946401,2216803.2408289
2006-09-01,10.659660794805,10.675155660081,10.589689502557,10.640194453808,8053201.4404432
2006-09-05,10.640194453808,10.704678999597,10.575526609138,10.694622001078,4920999.8048967
2006-09-06,10.565347411367,10.635318703614,10.509697871566,10.520133687769,2666999.1189959
2006-09-07,10.464618567147,10.539844427273,10.415323388501,10.459803916581,3678200.8817043
2006-09-08,10.455099245341,10.555339292549,10.455099245341,10.544048081575,3789605.8180657
2006-09-11,10.474504486712,10.664292146492,10.474504486712,10.635318703614,6408809.2275276
2006-09-12,10.600968493606,10.835358880718,10.600968493606,10.819253019177,2847194.983256
2006-09-13,10.813827372346,10.840540129044,10.756357063676,10.819253019177,3399597.7055481
2006-09-14,10.750503719459,10.881537978414,10.750503719459,10.846588992066,2958602.3746243
2006-09-15,10.934926832034,10.949260804407,10.835358880718,10.850670447115,13820005.106592
2006-09-18,10.798576905576,10.925407510228,10.774173714759,10.846588992066,2346205.832222
2006-09-19,10.860250868547,10.866043113138,10.690100628719,10.793872234337,7065797.6955577
2006-09-20,10.885692753015,10.975802482151,10.798576905576,10.969936918009,5118598.3942014
2006-09-21,10.969936918009,11.00069446998,10.846588992066,10.866043113138,3908802.9460887
2006-09-22,10.824006570118,10.850670447115,10.779477162337,10.798576905576,6683005.6664334
2006-09-25,10.866043113138,11.020454089185,10.846588992066,10.996539695379,3340598.1632018
2006-09-26,11.049439751988,11.07011586559,10.958596827334,11.065301215023,5044996.4712619
2006-09-27,11.100311300997,11.12966356156,10.944507253467,10.981228128983,10624199.972567
2006-09-28,11.00069446998,11.039248334291,10.944507253467,11.035215758943,4533400.054074
2006-09-29,11.039248334291,11.074930516156,10.981228128983,11.00069446998,2373397.4878122
2006-10-02,10.975802482151,11.035215758943,10.920592859661,10.920592859661,8348396.3710562
2006-10-03,10.877395423738,11.009651675222,10.846588992066,10.981228128983,4122807.5276671
2006-10-04,10.958596827334,11.175781559629,10.95309786095,11.14966757927,12510402.174357
2006-10-05,11.164490348655,11.175781559629,11.104588274851,11.143569836547,3415601.8950382
2006-10-06,11.100311300997,11.159797897341,10.549901425792,11.14966757927,3298198.5586684
2006-10-09,11.114584173744,11.205488198024,11.100311300997,11.180474010942,1050202.8194608
2006-10-10,11.190543229387,11.205488198024,11.124775591441,11.190543229387,3180405.6945491
2006-10-11,11.170417012423,11.249724327598,11.124775591441,11.185789678446,2959002.5407368
2006-10-12,11.195907776592,11.36374845054,11.195907776592,11.351418545915,4867196.6936626
2006-10-13,11.36850200148,11.439573087004,11.341227128218,11.404196403271,5863397.5463366
2006-10-16,11.444998733836,11.478126951315,11.399369532779,11.399369532779,3802602.6241956
2006-10-17,11.351418545915,11.351418545915,11.229158193324,11.306766938882,14908195.064986
2006-10-18,11.356660893868,11.42968716744,11.235145956719,11.273088824765,7511394.5276065
2006-10-19,11.249724327598,11.331597827084,11.205488198024,11.311642689075,3963402.2978695
2006-10-20,11.321773007146,11.378693419177,11.278881069355,11.378693419177,3478997.5362718
2006-10-23,11.373866548685,11.483625917698,11.235145956719,11.450436600593,2603001.1827546
2006-10-24,11.434880635691,11.469890721665,11.326893155845,11.36850200148,4396995.7832169
2006-10-25,11.399369532779,11.478126951315,11.378693419177,11.469890721665,2662000.7251008
2006-10-26,11.46062801829,11.541157325994,11.420778841898,11.53108810755,4339797.3975443
2006-10-27,11.499059683348,11.499059683348,11.331597827084,11.378693419177,4705002.5761122
2006-10-30,11.311642689075,11.46062801829,11.268384153526,11.420778841898,4953006.5472056
2006-10-31,11.475145289543,11.493194119206,11.389178115082,11.444998733836,5646203.9108929
2006-11-01,11.499059683348,11.499059683348,11.326893155845,11.383996866756,6624000.3957379
2006-11-02,11.311642689075,11.36850200148,11.301573470631,11.316946136654,5608205.3152606
2006-11-03,11.351418545915,11.399369532779,11.253378085261,11.316946136654,3833800.032588
2006-11-06,11.36850200148,11.478126951315,11.335862581013,11.450436600593,3028998.0586508
2006-11-07,11.525051464454,11.57086396439,11.341227128218,11.509666578505,6572996.8106196
2006-11-08,11.509666578505,11.566709189789,11.409438751223,11.519796896576,5974800.8460268
2006-11-09,11.644867831986,11.644867831986,11.509666578505,11.515104445262,6209197.5326266
2006-11-10,11.389178115082,11.555430198741,11.389178115082,11.546399673947,3217795.448489
2006-11-13,11.575556415704,11.65449713312,11.546399673947,11.644867831986,4094797.5364687
2006-11-14,11.665055148576,11.759429631641,11.585564534522,11.729784092871,4866802.2558995
2006-11-15,11.640163160747,11.79567393007,11.640163160747,11.753454088171,3437398.2639633
2006-11-16,11.784871516108,11.830024140079,11.724480645293,11.800366381384,3245801.3480093
2006-11-17,11.748211740219,11.81934392537,11.739914410942,11.81934392537,3042192.0836622
2006-11-20,11.800366381384,11.860952771004,11.759429631641,11.81934392537,2804000.7748471
2006-11-21,11.850639154054,11.850639154054,11.790309382865,11.814468175176,2863200.8094173
2006-11-22,11.883339674147,11.90468788364,11.81934392537,11.90468788364,2136197.1834186
2006-11-24,11.835999683549,11.914818201711,11.773714724312,11.879136019845,847000.26791098
2006-11-27,11.800366381384,11.846007802367,11.575556415704,11.59928751063,6463406.1243016
2006-11-28,11.566709189789,11.665055148576,11.525051464454,11.659751700997,5880197.1580379
2006-11-29,11.735038660749,11.773714724312,11.680550013852,11.735038660749,6330799.7490022
2006-11-30,11.729784092871,11.809213607299,11.685804581729,11.759429631641,3430403.9495198
2006-12-01,11.701299447005,11.759429631641,11.555430198741,11.659751700997,5798803.0434369
2006-12-04,11.680550013852,11.850639154054,11.680550013852,11.809213607299,2833992.7748885
2006-12-05,11.773714724312,11.860952771004,11.773714724312,11.814468175176,2318196.6593593
2006-12-06,11.81934392537,11.855466024546,11.729784092871,11.739914410942,1949003.7313725
2006-12-07,11.769437750459,11.82531946884,11.674635570008,11.695922679875,3126199.9621959
2006-12-08,11.680550013852,11.76413430288,11.624729395097,11.695922679875,1630402.7656931
2006-12-11,11.690619232296,11.81934392537,11.624729395097,11.76413430288,1924204.8891008
2006-12-12,11.744606862256,11.784871516108,11.650904475082,11.724480645293,5996999.0177356
2006-12-13,11.81934392537,11.81934392537,11.665055148576,11.744606862256,2795399.249269
2006-12-14,11.744606862256,11.871449686834,11.701299447005,11.846007802367,2648997.3722861
2006-12-15,11.840753234489,11.850639154054,11.773714724312,11.779690267782,3691601.9456246
2006-12-18,11.803360263082,11.866867214848,11.680550013852,11.735038660749,4150201.3121525
2006-12-19,11.634981912421,11.720936866957,11.589780408749,11.659751700997,2978403.6413366
2006-12-20,11.710757669185,11.759429631641,11.65449713312,11.665055148576,2549806.9132131
2006-12-21,11.670431915706,11.685804581729,11.575556415704,11.608195836171,3646595.942179
2006-12-22,11.614000300687,11.619303748266,11.509666578505,11.519796896576,2810803.5987582
2006-12-26,11.488379468639,11.585564534522,11.488379468639,11.585564534522,1788190.9643288
2006-12-27,11.59453395969,11.685804581729,11.589780408749,11.670431915706,1813799.9588526
2006-12-28,11.670431915706,11.685804581729,11.624729395097,11.665055148576,2011602.3137237
2006-12-29,11.659751700997,11.744606862256,11.624729395097,11.629556265589,2130201.2384171
2007-01-03,11.680550013852,11.830024140079,11.551214324513,11.665055148576,9490206.9518442
2007-01-04,11.659751700997,11.875103444498,11.634981912421,11.846007802367,5766004.1522592
2007-01-05,11.759429631641,11.769437750459,11.674635570008,11.748211740219,3298198.5586684
2007-01-08,11.748211740219,11.82531946884,11.710757669185,11.784871516108,3558601.132562
2007-01-09,11.76413430288,11.835999683549,11.705503101307,11.800366381384,6937995.7686142
2007-01-10,11.759429631641,11.879136019845,11.729784092871,11.860952771004,5318602.8901942
2007-01-11,11.930251967361,12.00029657916,11.889315217617,11.980646939284,7240402.6909425
2007-01-12,11.989555264825,12.030553114194,11.919583972577,12.010353577679,6298997.5905953
2007-01-16,11.949840507611,12.024577570724,11.944537060032,11.985400490224,3113602.5038428
2007-01-17,11.935017738226,11.960398523067,11.809213607299,11.830024140079,3027202.6303263
2007-01-18,11.76413430288,11.809213607299,11.659751700997,11.695922679875,9660794.7377282
2007-01-19,11.624729395097,11.701299447005,11.614000300687,11.690619232296,4741406.2356442
2007-01-22,11.674635570008,11.695922679875,11.546399673947,11.603503384857,6799805.8894599
2007-01-23,11.575556415704,11.680550013852,11.561344642584,11.603503384857,2941598.9973566
2007-01-24,11.650904475082,11.814468175176,11.640163160747,11.814468175176,8762998.7419434
2007-01-25,11.860952771004,11.909453654506,11.670431915706,11.670431915706,3022398.1819704
2007-01-26,11.716733212655,11.753454088171,11.629556265589,11.674635570008,8580595.8265479
2007-01-29,11.695922679875,11.769437750459,11.674635570008,11.724480645293,4681004.0660654
2007-01-30,11.716733212655,11.79567393007,11.716733212655,11.79567393007,4996203.2106214
2007-01-31,11.773714724312,11.894142088109,11.705503101307,11.866867214848,3446804.2134442
2007-02-01,11.879136019845,11.90468788364,11.779690267782,11.814468175176,3014398.9514
2007-02-02,11.855466024546,11.875103444498,11.814468175176,11.875103444498,3043200.2731315
2007-02-05,11.800366381384,11.875103444498,11.800366381384,11.846007802367,2068999.5549491
2007-02-06,11.840753234489,11.871449686834,11.739914410942,11.830024140079,3391400.4377605
2007-02-07,11.900056531953,11.930251967361,11.840753234489,11.883339674147,3141193.5072098
2007-02-08,11.82531946884,11.914818201711,11.82531946884,11.900056531953,2740200.0574873
2007-02-09,11.914818201711,11.930251967361,11.710757669185,11.769437750459,3774802.1269129
2007-02-12,11.724480645293,11.759429631641,11.690619232296,11.720936866957,5192125.0302649
2007-02-13,11.759429631641,11.784871516108,11.724480645293,11.769437750459,3063469.6278117
2007-02-14,11.814468175176,11.939771289167,11.803360263082,11.930251967361,2036430.6160773
2007-02-15,11.949840507611,11.980646939284,11.909453654506,11.976626583861,6126597.1913391
2007-02-16,11.883339674147,11.949840507611,11.871449686834,11.949840507611,4092607.6703811
2007-02-20,11.894142088109,11.980646939284,11.855466024546,11.955632752202,2642400.7689482
2007-02-21,11.914818201711,11.960398523067,11.883339674147,11.935017738226,2329399.6738359
2007-02-22,12.010353577679,12.040072436,11.925437316794,12.00029657916,7157197.5996405
2007-02-23,11.971372015983,11.994858712403,11.935017738226,11.989555264825,2015800.3753939
2007-02-26,11.949840507611,12.019200803594,11.889315217617,11.960398523067,1975094.7255696
2007-02-27,11.759429631641,11.875103444498,11.389178115082,11.499059683348,9443002.0806193
2007-02-28,11.499059683348,11.634981912421,11.434880635691,11.525051464454,7235395.2953557
2007-03-01,11.36374845054,11.59928751063,11.195907776592,11.53584165849,7367071.2230686
2007-03-02,11.450436600593,11.515104445262,11.321773007146,11.321773007146,5225801.9955502
2007-03-05,11.229158193324,11.46062801829,11.229158193324,11.346726094602,2814390.3637291
2007-03-06,11.434880635691,11.519796896576,11.373866548685,11.519796896576,4353998.7936895
2007-03-07,11.455740048172,11.478126951315,11.373866548685,11.373866548685,3083799.5393268
2007-03-08,11.469890721665,11.53584165849,11.424322620234,11.469890721665,5549995.4667762
2007-03-09,11.546399673947,11.555430198741,11.404196403271,11.499059683348,2264598.9503629
2007-03-12,11.455740048172,11.585564534522,11.455740048172,11.57086396439,3186795.2589782
2007-03-13,11.519796896576,11.551214324513,11.351418545915,11.383996866756,3314202.7481585
2007-03-14,11.383996866756,11.493194119206,11.295597927161,11.488379468639,5799393.0634104
2007-03-15,11.488379468639,11.509666578505,11.424322620234,11.493194119206,4487394.0445152
2007-03-16,11.439573087004,11.525051464454,11.424322620234,11.475145289543,5810447.1408063
2007-03-19,11.53584165849,11.670431915706,11.515104445262,11.551214324513,1741001.6414804
2007-03-20,11.575556415704,11.644867831986,11.546399673947,11.624729395097,2582593.5293566
2007-03-21,11.644867831986,11.860952771004,11.59453395969,11.860952771004,1716697.8922517
2007-03-22,11.803360263082,11.82531946884,11.710757669185,11.814468175176,3448396.6945378
2007-03-23,11.773714724312,11.840753234489,11.753454088171,11.784871516108,2740200.0574873
2007-03-26,11.784871516108,11.81934392537,11.546399673947,11.800366381384,1917198.2996232
2007-03-27,11.769437750459,11.803360263082,11.748211740219,11.803360263082,3529725.3422902
2007-03-28,11.705503101307,11.739914410942,11.634981912421,11.670431915706,3974601.2206681
2007-03-29,11.701299447005,11.729784092871,11.561344642584,11.685804581729,5707998.0693413
2007-03-30,11.690619232296,11.720936866957,11.575556415704,11.659751700997,7634198.8789906
2007-04-02,11.695922679875,11.744606862256,11.624729395097,11.720936866957,3146600.2505733
2007-04-03,11.744606862256,11.866867214848,11.701299447005,11.814468175176,3981698.6453983
2007-04-04,11.803360263082,11.883339674147,11.800366381384,11.883339674147,4582005.9158602
2007-04-05,11.900056531953,11.935017738226,11.759429631641,11.930251967361,1319397.5911292
2007-04-09,11.930251967361,11.971372015983,11.900056531953,11.930251967361,1535466.8334472
2007-04-10,11.919583972577,11.949840507611,11.879136019845,11.919583972577,3884246.3311571
2007-04-11,11.949840507611,11.949840507611,11.79567393007,11.809213607299,4192088.6385951
2007-04-12,11.82531946884,11.935017738226,11.769437750459,11.935017738226,1541558.5237148
2007-04-13,11.860952771004,11.944537060032,11.79567393007,11.944537060032,2226354.8540481
2007-04-16,11.955632752202,12.044703787688,11.949840507611,12.044703787688,2643270.6596998
2007-04-17,12.019200803594,12.070206771782,11.985400490224,12.070206771782,2745679.63272
2007-04-18,11.949840507611,12.075571318987,11.949840507611,12.040072436,2132785.5422679
2007-04-19,11.944537060032,12.075571318987,11.930251967361,12.044703787688,3559033.2137632
2007-04-20,12.130108845585,12.163909158955,12.070206771782,12.114797279189,1973157.7251849
2007-04-23,12.09918021466,12.134935716077,12.055384002397,12.088695518755,3213600.6601612
2007-04-24,12.185880584638,12.200214557011,12.075571318987,12.154512036402,5703803.2810135
2007-04-25,12.163909158955,12.260617647752,12.140239163656,12.243998549349,3426746.8076866
2007-04-26,12.233856011353,12.335403590567,12.205456904964,12.315240713827,1438276.3866006
2007-04-27,12.255363079874,12.350311899428,12.255363079874,12.304364980313,1809713.1908251
2007-04-30,12.294466840823,12.355566467306,12.210943651422,12.210943651422,1851409.8450711
2007-05-01,12.243998549349,12.269538193218,12.169896922351,12.269538193218,6200069.8172525
2007-05-02,12.289090073693,12.389782258136,12.279680731215,12.335403590567,2659984.3461622
2007-05-03,12.398825002856,12.465301396469,12.350311899428,12.454670061461,2137033.5224102
2007-05-04,12.500250382817,12.515769687943,12.434995981733,12.505016153682,5899406.7681054
2007-05-07,12.475199535959,12.521146455074,12.465301396469,12.491940833615,1270517.5869142
2007-05-08,12.448804497318,12.545464106414,12.438661959322,12.540576136295,3855203.6004211
2007-05-09,12.475199535959,12.589944634493,12.448804497318,12.524568034157,11250001.670568
2007-05-10,12.521146455074,12.578457904714,12.413122315452,12.459313633073,4766395.7501126
2007-05-11,12.434995981733,12.595199202371,12.434995981733,12.595199202371,5076399.281892
2007-05-14,12.630759184983,12.630759184983,12.491940833615,12.535321568418,1408004.5157811
2007-05-15,12.550718674291,12.630759184983,12.486564066485,12.515769687943,6864198.2634644
2007-05-16,12.535321568418,12.6252602186,12.480698502342,12.6252602186,1182602.1558513
2007-05-17,12.6252602186,12.646034091604,12.558417227228,12.589944634493,1020802.4760641
2007-05-18,12.635524955849,12.660942400466,12.558417227228,12.655810031841,2826397.8021086
2007-05-21,12.684771254794,12.77446550647,12.646034091604,12.709699902399,2453042.0008828
2007-05-22,12.573814333102,12.77446550647,12.573814333102,12.69491379279,3869504.8335105
2007-05-23,12.729251782873,12.760045994621,12.641634918497,12.650922061723,7728293.5622312
2007-05-24,12.620005650722,12.69491379279,12.444527523465,12.491940833615,9670463.3729394
2007-05-25,12.515769687943,12.605341740367,12.491940833615,12.595199202371,3945604.3167262
2007-05-29,12.584567867363,12.69491379279,12.573814333102,12.669862945932,4741596.9078409
2007-05-30,12.573814333102,12.78020887136,12.535321568418,12.765422761751,4505598.7384558
2007-05-31,12.815768853973,12.849129250032,12.78020887136,12.825911391969,4341565.8207937
2007-06-01,12.883956037127,12.914383651116,12.796216973498,12.825911391969,4135803.5154613
2007-06-04,12.78558563849,12.874546694649,12.78020887136,12.869780923783,2835071.3412202
2007-06-05,12.806237312241,12.844485678419,12.744037892482,12.825911391969,2752200.1308463
2007-06-06,12.770799528881,12.78558563849,12.674628716798,12.674628716798,4098001.320375
2007-06-07,12.655810031841,12.729251782873,12.465301396469,12.495484611951,4947510.6052608
2007-06-08,12.475199535959,12.714832271023,12.475199535959,12.669862945932,3353396.1137789
2007-06-11,12.660942400466,12.734628550004,12.635524955849,12.69491379279,2245197.8497631
2007-06-12,12.605341740367,12.69491379279,12.535321568418,12.545464106414,2872092.0258007
2007-06-13,12.599231777718,12.70481193228,12.550718674291,12.70481193228,3107204.7560577
2007-06-14,12.69491379279,12.8354429337,12.69491379279,12.825911391969,1699238.7020502
2007-06-15,12.888721807993,12.93931229872,12.865015152918,12.888721807993,1735603.081473
2007-06-18,12.969495514203,12.969495514203,12.860249382052,12.924403989859,1316341.1076325
2007-06-19,12.849129250032,12.944444667345,12.844485678419,12.919638218993,2616697.6658295
2007-06-20,12.975483277598,12.975483277598,12.77446550647,12.844485678419,2223787.7352451
2007-06-21,12.765422761751,12.914383651116,12.738661125352,12.908884684732,3145628.0678707
2007-06-22,12.77446550647,12.894098575123,12.714832271023,12.765422761751,3794004.3719599
2007-06-25,12.770799528881,12.854994814174,12.655810031841,12.719720241142,2923239.6379861
2007-06-26,12.796216973498,12.796216973498,12.641634918497,12.674628716798,4165905.1724743
2007-06-27,12.641634918497,12.8354429337,12.609985311979,12.801593740629,8159393.5789803
2007-06-28,12.806237312241,12.914383651116,12.806237312241,12.844485678419,3403597.7300011
2007-06-29,12.888721807993,12.924403989859,12.714832271023,12.801593740629,2804720.9101823
2007-07-02,12.840330903819,12.928680963712,12.840330903819,12.908884684732,3355842.1189119
2007-07-03,12.949332637464,13.031817133215,12.944444667345,13.00028972595,3112891.3701993
2007-07-05,13.021063598954,13.414422994249,12.985014819329,13.051980009954,6720269.3966896
2007-07-06,13.070920894164,13.12432196771,13.036460704828,13.075686665029,5459426.9916714
2007-07-09,13.10000431637,13.154627382445,13.060778356168,13.149739412326,2020955.8897258
2007-07-10,13.026318166832,13.114790425978,12.975483277598,13.00028972595,4268382.8856857
2007-07-11,12.980860044729,13.10000431637,12.93931229872,13.075686665029,2182724.4727599
2007-07-12,13.105258884247,13.330105509703,13.095238545504,13.29454552709,2575649.9517208
2007-07-13,13.314708403829,13.495074501206,13.271327669027,13.324850941825,3358000.0699107
2007-07-16,13.309331636699,13.397192899581,13.276093439892,13.366154289328,2787039.1326954
2007-07-17,13.361510717715,13.463547093941,13.35100158196,13.409657223383,2627198.5483542
2007-07-18,13.309331636699,13.35100158196,13.18823217701,13.340125848446,3069796.9987345
2007-07-19,13.458292526063,13.510838204838,13.405502448782,13.448149988067,6020658.7368406
2007-07-20,13.409657223383,13.427987111328,13.280981410011,13.400614478664,3146437.4017873
2007-07-23,13.414422994249,13.468923861071,13.376907823589,13.418455569597,2205399.7341282
2007-07-24,13.276093439892,13.423343539715,13.194219940406,13.285624981624,3475837.9424885
2007-07-25,13.285624981624,13.400614478664,13.026318166832,13.299189098703,8055359.3914421
2007-07-26,13.299189098703,13.299189098703,12.874546694649,13.10000431637,5945500.3395743
2007-07-27,13.046725442077,13.105258884247,12.821145621103,12.821145621103,4118841.8733096
2007-07-30,12.874546694649,12.954587205341,12.78558563849,12.865015152918,3211080.1864879
2007-07-31,13.051980009954,13.051980009954,12.714832271023,12.77446550647,5476801.0749697
2007-08-01,12.78558563849,13.134831103465,12.630759184983,12.899597541507,19142107.199847
2007-08-02,12.888721807993,13.026318166832,12.860249382052,12.924403989859,10088789.170844
2007-08-03,12.954587205341,12.980860044729,12.674628716798,12.674628716798,5315892.5626598
2007-08-06,12.760045994621,12.880534458044,12.646034091604,12.874546694649,5016443.9235553
2007-08-07,12.840330903819,12.975483277598,12.689048228648,12.899597541507,6237127.3269354
2007-08-08,12.990147187954,13.10000431637,12.928680963712,13.10000431637,10571405.050802
2007-08-09,12.919638218993,13.199474508283,12.70481193228,12.801593740629,7373364.2238958
2007-08-10,12.614751082845,12.770799528881,12.465301396469,12.620005650722,9740782.9517543
2007-08-13,12.801593740629,12.840330903819,12.714832271023,12.796216973498,5321797.6724087
2007-08-14,12.806237312241,12.825911391969,12.475199535959,12.535321568418,3041598.7903462
2007-08-15,12.524568034157,12.6252602186,12.315240713827,12.376829137322,6147101.4083388
2007-08-16,12.284935299092,12.335403590567,11.949840507611,12.294466840823,8078793.2499193
2007-08-17,12.609985311979,12.614751082845,12.284935299092,12.413122315452,8014691.3850557
2007-08-20,12.515769687943,12.540576136295,12.39528122452,12.459313633073,4386403.247104
2007-08-21,12.418987879595,12.605341740367,12.418987879595,12.500250382817,5712641.3055824
2007-08-22,12.665341573573,12.69491379279,12.595199202371,12.665341573573,3990397.5529137
2007-08-23,12.723875015743,12.750025655877,12.630759184983,12.699557364403,3812596.1386432
2007-08-24,12.699557364403,12.903630116855,12.669862945932,12.880534458044,5134804.7125867
2007-08-27,12.815768853973,12.888721807993,12.810514286095,12.810514286095,2937599.7912392
2007-08-28,12.760045994621,12.770799528881,12.529944801287,12.578457904714,5599201.1685632
2007-08-29,12.6252602186,12.894098575123,12.6252602186,12.880534458044,6544403.3461326
2007-08-30,12.801593740629,13.026318166832,12.709699902399,12.934546527855,8625199.2088743
2007-08-31,13.075686665029,13.075686665029,12.93931229872,13.021063598954,9307199.2864342
2007-09-04,13.041226475693,13.303954869568,13.021063598954,13.219148588011,8888790.8366331
2007-09-05,13.170024488319,13.183588605398,13.031817133215,13.079230443365,4925996.5621205
2007-09-06,13.12969873484,13.154627382445,13.036460704828,13.144362645196,4577600.8152812
2007-09-07,12.93931229872,12.975483277598,12.801593740629,12.874546694649,9476004.7373635
2007-09-10,12.958619780689,13.00028972595,12.78020887136,12.849129250032,7000604.1709928
2007-09-11,12.928680963712,13.079230443365,12.924403989859,13.036460704828,4962392.8566319
2007-09-12,13.00028972595,13.109413658848,12.969495514203,13.00028972595,5576199.3912872
2007-09-13,13.070920894164,13.075686665029,12.985014819329,13.00028972595,3670798.2177922
2007-09-14,12.888721807993,12.995523955084,12.888721807993,12.934546527855,5792605.7878758
2007-09-17,12.928680963712,12.990147187954,12.880534458044,12.928680963712,1858495.8131027
2007-09-18,13.041226475693,13.18823217701,12.825911391969,13.183588605398,6788004.6716537
2007-09-19,13.260207537007,13.309331636699,13.183588605398,13.235156690149,4144600.6232498
2007-09-20,13.214016219386,13.330105509703,13.214016219386,13.285624981624,3706795.1645269
2007-09-21,13.309331636699,13.388272354114,13.299189098703,13.361510717715,7054003.0244363
2007-09-24,13.388272354114,13.484443166198,13.324850941825,13.324850941825,12530998.863281
2007-09-25,13.330105509703,13.500451268336,13.299189098703,13.458292526063,5933877.5189307
2007-09-26,13.678739978412,13.678739978412,13.474789425214,13.543098807621,7763599.0153769
2007-09-27,13.589901121507,13.589901121507,13.510838204838,13.533445066637,5407602.6159381
2007-09-28,13.684116745543,13.684116745543,13.45401555221,13.484443166198,5307206.7485141
2007-10-01,13.585624147653,13.684116745543,13.510838204838,13.630960070503,20283200.100306
2007-10-02,13.7359292288,13.7359292288,13.616051761641,13.678739978412,7112396.9984325
2007-10-03,13.611163791523,13.651122947242,13.500451268336,13.521102942087,4107399.9048354
2007-10-04,13.585624147653,13.585624147653,13.484443166198,13.553852341882,10153003.147686
2007-10-05,13.616051761641,13.7359292288,13.60652021991,13.700247046934,3861795.2937454
2007-10-08,13.689737911179,13.778576768085,13.678739978412,13.725175694539,1730606.3242491
2007-10-09,13.82000231484,13.854951301188,13.745338571278,13.824890284959,5415000.3698364
2007-10-10,13.990836870485,13.990836870485,13.814747746963,13.870592805568,3587340.2607873
2007-10-11,13.929126247738,14.004645386071,13.630960070503,13.719798927409,9814005.9853071
2007-10-12,13.755358910022,13.870592805568,13.7359292288,13.854951301188,4374999.7404034
2007-10-15,13.709778588666,13.889411490524,13.678739978412,13.755358910022,10146990.835972
2007-10-16,13.719798927409,13.798861844077,13.684116745543,13.755358910022,11204399.918799
2007-10-17,13.950511117007,13.950511117007,13.706112611077,13.870592805568,13161599.281288
2007-10-18,13.844808763192,13.921427694801,13.793973873959,13.905541791916,4794118.5055124
2007-10-19,13.905541791916,13.910063164276,13.543098807621,13.57560380891,6091799.1062705
2007-10-22,13.474789425214,13.675318399329,13.458292526063,13.660532289721,6714201.4381546
2007-10-23,13.798861844077,13.860328068319,13.689737911179,13.809981976097,12859799.563981
2007-10-24,13.875969572698,13.875969572698,13.427987111328,13.669941632199,11222600.521062
2007-10-25,13.759635883875,13.793973873959,13.56448367689,13.783220339698,6279202.0522323
2007-10-26,13.875969572698,14.104848773502,13.839676394568,13.96957420047,5234203.0289042
2007-10-29,14.009899953948,14.054991478292,13.955765684884,14.009899953948,5021397.3089919
2007-10-30,13.925704668655,14.090551460905,13.925704668655,14.034095406035,5466863.2073434
2007-10-31,14.224604041408,14.259064230744,14.054991478292,14.199064397538,7754970.4847238
2007-11-01,14.300611976752,14.300611976752,13.97372897507,14.044237944031,14404522.591493
2007-11-02,14.193809829661,14.193809829661,13.915439931406,14.077476140838,10665641.306103
2007-11-05,14.015276721079,14.113769318968,13.376907823589,14.054991478292,9410163.0909968
2007-11-06,14.185378081206,14.185378081206,13.945256549129,14.129655221854,6754398.0832307
2007-11-07,14.077476140838,14.081630915439,13.750470939903,13.750470939903,11671765.296362
2007-11-08,13.35637834909,13.700247046934,13.134831103465,13.260207537007,28626636.539241
2007-11-09,12.854994814174,13.205584470931,12.790962405621,12.985014819329,12803099.544694
2007-11-12,12.750025655877,13.065544127033,12.750025655877,12.77446550647,14527700.103914
2007-11-13,13.00028972595,13.276093439892,12.93931229872,13.209739245532,8955941.0016373
2007-11-14,13.500451268336,13.500451268336,13.041226475693,13.134831103465,12157440.93316
2007-11-15,12.995523955084,13.159393153311,12.924403989859,12.975483277598,7741338.6501619
2007-11-16,12.949332637464,13.183588605398,12.949332637464,13.159393153311,6969530.3312772
2007-11-19,13.154627382445,13.159393153311,12.883956037127,12.899597541507,9532320.1389148
2007-11-20,13.144362645196,13.144362645196,12.770799528881,13.010554463199,10510349.031072
2007-11-21,12.796216973498,13.010554463199,12.714832271023,12.765422761751,12597410.889566
2007-11-23,12.77446550647,12.949332637464,12.77446550647,12.888721807993,1764042.6988656
2007-11-26,13.041226475693,13.041226475693,12.595199202371,12.620005650722,5632138.3584587
2007-11-27,12.801593740629,12.8354429337,12.605341740367,12.760045994621,6740843.9905516
2007-11-28,13.041226475693,13.205584470931,12.908884684732,13.134831103465,8484525.681149
2007-11-29,13.194219940406,13.265339905631,13.114790425978,13.199474508283,9349373.0303398
2007-11-30,13.569738244768,13.569738244768,13.015809031077,13.12969873484,7207478.5944167
2007-12-03,13.170024488319,13.183588605398,13.026318166832,13.051980009954,5349252.8320647
2007-12-04,13.046725442077,13.109413658848,12.899597541507,13.00028972595,3942802.3356037
2007-12-05,13.219148588011,13.324850941825,13.12969873484,13.299189098703,7732260.0349243
2007-12-06,13.397192899581,13.479432996826,13.276093439892,13.433974874723,4543809.2830107
2007-12-07,13.56448367689,13.56448367689,13.409657223383,13.448149988067,5594455.6403711
2007-12-10,13.595888884902,13.595888884902,13.443384217202,13.515726174957,5049291.9148695
2007-12-11,13.678739978412,13.814747746963,13.303954869568,13.303954869568,7334397.5372389
2007-12-12,13.651122947242,13.675318399329,13.330105509703,13.533445066637,7625436.1412977
2007-12-13,13.525990912206,13.548964371764,13.409657223383,13.463547093941,5037512.7921247
2007-12-14,13.515726174957,13.529412491289,13.361510717715,13.382895586984,4216796.6456143
2007-12-17,13.265339905631,13.35100158196,13.084607210496,13.12432196771,3916633.5995238
2007-12-18,13.249576201999,13.249576201999,13.010554463199,13.12432196771,6774621.6111168
2007-12-19,13.229779923019,13.235156690149,13.084607210496,13.209739245532,3816590.434747
2007-12-20,13.397192899581,13.400614478664,13.235156690149,13.400614478664,3856033.3927279
2007-12-21,13.448149988067,13.525990912206,13.423343539715,13.510838204838,6097961.1734005
2007-12-24,13.636214638381,13.636214638381,13.533445066637,13.611163791523,1674009.4152486
2007-12-26,13.60114345278,13.714422160278,13.538210837503,13.684116745543,4802419.7019223
2007-12-27,13.60652021991,13.684116745543,13.443384217202,13.495074501206,3367349.5542347
2007-12-28,13.706112611077,13.706112611077,13.397192899581,13.427987111328,2125327.2315345
2007-12-31,13.495074501206,13.495074501206,13.276093439892,13.330105509703,3573245.2482712
2008-01-02,13.324850941825,13.361510717715,12.985014819329,13.060778356168,14921015.92896
2008-01-03,13.144362645196,13.144362645196,12.969495514203,13.079230443365,4021939.4805972
2008-01-04,12.854994814174,12.874546694649,12.500250382817,12.567948768959,7784046.7672197
2008-01-07,12.480698502342,12.589944634493,12.325138853318,12.459313633073,11198275.495107
2008-01-08,12.515769687943,12.6252602186,12.09918021466,12.130108845585,10590666.216013
2008-01-09,12.060748549602,12.320495281705,12.024577570724,12.299232611689,10639663.24222
2008-01-10,12.181114813773,12.459313633073,12.085151740419,12.320495281705,13048535.578649
2008-01-11,12.304364980313,12.309252950432,12.040072436,12.140239163656,6568570.4333147
2008-01-14,12.299232611689,12.424242447472,12.273815167072,12.386360679053,8270983.4591892
2008-01-15,12.289090073693,12.315240713827,12.085151740419,12.124805398007,7326171.627705
2008-01-16,11.994858712403,12.085151740419,11.784871516108,11.860952771004,13374711.877053
2008-01-17,11.909453654506,12.013775156762,11.65449713312,11.753454088171,11247004.107235
2008-01-18,11.759429631641,11.889315217617,11.551214324513,11.551214324513,9112076.98068
2008-01-22,10.25042771655,11.439573087004,9.879809602232,11.335862581013,17957490.301728
2008-01-23,11.00069446998,11.434880635691,10.653929649841,11.434880635691,16725202.899423
2008-01-24,11.509666578505,11.59928751063,11.335862581013,11.59928751063,8273524.3912528
2008-01-25,11.879136019845,11.879136019845,11.378693419177,11.420778841898,7827155.0503898
2008-01-28,11.373866548685,11.493194119206,11.28424561656,11.469890721665,5782593.4517091
2008-01-29,11.640163160747,11.640163160747,11.409438751223,11.57086396439,8515153.5279581
2008-01-30,11.475145289543,11.748211740219,11.475145289543,11.478126951315,10002101.243193
2008-01-31,11.301573470631,11.773714724312,11.301573470631,11.624729395097,12090494.533722
2008-02-01,11.790309382865,11.830024140079,11.614000300687,11.82531946884,6269759.277649
2008-02-04,11.846007802367,11.846007802367,11.580261086943,11.580261086943,3919807.1050125
2008-02-05,11.46062801829,11.493194119206,11.253378085261,11.290233379956,8288838.7238251
2008-02-06,11.306766938882,11.393393989309,11.104588274851,11.164490348655,12318886.273629
2008-02-07,11.00069446998,11.258815952018,10.930222160795,11.235145956719,9516784.8557282
2008-02-08,11.164490348655,11.26301960632,11.090303182179,11.14966757927,9563561.73743
2008-02-11,11.210131769637,11.373866548685,11.190543229387,11.346726094602,6383708.4194164
2008-02-12,11.488379468639,11.488379468639,11.278881069355,11.36850200148,9568087.9516791
2008-02-13,11.483625917698,11.674635570008,11.306766938882,11.629556265589,11514335.528723
2008-02-14,11.710757669185,11.710757669185,11.399369532779,11.399369532779,7289827.7066725
2008-02-15,11.278881069355,11.409438751223,11.278881069355,11.360754568842,4624606.8309533
2008-02-19,11.378693419177,11.493194119206,11.119411044236,11.253378085261,4624250.8549637
2008-02-20,11.190543229387,11.306766938882,11.060107746772,11.273088824765,11570186.115649
2008-02-21,11.383996866756,11.409438751223,11.119411044236,11.253378085261,6893508.5899442
2008-02-22,11.249724327598,11.249724327598,11.014539645341,11.244591958973,6007154.5626337
2008-02-25,11.205488198024,11.346726094602,11.154494449762,11.311642689075,4957119.5019725
2008-02-26,11.26301960632,11.478126951315,11.190543229387,11.439573087004,6198733.4752042
2008-02-27,11.409438751223,11.525051464454,11.273088824765,11.450436600593,5043819.7046573
2008-02-28,11.439573087004,11.515104445262,11.306766938882,11.306766938882,5409856.3122031
2008-02-29,11.244591958973,11.321773007146,11.074930516156,11.074930516156,8986838.0808615
2008-03-03,11.090303182179,11.124775591441,10.969936918009,11.07011586559,5839879.3992918
2008-03-04,10.949260804407,11.10989172243,10.866043113138,11.085060834227,8617677.0679634
2008-03-05,11.175781559629,11.258815952018,11.065301215023,11.164490348655,10598770.193541
2008-03-06,11.215496316842,11.215496316842,10.96463347043,11.009651675222,6034535.2537493
2008-03-07,10.866043113138,11.124775591441,10.846588992066,11.009651675222,9228662.7997772
2008-03-10,10.981228128983,11.039248334291,10.856047214245,10.88983530769,18617863.405834
2008-03-11,11.07011586559,11.273088824765,10.930222160795,11.273088824765,10623792.441434
2008-03-12,11.301573470631,11.335862581013,11.12966356156,11.159797897341,8805242.8627113
2008-03-13,10.991297347427,11.258815952018,10.920592859661,11.114584173744,7827018.3883432
2008-03-14,11.190543229387,11.253378085261,10.856047214245,10.975802482151,16473669.446852
2008-03-17,10.589689502557,11.054254402555,10.555339292549,10.925407510228,11431941.408009
2008-03-18,11.185789678446,11.414803298428,11.014539645341,11.414803298428,12224131.193552
2008-03-19,11.373866548685,11.393393989309,11.049439751988,11.074930516156,14822584.066996
2008-03-20,11.014539645341,11.268384153526,11.014539645341,11.195907776592,13974572.336273
2008-03-24,11.383996866756,11.650904475082,11.335862581013,11.589780408749,8101906.320838
2008-03-25,11.629556265589,11.634981912421,11.483625917698,11.59928751063,6624748.3544838
2008-03-26,11.580261086943,11.580261086943,11.351418545915,11.373866548685,12907698.383802
2008-03-27,11.36374845054,11.439573087004,11.219638871518,11.28424561656,14213225.186372
2008-03-28,11.360754568842,11.399369532779,11.170417012423,11.215496316842,8918502.147561
2008-03-31,11.258815952018,11.346726094602,11.180474010942,11.201406742975,11624359.932913
2008-04-01,11.46062801829,11.695922679875,11.373866548685,11.525051464454,15338088.036713
2008-04-02,11.685804581729,11.769437750459,11.546399673947,11.665055148576,7378921.5410113
2008-04-03,11.59453395969,11.701299447005,11.509666578505,11.659751700997,13018284.166219
2008-04-04,11.680550013852,11.724480645293,11.53584165849,11.619303748266,8162594.9078797
2008-04-07,11.665055148576,11.759429631641,11.603503384857,11.629556265589,3970523.4543323
2008-04-08,11.546399673947,11.589780408749,11.488379468639,11.561344642584,4400952.4358827
2008-04-09,11.57086396439,11.57086396439,11.383996866756,11.509666578505,3832098.7128585
2008-04-10,11.483625917698,11.680550013852,11.483625917698,11.603503384857,4426280.7412929
2008-04-11,11.493194119206,11.509666578505,11.273088824765,11.295597927161,14447756.898347
2008-04-14,11.295597927161,11.36850200148,11.235145956719,11.249724327598,4385797.6787539
2008-04-15,11.28424561656,11.311642689075,11.154494449762,11.249724327598,9011200.750254
2008-04-16,11.414803298428,11.710757669185,11.383996866756,11.710757669185,9298036.3826289
2008-04-17,11.59453395969,11.710757669185,11.499059683348,11.705503101307,5855360.6723282
2008-04-18,11.90468788364,11.976626583861,11.814468175176,11.909453654506,5527226.0968129
2008-04-21,11.879136019845,12.004500233462,11.850639154054,11.985400490224,10592154.768484
2008-04-22,11.965885269525,11.971372015983,11.800366381384,11.925437316794,10161972.105952
2008-04-23,11.935017738226,12.080337089852,11.919583972577,12.00029657916,7439606.0363749
2008-04-24,12.104618081417,12.284935299092,11.976626583861,12.145004934522,6629804.850207
2008-04-25,12.154512036402,12.196548579422,11.909453654506,12.00029657916,11315482.430931
2008-04-28,12.225668661404,12.225668661404,11.985400490224,12.00029657916,20443734.633243
2008-04-29,12.030553114194,12.154512036402,12.004500233462,12.114797279189,5817799.8862462
2008-04-30,12.149697385836,12.238743981471,11.900056531953,11.900056531953,6563456.6540989
2008-05-01,12.085151740419,12.424242447472,12.070206771782,12.398825002856,15186977.456641
2008-05-02,12.505016153682,12.505016153682,12.289090073693,12.39528122452,12982128.462377
2008-05-05,12.418987879595,12.444527523465,12.289090073693,12.340780357697,3072971.3225588
2008-05-06,12.299232611689,12.511003917078,12.23043443227,12.491940833615,6996775.9970175
2008-05-07,12.429619214603,12.521146455074,12.216076020046,12.269538193218,9409549.3392907
2008-05-08,12.320495281705,12.38171710744,12.233856011353,12.289090073693,14934022.555118
2008-05-09,12.238743981471,12.315240713827,12.145004934522,12.249253117226,5849608.591338
2008-05-12,12.299232611689,12.448804497318,12.260617647752,12.448804497318,3302129.8429303
2008-05-13,12.389782258136,12.459313633073,12.340780357697,12.448804497318,10993931.365384
2008-05-14,12.511003917078,12.655810031841,12.469456171069,12.475199535959,8451807.8051965
2008-05-15,12.486564066485,12.738661125352,12.469456171069,12.714832271023,5585935.1300183
2008-05-16,12.750025655877,12.750025655877,12.573814333102,12.684771254794,7263249.8027885
2008-05-19,12.738661125352,12.844485678419,12.630759184983,12.750025655877,8424284.723685
2008-05-20,12.6252602186,12.6252602186,12.418987879595,12.550718674291,6230351.5080993
2008-05-21,12.475199535959,12.550718674291,12.216076020046,12.220291894273,8440905.9382237
2008-05-22,12.260617647752,12.386360679053,12.249253117226,12.265383418618,5499692.3769386
2008-05-23,12.249253117226,12.299232611689,12.154512036402,12.238743981471,6048460.0524589
2008-05-27,12.220291894273,12.459313633073,12.220291894273,12.438661959322,5138379.2025234
2008-05-28,12.511003917078,12.524568034157,12.38171710744,12.511003917078,10008074.274798
2008-05-29,12.515769687943,12.669862945932,12.459313633073,12.599231777718,5021742.6466185
2008-05-30,12.660942400466,12.723875015743,12.6252602186,12.674628716798,5478876.3740721
2008-06-02,12.641634918497,12.646034091604,12.389782258136,12.495484611951,7097697.235902
2008-06-03,12.515769687943,12.620005650722,12.330026823436,12.424242447472,10135004.674319
2008-06-04,12.38171710744,12.558417227228,12.366930997832,12.448804497318,9887453.2428166
2008-06-05,12.524568034157,12.755402423008,12.500250382817,12.70481193228,7901397.7301105
2008-06-06,12.646034091604,12.646034091604,12.360821035183,12.360821035183,12720926.374594
2008-06-09,12.448804497318,12.448804497318,12.205456904964,12.335403590567,8162426.3307444
2008-06-10,12.163909158955,12.38171710744,12.149697385836,12.279680731215,8567639.9371985
2008-06-11,12.220291894273,12.233856011353,11.965885269525,11.965885269525,11444415.297685
2008-06-12,12.050007235267,12.175261469556,11.939771289167,12.09918021466,10050855.223725
2008-06-13,12.130108845585,12.299232611689,12.075571318987,12.23043443227,6462776.0058832
2008-06-16,12.200214557011,12.340780357697,12.140239163656,12.260617647752,4927131.5936091
2008-06-17,12.325138853318,12.335403590567,12.181114813773,12.210943651422,8099859.6634819
2008-06-18,12.130108845585,12.145004934522,12.010353577679,12.080337089852,8857996.04936
2008-06-19,12.010353577679,12.243998549349,11.914818201711,12.124805398007,12653528.2539
2008-06-20,12.070206771782,12.070206771782,11.784871516108,11.875103444498,12916177.159039
2008-06-23,11.875103444498,11.90468788364,11.720936866957,11.76413430288,8358294.1402377
2008-06-24,11.720936866957,11.875103444498,11.59928751063,11.748211740219,10971783.930483
2008-06-25,11.779690267782,12.034634569244,11.779690267782,11.850639154054,10264546.382765
2008-06-26,11.739914410942,11.76413430288,11.404196403271,11.624729395097,10697446.737852
2008-06-27,11.493194119206,11.53108810755,11.321773007146,11.469890721665,18809878.491283
2008-06-30,11.399369532779,11.525051464454,11.36850200148,11.455740048172,9531184.2890906
2008-07-01,11.321773007146,11.450436600593,11.205488198024,11.373866548685,18498651.54777
2008-07-02,11.444998733836,11.488379468639,11.201406742975,11.225015638648,13003356.088054
2008-07-03,11.273088824765,11.311642689075,11.114584173744,11.175781559629,8578401.0504466
2008-07-07,11.301573470631,11.444998733836,11.114584173744,11.301573470631,13705538.77672
2008-07-08,11.273088824765,11.424322620234,11.219638871518,11.414803298428,13348175.708286
2008-07-09,11.404196403271,11.404196403271,11.049439751988,11.074930516156,11885711.776113
2008-07-10,11.119411044236,11.229158193324,11.00069446998,11.215496316842,13040407.869388
2008-07-11,11.104588274851,11.268384153526,10.958596827334,11.10989172243,26645261.906214
2008-07-14,11.210131769637,11.273088824765,10.96463347043,11.024486664532,23666289.52163
2008-07-15,10.895212074821,11.185789678446,10.788446587505,11.00069446998,22237624.486748
2008-07-16,11.054254402555,11.239288511395,10.934926832034,11.159797897341,13718619.871417
2008-07-17,11.301573470631,11.409438751223,11.170417012423,11.273088824765,26019316.999482
2008-07-18,11.341227128218,11.399369532779,11.090303182179,11.399369532779,19338232.785057
2008-07-21,11.26301960632,11.268384153526,11.090303182179,11.175781559629,9950136.1137355
2008-07-22,10.949260804407,11.114584173744,10.877395423738,11.114584173744,15545409.271379
2008-07-23,11.201406742975,11.389178115082,11.143569836547,11.316946136654,16389239.307144
2008-07-24,11.360754568842,11.36374845054,11.024486664532,11.024486664532,12679939.21732
2008-07-25,11.180474010942,11.215496316842,11.07011586559,11.180474010942,20218607.234078
2008-07-28,11.185789678446,11.185789678446,10.934926832034,10.944507253467,10263057.011958
2008-07-29,11.00544802092,11.190543229387,11.00069446998,11.164490348655,8644305.7086551
2008-07-30,11.210131769637,11.258815952018,11.080857179925,11.239288511395,15122263.476742
2008-07-31,11.14966757927,11.321773007146,11.100311300997,11.175781559629,11852849.054757
2008-08-01,11.239288511395,11.239288511395,10.981228128983,11.049439751988,17579188.480086
2008-08-04,11.090303182179,11.135333606897,11.00069446998,11.104588274851,9051074.9711004
2008-08-05,11.135333606897,11.356660893868,11.085060834227,11.316946136654,9738117.6326783
2008-08-06,11.290233379956,11.475145289543,11.249724327598,11.475145289543,12255502.089093
2008-08-07,11.389178115082,11.53584165849,11.311642689075,11.455740048172,17817893.703663
2008-08-08,11.424322620234,11.705503101307,11.409438751223,11.674635570008,11781990.192777
2008-08-11,11.705503101307,11.894142088109,11.634981912421,11.748211740219,11214297.687981
2008-08-12,11.779690267782,11.840753234489,11.716733212655,11.773714724312,9625368.9892481
2008-08-13,11.76413430288,11.814468175176,11.624729395097,11.729784092871,9585710.8090023
2008-08-14,11.710757669185,11.875103444498,11.640163160747,11.81934392537,12528149.418693
2008-08-15,11.840753234489,11.914818201711,11.759429631641,11.866867214848,9372522.1080253
2008-08-18,11.879136019845,11.879136019845,11.619303748266,11.716733212655,9678497.791941
2008-08-19,11.629556265589,11.659751700997,11.483625917698,11.509666578505,10864738.267906
2008-08-20,11.575556415704,11.659751700997,11.488379468639,11.53584165849,11079324.686102
2008-08-21,11.483625917698,11.561344642584,11.409438751223,11.488379468639,8122210.0456137
2008-08-22,11.614000300687,11.739914410942,11.585564534522,11.650904475082,5864149.5967605
2008-08-25,11.614000300687,11.665055148576,11.475145289543,11.499059683348,13372495.005891
2008-08-26,11.499059683348,11.515104445262,11.383996866756,11.455740048172,12225244.948315
2008-08-27,11.499059683348,11.629556265589,11.444998733836,11.566709189789,7579597.0722029
2008-08-28,11.608195836171,11.716733212655,11.608195836171,11.634981912421,10645275.387821
2008-08-29,11.551214324513,11.589780408749,11.373866548685,11.373866548685,17844915.145447
2008-09-02,11.634981912421,11.665055148576,11.278881069355,11.311642689075,11437435.713282
2008-09-03,11.273088824765,11.316946136654,11.095741048936,11.159797897341,13318192.709936
2008-09-04,11.074930516156,11.085060834227,10.740373401388,10.761171714243,17807121.133716
2008-09-05,10.68045910766,10.840540129044,10.624638488905,10.761171714243,14408774.663313
2008-09-08,11.044001885231,11.044001885231,10.664292146492,10.88983530769,25334056.672859
2008-09-09,10.850670447115,10.975802482151,10.653929649841,10.699375552019,16326222.555297
2008-09-10,10.788446587505,10.788446587505,10.650324771878,10.650324771878,14895142.612035
2008-09-11,10.579681383739,10.824006570118,10.47999123317,10.824006570118,19512516.992883
2008-09-12,10.690100628719,10.877395423738,10.58547362833,10.877395423738,14367841.51619
2008-09-15,10.459803916581,10.720907060391,10.349372451676,10.349372451676,40395456.438739
2008-09-16,10.225535728721,10.544048081575,10.138896458369,10.544048081575,54853293.595108
2008-09-17,10.25042771655,10.330407127616,9.4199371535483,9.9604000095625,44263090.557049
2008-09-18,10.064110515554,10.385066853467,9.7556551612194,10.385066853467,45571925.072147
2008-09-19,11.114584173744,11.114584173744,10.425453706572,10.425453706572,22431597.030972
2008-09-22,10.524410661623,10.575526609138,10.127067570682,10.154281344317,17706354.560262
2008-09-23,10.205336192206,10.4039221982,10.029882504799,10.149576673078,33454213.514431
2008-09-24,10.168065420052,10.245661945684,10.064110515554,10.173429967257,14168505.600389
2008-09-25,10.23559272724,10.509697871566,10.179222211847,10.349372451676,29713797.849776
2008-09-26,10.084969928035,10.459803916581,10.069475062759,10.400011822105,33362501.824482
2008-09-29,10.159584791896,10.220158961591,9.4803891239902,9.4989389705903,41041412.106099
2008-09-30,9.5913582656078,9.9655812578883,9.5913582656078,9.9240946115066,20694519.308733
2008-10-01,9.8388117528622,9.8856018468226,9.6417532375306,9.8345958786349,26947388.139429
2008-10-02,9.6317451187128,9.6875046378408,9.3345809753521,9.4507435852208,21715739.135958
2008-10-03,9.5279735130948,9.7610197084246,9.2753509974399,9.3155545516655,26107497.571282
2008-10-06,9.075970696302,9.1358849900308,8.5302654923356,8.8001058827332,40746725.361899
2008-10-07,9.0249769480397,9.0356449428235,8.3505959307009,8.3505959307009,29728159.639701
2008-10-08,8.1500058569586,8.6744239510585,8.1446413097534,8.2751989916214,48608102.389089
2008-10-09,8.4393614680548,8.5654099974883,7.6482190645078,7.9982221648506,46290129.135351
2008-10-10,7.6310256296156,8.2905716576444,7.4697226157017,7.9514931705167,63060184.191125
2008-10-13,8.3890886953849,8.8790466001487,8.2243152226867,8.8790466001487,32870201.760936
2008-10-14,9.1940273945916,9.2249560255171,8.4655976476664,8.5810881616438,48833427.825472
2008-10-15,8.5106158524588,8.5254508417687,7.9192203478086,7.9364260026261,35791853.827842
2008-10-16,7.9565522195895,8.3505959307009,7.5751927909359,8.3505959307009,39838663.345909
2008-10-17,8.2092480547961,8.6447784122892,8.0663115886028,8.2691501285996,31264804.058088
2008-10-20,8.3985469175644,8.6001756849569,8.1904538096901,8.6001756849569,37734917.261034
2008-10-21,8.4655976476664,8.5208072701561,8.0994886857828,8.1500058569586,20009842.455399
2008-10-22,8.0711262391696,8.0711262391696,7.5260931310945,7.7265610055838,22789715.423173
2008-10-23,7.7633429807263,7.941240653193,7.4008388968052,7.8979210180168,37059492.510087
2008-10-24,7.1688924947521,7.7633429807263,7.145894595344,7.5307244827819,28272336.500988
2008-10-27,7.4483621862833,7.768646428305,7.29945017662,7.3753970123379,17504664.292916
2008-10-28,7.6150419673278,8.3985469175644,7.4784354224381,8.3985469175644,24177819.653633
2008-10-29,8.2751989916214,8.4334470242113,8.0609959210988,8.0753298934716,33117420.129845
2008-10-30,8.3256428432454,8.4561394254869,8.1393256422495,8.3747547230121,38308708.821119
2008-10-31,8.1904538096901,8.5106158524588,8.1761198373173,8.3256428432454,46909756.491187
2008-11-03,8.3457812801341,8.4187464540796,8.2592764289601,8.3256428432454,13548146.652518
2008-11-04,8.4803593174246,8.7254299192462,8.4187464540796,8.6744239510585,24448936.695645
2008-11-05,8.5058623015184,8.5712633417054,8.1340832942973,8.1500058569586,18080658.812458
2008-11-06,8.0551425768818,8.1109020960098,7.6394329382196,7.7004470252251,23824914.059257
2008-11-07,7.8042797304696,7.9673546335516,7.768646428305,7.9192203478086,18432223.154772
2008-11-10,8.1109020960098,8.1109020960098,7.7419947712333,7.8363081546718,12580270.031916
2008-11-11,7.7893958614585,7.8148377459258,7.564524796152,7.6631151534443,30540766.898669
2008-11-12,7.5355391333487,7.5700115426101,7.2857760802132,7.3042648271868,14836966.315311
2008-11-13,7.2857760802132,7.778165750111,6.9340744102542,7.758589429786,29438346.902383
2008-11-14,7.5848343119948,7.7840924138798,7.3493441316057,7.4067533406487,22159889.968987
2008-11-17,7.2817557247907,7.439942657754,7.1641878235129,7.1943954788459,19151292.198713
2008-11-18,7.2258740064097,7.3331160708119,6.9999031478266,7.2946844057544,16191801.929954
2008-11-19,7.2857760802132,7.3753970123379,6.8759320056934,6.8902048784397,16502109.064244
2008-11-20,6.7851501806656,7.1215525041534,6.5401528983958,6.5960346167768,38023378.926263
2008-11-21,6.6730812457713,6.944204728325,6.470719282861,6.944204728325,40298277.448591
2008-11-24,7.0853082057239,7.453005757896,7.0246729364026,7.2857760802132,23876810.448524
2008-11-25,7.443608635343,7.5307244827819,7.145894595344,7.3860161274205,25723323.373315
2008-11-26,7.1943954788459,7.6394329382196,7.1796949087142,7.6150419673278,17516667.639617
2008-11-28,7.4844842854598,7.6631151534443,7.4844842854598,7.6255877628587,3719267.4175319
2008-12-01,7.4844842854598,7.4892989360267,7.0698744400744,7.0752389872796,12595881.420315
2008-12-02,7.2045135769914,7.3541099024713,7.0752389872796,7.3226313749075,16009011.941816
2008-12-03,7.1688924947521,7.5503130230322,7.1493039545017,7.5355391333487,19319630.38001
2008-12-04,7.3807126798418,7.5307244827819,7.1255728595759,7.2311774539884,20124890.621888
2008-12-05,7.153519828729,7.5355391333487,7.0106933418634,7.5154129163853,20803326.029539
2008-12-08,7.69508247802,7.972108184492,7.6346182876528,7.8658925938147,18814214.851671
2008-12-09,7.7467483221736,8.0391589145939,7.7265610055838,7.8148377459258,16336540.130645
2008-12-10,7.85106982443,7.941240653193,7.7058726720568,7.7520028900511,13966397.163547
2008-12-11,7.6903167071543,7.8416116022505,7.5355391333487,7.5848343119948,35361755.453878
2008-12-12,7.364606818301,7.7733510995441,7.3541099024713,7.6731721519633,15702152.455443
2008-12-15,7.7467483221736,7.7467483221736,7.474476166642,7.5906387765107,11140262.047169
2008-12-16,7.6540846286502,7.9846213879956,7.6310256296156,7.9846213879956,19651138.953238
2008-12-17,7.85106982443,7.9461164033863,7.7211842384533,7.8315546037314,17125726.624506
2008-12-18,7.8570453679,7.870108468042,7.5751927909359,7.6102761964622,17686198.135896
2008-12-19,7.7105162436695,7.8042797304696,7.6346182876528,7.6346182876528,34642102.936647
2008-12-22,7.6427934176762,7.6731721519633,7.4008388968052,7.5307244827819,15815944.476774
2008-12-23,7.595392327451,7.6346182876528,7.4215761100334,7.4270139767903,11177481.587302
2008-12-24,7.4952133798702,7.5105860458932,7.4583703051012,7.474476166642,3326433.592159
2008-12-26,7.5063212919647,7.5355391333487,7.4637959519328,7.4637959519328,4247255.9152881
2008-12-29,7.5355391333487,7.5355391333487,7.3599632466884,7.4697226157017,6016234.8145425
2008-12-30,7.4892989360267,7.6346182876528,7.4892989360267,7.6102761964622,8545726.5462814
2008-12-31,7.6394329382196,7.7940272131459,7.6049727488835,7.7058726720568,8277240.4532497
2009-01-02,7.7520028900511,8.0343931437283,7.6903167071543,7.9934075142838,8959875.5592417
2009-01-05,7.9461164033863,8.0191426769582,7.860466946983,7.972108184492,12531881.847402
2009-01-06,8.0609959210988,8.2243152226867,8.0191426769582,8.1560425000551,16853650.493162
2009-01-07,8.029517393535,8.029517393535,7.8363081546718,7.893228566703,12421852.533198
2009-01-08,7.8416116022505,7.9673546335516,7.7940272131459,7.9514931705167,11421465.893888
2009-01-09,7.9514931705167,7.972108184492,7.7467483221736,7.7733510995441,7885508.9259412
2009-01-12,7.7995261795293,7.7995261795293,7.5751927909359,7.6346182876528,10259136.366059
2009-01-13,7.6582882829522,7.7058726720568,7.5407937012262,7.6002069780178,17308208.10012
2009-01-14,7.5154129163853,7.5557386698638,7.3280570217392,7.3699713655062,17026569.717193
2009-01-15,7.364606818301,7.4844842854598,7.1844484596545,7.4215761100334,15304460.171564
2009-01-16,7.5598812245393,7.580019661428,7.3129898538486,7.4697226157017,14892737.523683
2009-01-20,7.453005757896,7.4892989360267,7.1493039545017,7.1641878235129,33716153.740933
2009-01-21,7.3378818416776,7.5154129163853,7.2258740064097,7.5105860458932,11726301.636301
2009-01-22,7.3493441316057,7.4637959519328,7.2205583389057,7.3378818416776,14985839.56583
2009-01-23,7.2045135769914,7.580019661428,7.1943954788459,7.443608635343,14874799.60715
2009-01-26,7.4892989360267,7.6731721519633,7.4697226157017,7.5355391333487,14685508.76094
2009-01-27,7.5598812245393,7.6631151534443,7.5063212919647,7.580019661428,12281106.991939
2009-01-28,7.69508247802,7.8878029198713,7.6540846286502,7.7940272131459,14275701.018382
2009-01-29,7.7265610055838,7.7265610055838,7.5307244827819,7.564524796152,10149715.893548
2009-01-30,7.6049727488835,7.6049727488835,7.3378818416776,7.3378818416776,10150851.743372
2009-02-02,7.29945017662,7.5557386698638,7.2817557247907,7.453005757896,9861879.436724
2009-02-03,7.4892989360267,7.6394329382196,7.3954743496,7.6049727488835,12654415.3297
2009-02-04,7.6255877628587,7.8208132893958,7.5848343119948,7.6002069780178,11565837.480227
2009-02-05,7.5154129163853,7.8148377459258,7.4952133798702,7.7211842384533,17938886.26001
2009-02-06,7.778165750111,8.0551425768818,7.7555344484618,7.9846213879956,15333807.323147
2009-02-09,8.002853516538,8.0711262391696,7.9461164033863,8.002853516538,9213786.2767552
2009-02-10,7.9763240587193,8.0391589145939,7.6346182876528,7.6789766164792,17649999.060266
2009-02-11,7.6731721519633,7.7633429807263,7.6002069780178,7.69508247802,11356919.672789
2009-02-12,7.6255877628587,7.7467483221736,7.5005901470006,7.7318644531625,11572087.109267
2009-02-13,7.7211842384533,7.85106982443,7.69508247802,7.69508247802,7834318.7603042
2009-02-17,7.5005901470006,7.5200442680727,7.3753970123379,7.3753970123379,12475790.669807
2009-02-18,7.4784354224381,7.5005901470006,7.3171935081506,7.3807126798418,13326847.427328
2009-02-19,7.453005757896,7.453005757896,7.1943954788459,7.1990879301597,13666743.122205
2009-02-20,7.1255728595759,7.3171935081506,7.1060576388774,7.2715643070934,24569151.833165
2009-02-23,7.29945017662,7.3082974025347,6.9138137741126,6.9340744102542,28399206.343674
2009-02-24,6.9945874803226,7.2205583389057,6.9499969729156,7.1215525041534,16381357.098566
2009-02-25,7.1493039545017,7.3129898538486,7.0052065954052,7.1844484596545,36864260.547361
2009-02-26,7.2205583389057,7.3433074885092,7.1013529676382,7.1119720827209,14141838.497924
2009-02-27,7.0246729364026,7.2045135769914,7.0147259172112,7.0591942253652,13944888.848756
2009-03-02,6.9702453891319,7.0906238732279,6.8362172484797,6.8902048784397,14690394.224521
2009-03-03,6.9340744102542,6.9744001637327,6.7893049552664,6.8255370337706,14889493.641332
2009-03-04,6.9606771876247,7.1351532810084,6.9185795449783,7.0052065954052,12825862.367972
2009-03-05,6.9185795449783,7.0194794681516,6.7745432855082,6.7893049552664,13908594.846196
2009-03-06,6.9061885407276,6.9287098630491,6.5852322028146,6.8255370337706,46663124.050573
2009-03-09,6.6843113571188,6.8362172484797,6.5401528983958,6.6107351869085,18854974.511646
2009-03-10,6.6730812457713,7.0194794681516,6.6552768146143,6.9891618334909,49545712.867221
2009-03-11,7.0953774241682,7.2205583389057,7.0194794681516,7.145894595344,28460178.893172
2009-03-12,7.1844484596545,7.3753970123379,7.0953774241682,7.3493441316057,16178283.025706
2009-03-13,7.3699713655062,7.4008388968052,7.2507048946122,7.3493441316057,13471343.40068
2009-03-16,7.4115802111408,7.4483621862833,7.2613728893961,7.2857760802132,9802266.9610071
2009-03-17,7.3042648271868,7.5557386698638,7.2661997598882,7.5503130230322,11355048.957589
2009-03-18,7.5063212919647,7.778165750111,7.474476166642,7.6540846286502,21290160.429557
2009-03-19,7.7940272131459,7.8208132893958,7.62028431528,7.6731721519633,12461514.805122
2009-03-20,7.668418601023,7.7371679007412,7.474476166642,7.5200442680727,10531825.430775
2009-03-23,7.7058726720568,7.9673546335516,7.6310256296156,7.9673546335516,10849823.283111
2009-03-24,7.893228566703,7.972108184492,7.8315546037314,7.8363081546718,11959637.759953
2009-03-25,7.9133670035916,7.9982221648506,7.668418601023,7.8789556939566,18962609.37586
2009-03-26,7.989252739683,8.1048654529133,7.908601232726,8.0854602115424,16774424.149587
2009-03-27,8.0142669267649,8.0191426769582,7.893228566703,7.908601232726,12588866.647481
2009-03-30,7.7840924138798,7.7840924138798,7.5906387765107,7.6631151534443,12785403.037166
2009-03-31,7.7840924138798,7.9625277630595,7.758589429786,7.8097053773013,10078060.79102
2009-04-01,7.7211842384533,8.0391589145939,7.7004470252251,8.029517393535,12126709.157728
2009-04-02,8.1761198373173,8.4133696869491,8.1280466512008,8.2384658961801,14645790.842195
2009-04-03,8.2639077806474,8.3890886953849,8.2200993484594,8.3546896056752,30179776.966819
2009-04-06,8.2751989916214,8.3167956173307,8.1280466512008,8.2691501285996,30653926.346574
2009-04-07,8.17190396309,8.1997898326166,8.0343931437283,8.0391589145939,12568482.725816
2009-04-08,8.17190396309,8.2592764289601,8.1048654529133,8.1612359683061,10672708.452416
2009-04-09,8.3546896056752,8.4655976476664,8.3119809667639,8.3647588241196,30211556.211829
2009-04-13,8.3890886953849,8.4447993348117,8.2958751052231,8.3647588241196,11552647.546893
2009-04-14,8.3505959307009,8.3595042562421,8.229435371386,8.2751989916214,10869114.726739
2009-04-15,8.2092480547961,8.2691501285996,8.1340832942973,8.2484740149979,11346659.380933
2009-04-16,8.3595042562421,8.5350801429024,8.2958751052231,8.4959763819535,29552676.570208
2009-04-17,8.5000700569279,8.5254508417687,8.3944654625154,8.4803593174246,17963161.367493
2009-04-20,8.3457812801341,8.3505959307009,8.1904538096901,8.2092480547961,10751050.993534
2009-04-21,8.1815454841489,8.3647588241196,8.1560425000551,8.3505959307009,14618051.720083
2009-04-22,8.3214391889434,8.5545464838997,8.3011785528018,8.3890886953849,18245435.597188
2009-04-23,8.4508359779082,8.4608440967261,8.2537774625766,8.4283879751385,13642539.209921
2009-04-24,8.5000700569279,8.6239067798828,8.4283879751385,8.5491819366946,10391364.670308
2009-04-27,8.4845140920254,8.6339759983271,8.4709010952451,8.5106158524588,8749037.9364671
2009-04-28,8.4655976476664,8.5712633417054,8.3985469175644,8.5058623015184,14151458.032998
2009-04-29,8.5712633417054,8.7254299192462,8.5302654923356,8.6001756849569,11049275.402568
2009-04-30,8.7397027919925,8.835788064599,8.5961553295344,8.6239067798828,25428398.493453
2009-05-01,8.6530757415655,8.7397027919925,8.5545464838997,8.7397027919925,7022252.4211728
2009-05-04,8.8001058827332,8.9150953797734,8.7490999145455,8.8986229204737,9108621.1494065
2009-05-05,8.8506108339837,8.8748918255479,8.7746028986394,8.8458572830433,9088103.839037
2009-05-06,8.944875337721,8.944875337721,8.758680335978,8.8938082699069,14497650.82038
2009-05-07,8.9150953797734,8.9400484672289,8.5159926195892,8.5545464838997,36653065.311926
2009-05-08,8.6637437363494,8.6849208668882,8.4709010952451,8.5443550662024,13726039.720377
2009-05-11,8.4655976476664,8.658990185409,8.4508359779082,8.5712633417054,11391807.774775
2009-05-12,8.6286725507484,8.6447784122892,8.4803593174246,8.5254508417687,11605971.931797
2009-05-13,8.4757279657372,8.4959763819535,8.3119809667639,8.3119809667639,26420596.048332
2009-05-14,8.3694512754334,8.5000700569279,8.3457812801341,8.3985469175644,13505262.593305
2009-05-15,8.4757279657372,8.5302654923356,8.3985469175644,8.3985469175644,14036654.548856
2009-05-18,8.5000700569279,8.6286725507484,8.4508359779082,8.6286725507484,8680496.6009289
2009-05-19,8.59206165456,8.7490999145455,8.5764445900311,8.6797884982637,14238987.209654
2009-05-20,8.7397027919925,8.7799063462181,8.5810881616438,8.59206165456,17401498.359458
2009-05-21,8.5254508417687,8.5545464838997,8.3595042562421,8.4393614680548,12907326.0411
2009-05-22,8.4757279657372,8.5208072701561,8.3505959307009,8.4709010952451,10869324.220655
2009-05-26,8.3795815935042,8.7106071498615,8.3505959307009,8.6903465137199,11486633.231713
2009-05-27,8.6951122845855,8.8001058827332,8.6001756849569,8.6056135517139,15429633.604534
2009-05-28,8.7106071498615,8.7691039322559,8.5545464838997,8.7301834701865,12355737.562738
2009-05-29,8.7544644617507,8.8398817395734,8.6689983042269,8.8261465435401,10793971.877849
2009-06-01,8.944875337721,9.1002516878662,8.9150953797734,9.075970696302,15874169.873635
2009-06-02,9.014235633704,9.1494246672594,8.9858609671655,9.054622486809,13743973.545231
2009-06-03,9.0249769480397,9.0249769480397,8.8891035986677,8.9555433325049,11487668.426258
2009-06-04,9.0196612805357,9.1050174587318,9.0036165186213,9.0806753675412,18743505.745107
2009-06-05,9.164369635897,9.2034733968458,9.075970696302,9.1691354067626,19307798.883787
2009-06-08,9.0806753675412,9.164369635897,8.9595759078527,9.1157465531422,13437768.727345
2009-06-09,9.17376675845,9.2249560255171,9.0955592365523,9.1542515377515,12225393.885396
2009-06-10,9.2087890643498,9.2396565956488,9.0504677122082,9.17974230192,10699909.928033
2009-06-11,9.1851190690505,9.3155545516655,9.1542515377515,9.214153611555,12335487.029777
2009-06-12,9.1898726199908,9.2190415816736,9.0955592365523,9.1898726199908,11411041.93491
2009-06-15,9.119901327743,9.164369635897,9.0036165186213,9.0955592365523,13549315.235767
2009-06-16,9.119901327743,9.1406996405976,8.9595759078527,8.9804964199603,13601424.392292
2009-06-17,9.0036165186213,9.1002516878662,8.9400484672289,9.0302192959919,15442171.324388
2009-06-18,9.0302192959919,9.0652416018917,8.9697551056247,8.9899546421398,13542672.805635
2009-06-19,9.0302192959919,9.0854289184815,8.9804964199603,9.0599259343877,22896567.958546
2009-06-22,8.9751929723817,8.998862967681,8.8054704299384,8.835788064599,15364753.502507
2009-06-23,8.8506108339837,8.8706881712459,8.7640448831832,8.8398817395734,11561341.544395
2009-06-24,8.9193112540007,9.0356449428235,8.8938082699069,8.9650015546844,13363296.913654
2009-06-25,8.9193112540007,9.1251436756952,8.8748918255479,9.0955592365523,17386495.812753
2009-06-26,9.0652416018917,9.1251436756952,9.040899510701,9.0806753675412,17910356.625701
2009-06-29,9.1002516878662,9.2034733968458,9.0854289184815,9.17376675845,10662849.145008
2009-06-30,9.1940273945916,9.214153611555,9.040899510701,9.1050174587318,15497836.967466
2009-07-01,9.164369635897,9.2349030447085,9.1251436756952,9.1452821125838,22071346.056177
2009-07-02,9.054622486809,9.0599259343877,8.9150953797734,8.9150953797734,18547699.310784
2009-07-06,8.8748918255479,8.9400484672289,8.816089545021,8.8891035986677,11724556.944785
2009-07-07,8.9034497909658,8.9246758012059,8.6689983042269,8.6689983042269,8982452.620337
2009-07-08,8.705352581984,8.7254299192462,8.5764445900311,8.6744239510585,17221633.102784
2009-07-09,8.7199309528628,8.7746028986394,8.6849208668882,8.7301834701865,28062349.947246
2009-07-10,8.6999880347788,8.7847820964114,8.6637437363494,8.7640448831832,20055275.630032
2009-07-13,8.7544644617507,8.9294904517727,8.6530757415655,8.9294904517727,16473661.263495
2009-07-14,8.9150953797734,8.944875337721,8.8506108339837,8.9400484672289,13908035.10464
2009-07-15,9.0955592365523,9.2800434487538,9.075970696302,9.2753509974399,16612469.80437
2009-07-16,9.2491148178283,9.4199371535483,9.2190415816736,9.4099901343569,17033441.281296
2009-07-17,9.4099901343569,9.4989389705903,9.3708252737816,9.4989389705903,36895489.870842
2009-07-20,9.5493339425131,9.5968572319912,9.4989389705903,9.586543615041,41406080.456508
2009-07-21,9.6222380168321,9.6417532375306,9.5125397474453,9.6417532375306,31632960.154859
2009-07-22,9.6377328821081,9.7248487295469,9.6180221426048,9.6928203053448,14524478.316625
2009-07-23,9.6875046378408,9.9348970254687,9.6701890036956,9.8856018468226,26829267.12273
2009-07-24,9.7502906140143,9.8388117528622,9.6786085322249,9.8245266601906,21417218.489433
2009-07-27,9.8388117528622,9.8388117528622,9.7148406107291,9.8245266601906,11483440.08617
2009-07-28,9.7556551612194,9.8599766634758,9.6928203053448,9.8447872963322,11774966.418251
2009-07-29,9.7943312247829,9.8345958786349,9.7248487295469,9.8345958786349,11856822.892471
2009-07-30,9.9348970254687,10.029882504799,9.8648524136691,9.8856018468226,22965729.592475
2009-07-31,9.8903553977629,9.9455650202526,9.8345958786349,9.8495408472726,13467579.875217
2009-08-03,9.9757726755856,9.986012972984,9.8903553977629,9.986012972984,15642341.124174
2009-08-04,9.9240946115066,9.9703959084551,9.9058502630389,9.9555731390704,11647216.864787
2009-08-05,9.9999925675233,9.9999925675233,9.8245266601906,9.8648524136691,10025157.848955
2009-08-06,9.8949989693756,9.9153084852184,9.7610197084246,9.7943312247829,20416401.405593
2009-08-07,9.9348970254687,9.9555731390704,9.8495408472726,9.8949989693756,23482892.32847
2009-08-10,9.8447872963322,9.879809602232,9.7712722257484,9.8495408472726,24927329.145529
2009-08-11,9.8044004432272,9.8144085620451,9.7035493997551,9.7089261668856,9643583.503216
2009-08-12,9.7248487295469,9.9757726755856,9.7089261668856,9.9058502630389,10676905.69575
2009-08-13,9.9408114693122,9.9703959084551,9.8495408472726,9.9503918907447,12151690.488841
2009-08-14,9.9408114693122,9.9555731390704,9.784689703724,9.8552842121619,6911840.9442397
2009-08-17,9.6987958488148,9.7248487295469,9.6014885836786,9.6222380168321,10123211.639869
2009-08-18,9.6649344358181,9.7712722257484,9.6507837623248,9.7658465789167,7433577.3579491
2009-08-19,9.6377328821081,9.8297812280681,9.6222380168321,9.7900664708544,11440565.028648
2009-08-20,9.7997079919134,9.9153084852184,9.7712722257484,9.9004246162073,7822344.055349
2009-08-21,9.9604000095625,10.059405844315,9.9004246162073,10.043422182027,13267147.389701
2009-08-24,10.074778510338,10.13481500332,10.014387639523,10.014387639523,8481550.2128775
2009-08-25,10.069475062759,10.13481500332,10.034513856486,10.039157428099,9226851.8230762
2009-08-26,10.034513856486,10.116448455599,10.02024098374,10.084969928035,11369596.509696
2009-08-27,10.059405844315,10.110961709141,9.9348970254687,10.105597161936,18829269.771856
2009-08-28,10.230900275926,10.286170998042,10.069475062759,10.138896458369,22097210.37141
2009-08-31,10.025067854232,10.039157428099,9.9604000095625,10.009634088582,19650316.525952
2009-09-01,9.9703959084551,10.121092027212,9.7943312247829,9.8044004432272,27299763.452331
2009-09-02,9.7900664708544,9.8696181845347,9.7658465789167,9.8245266601906,9896104.6868668
2009-09-03,9.879809602232,9.879809602232,9.7556551612194,9.8696181845347,10676622.55163
2009-09-04,9.8696181845347,10.043422182027,9.8552842121619,10.043422182027,20509630.28976
2009-09-08,10.096261139009,10.121092027212,10.039157428099,10.121092027212,6249196.9588211
2009-09-09,10.100342594058,10.220158961591,10.078994384565,10.194668197422,14115349.792621
2009-09-10,10.200093844254,10.335160678556,10.168065420052,10.335160678556,31455003.256823
2009-09-11,10.330407127616,10.364390739865,10.256342160394,10.34541319588,23523359.024297
2009-09-14,10.256342160394,10.335160678556,10.25042771655,10.309779893715,9048556.1340983
2009-09-15,10.340048648675,10.409958841296,10.299539596317,10.380789879613,9144969.9804527
2009-09-16,10.425453706572,10.494141906664,10.354871418059,10.459803916581,21677088.326845
2009-09-17,10.429596261248,10.494141906664,10.390553599925,10.420761255258,11452819.604382
2009-09-18,10.425453706572,10.464618567147,10.364390739865,10.444370150931,13098781.384994
2009-09-21,10.374936535396,10.444370150931,10.335160678556,10.400011822105,12015701.932473
2009-09-22,10.47999123317,10.48469590441,10.395258271164,10.455099245341,11382690.697763
2009-09-23,10.499579773421,10.62049593423,10.420761255258,10.455099245341,13051838.381164
2009-09-24,10.499579773421,10.514952439444,10.313995767942,10.354871418059,11163845.661062
2009-09-25,10.319238115895,10.390553599925,10.275918480719,10.290081374137,18445163.495745
2009-09-28,10.349372451676,10.539844427273,10.349372451676,10.459803916581,10125872.048931
2009-09-29,10.459803916581,10.509697871566,10.385066853467,10.4039221982,22216307.662489
2009-09-30,10.429596261248,10.494141906664,10.275918480719,10.43423983286,29816122.534229
2009-10-01,10.385066853467,10.385066853467,10.127067570682,10.127067570682,32404618.718327
2009-10-02,10.043422182027,10.179222211847,10.043422182027,10.127067570682,14309990.098702
2009-10-05,10.149576673078,10.230900275926,10.078994384565,10.210040863445,12442580.974154
2009-10-06,10.261095711334,10.4039221982,10.25042771655,10.395258271164,16493385.60666
2009-10-07,10.369694187444,10.4039221982,10.324541563473,10.374936535396,10382281.145056
2009-10-08,10.459803916581,10.490060451615,10.380789879613,10.438321287909,9998468.6514286
2009-10-09,10.400011822105,10.509697871566,10.385066853467,10.509697871566,18425555.356236
2009-10-12,10.549901425792,10.575526609138,10.459803916581,10.514952439444,7997521.8856595
2009-10-13,10.520133687769,10.579681383739,10.474504486712,10.555339292549,9615852.5644601
2009-10-14,10.704678999597,10.704678999597,10.62049593423,10.68045910766,18362270.19031
2009-10-15,10.630552932749,10.664292146492,10.58547362833,10.659660794805,11442885.010098
2009-10-16,10.615913462243,10.62049593423,10.499579773421,10.560703839754,14431161.052212
2009-10-19,10.589689502557,10.68045910766,10.549901425792,10.675155660081,18324316.603136
2009-10-20,10.745065852702,10.750503719459,10.589689502557,10.640194453808,14169499.059817
2009-10-21,10.644960224673,10.813827372346,10.615913462243,10.644960224673,18116981.456764
2009-10-22,10.650324771878,10.726222727895,10.571322954836,10.694622001078,20659226.948957
2009-10-23,10.835358880718,10.850670447115,10.62049593423,10.664292146492,32997939.857702
2009-10-26,10.690100628719,10.793872234337,10.571322954836,10.595603946401,21220012.70122
2009-10-27,10.600968493606,10.659660794805,10.499579773421,10.539844427273,18711767.416878
2009-10-28,10.469372118088,10.560703839754,10.380789879613,10.385066853467,26111688.267932
2009-10-29,10.48469590441,10.600968493606,10.429596261248,10.58547362833,21452776.808281
2009-10-30,10.575526609138,10.575526609138,10.294773825451,10.305026342775,22670744.155778
2009-11-02,10.313995767942,10.438321287909,10.230900275926,10.364390739865,33501421.658999
2009-11-03,10.281356347476,10.324541563473,10.230900275926,10.324541563473,30066413.753347
2009-11-04,10.369694187444,10.509697871566,10.369694187444,10.385066853467,15879129.805756
2009-11-05,10.529836308455,10.635318703614,10.505616416517,10.610487815412,13479395.004729
2009-11-06,10.555339292549,10.650324771878,10.535323054913,10.624638488905,9924095.8563462
2009-11-09,10.709505870089,10.904120400362,10.68045910766,10.871480979895,14874734.958637
2009-11-10,10.846588992066,10.900454422773,10.80906160148,10.866043113138,10735183.46609
2009-11-11,10.930222160795,10.958596827334,10.860250868547,10.930222160795,10423106.271879
2009-11-12,10.930222160795,10.975802482151,10.840540129044,10.850670447115,12722639.151022
2009-11-13,10.900454422773,10.981228128983,10.824006570118,10.949260804407,10872331.604015
2009-11-16,11.00069446998,11.090303182179,10.969936918009,11.07011586559,16007101.946506
2009-11-17,11.024486664532,11.119411044236,11.014539645341,11.119411044236,10003638.895801
2009-11-18,11.104588274851,11.104588274851,10.996539695379,11.060107746772,8421328.8954681
2009-11-19,10.986592676188,10.991297347427,10.835358880718,10.900454422773,21146959.881474
2009-11-20,10.829444436875,10.871480979895,10.803391556143,10.846588992066,11102560.507362
2009-11-23,10.95309786095,11.054254402555,10.944507253467,11.035215758943,14472045.917534
2009-11-24,11.030401108376,11.035215758943,10.949260804407,11.014539645341,14025021.908185
2009-11-25,11.035215758943,11.054254402555,11.00544802092,11.035215758943,7015132.9013812
2009-11-27,10.768674748375,10.930222160795,10.731281776968,10.856047214245,10514863.788623
2009-11-30,10.850670447115,10.900454422773,10.779477162337,10.877395423738,13966298.144939
2009-12-01,10.958596827334,11.074930516156,10.95309786095,11.049439751988,17054096.890383
2009-12-02,11.049439751988,11.135333606897,11.014539645341,11.035215758943,10424256.033409
2009-12-03,11.085060834227,11.135333606897,11.014539645341,11.039248334291,12896451.997538
2009-12-04,11.154494449762,11.225015638648,11.00069446998,11.10989172243,22042389.25068
2009-12-07,11.119411044236,11.154494449762,11.065301215023,11.090303182179,13272999.307636
2009-12-08,11.039248334291,11.085060834227,10.949260804407,10.991297347427,17652526.080624
2009-12-09,11.009651675222,11.095741048936,10.939130486336,11.095741048936,14959014.524593
2009-12-10,11.135333606897,11.195907776592,11.124775591441,11.143569836547,21856722.812878
2009-12-11,11.185789678446,11.201406742975,11.085060834227,11.119411044236,8195969.08899
2009-12-14,11.205488198024,11.225015638648,11.14966757927,11.210131769637,23432995.133094
2009-12-15,11.185789678446,11.229158193324,11.100311300997,11.13935396232,10167570.339848
2009-12-16,11.195907776592,11.229158193324,11.154494449762,11.175781559629,8965899.3276538
2009-12-17,11.135333606897,11.135333606897,11.030401108376,11.039248334291,10252117.501547
2009-12-18,11.10989172243,11.180474010942,11.060107746772,11.164490348655,14629672.08572
2009-12-21,11.235145956719,11.311642689075,11.205488198024,11.26301960632,12415313.213353
2009-12-22,11.301573470631,11.356660893868,11.290233379956,11.356660893868,7608846.8418477
2009-12-23,11.378693419177,11.409438751223,11.335862581013,11.399369532779,10983197.257211
2009-12-24,11.434880635691,11.509666578505,11.409438751223,11.5043020313,3333093.2073388
2009-12-28,11.525051464454,11.555430198741,11.475145289543,11.541157325994,18267444.733371
2009-12-29,11.561344642584,11.561344642584,11.5043020313,11.525051464454,7698767.1951508
2009-12-30,11.5043020313,11.57086396439,11.488379468639,11.566709189789,11366896.820525
2009-12-31,11.575556415704,11.589780408749,11.434880635691,11.465381569231,11527378.161647
2010-01-04,11.57086396439,11.644867831986,11.551214324513,11.634981912421,16899344.716854
2010-01-05,11.650904475082,11.650904475082,11.551214324513,11.619303748266,39976402.322143
2010-01-06,11.619303748266,11.624729395097,11.478126951315,11.488379468639,20048032.541564
2010-01-07,11.499059683348,11.499059683348,11.404196403271,11.444998733836,14586252.016683
2010-01-08,11.42968716744,11.53108810755,11.389178115082,11.519796896576,23773317.999158
2010-01-11,11.57086396439,11.575556415704,11.420778841898,11.475145289543,30482659.342136
2010-01-12,11.409438751223,11.424322620234,11.306766938882,11.351418545915,19485767.238521
2010-01-13,11.399369532779,11.475145289543,11.301573470631,11.46062801829,20107271.037907
2010-01-14,11.450436600593,11.53108810755,11.434880635691,11.488379468639,15017200.641344
2010-01-15,11.509666578505,11.519796896576,11.295597927161,11.331597827084,27066510.798911
2010-01-19,11.356660893868,11.525051464454,11.356660893868,11.525051464454,14965498.197617
2010-01-20,11.434880635691,11.434880635691,11.235145956719,11.341227128218,29397908.848302
2010-01-21,11.373866548685,11.42968716744,11.185789678446,11.219638871518,25610933.979217
2010-01-22,11.201406742975,11.201406742975,10.813827372346,10.829444436875,67404155.918607
2010-01-25,10.930222160795,10.991297347427,10.860250868547,10.920592859661,66680605.668875
2010-01-26,10.900454422773,11.024486664532,10.840540129044,10.88983530769,32250512.211593
2010-01-27,10.895212074821,11.00544802092,10.813827372346,10.981228128983,35369851.24805
2010-01-28,10.925407510228,10.939130486336,10.62049593423,10.664292146492,46286943.354828
2010-01-29,10.764776592206,10.779477162337,10.429596261248,10.47999123317,53795166.831953
2010-02-01,10.529836308455,10.624638488905,10.524410661623,10.600968493606,38430286.487426
2010-02-02,10.635318703614,10.735546530896,10.575526609138,10.704678999597,27391152.718051
2010-02-03,10.664292146492,10.756357063676,10.653929649841,10.731281776968,29568053.096287
2010-02-04,10.664292146492,10.685224878525,10.420761255258,10.429596261248,32978150.866024
2010-02-05,10.444370150931,10.555339292549,10.354871418059,10.535323054913,46507365.324246
2010-02-08,10.549901425792,10.610487815412,10.474504486712,10.490060451615,45889840.272587
2010-02-09,10.605795364098,10.68045910766,10.509697871566,10.579681383739,31783006.898641
2010-02-10,10.605795364098,10.62049593423,10.48469590441,10.549901425792,20846621.711563
2010-02-11,10.549901425792,10.699375552019,10.474504486712,10.659660794805,30351652.81295
2010-02-12,10.58547362833,10.699375552019,10.520133687769,10.68045910766,30287100.045167
2010-02-16,10.745065852702,10.840540129044,10.715481413559,10.840540129044,20466972.90951
2010-02-17,10.88983530769,10.88983530769,10.813827372346,10.871480979895,17806594.94392
2010-02-18,10.866043113138,10.958596827334,10.840540129044,10.939130486336,11528084.385277
2010-02-19,10.881537978414,10.96463347043,10.866043113138,10.910095943832,13535593.384288
2010-02-22,10.96463347043,10.969936918009,10.871480979895,10.88983530769,14074564.764243
2010-02-23,10.881537978414,10.885692753015,10.709505870089,10.756357063676,20971454.71692
2010-02-24,10.803391556143,10.895212074821,10.793872234337,10.860250868547,15077936.691851
2010-02-25,10.720907060391,10.850670447115,10.650324771878,10.829444436875,23315270.19083
2010-02-26,10.829444436875,10.877395423738,10.779477162337,10.846588992066,19403837.114097
2010-03-01,10.900454422773,10.996539695379,10.881537978414,10.986592676188,12845007.329527
2010-03-02,11.035215758943,11.054254402555,10.934926832034,10.969936918009,14023624.190966
2010-03-03,11.00069446998,11.030401108376,10.944507253467,10.975802482151,16663589.593144
2010-03-04,10.991297347427,11.030401108376,10.910095943832,11.020454089185,7249015.673219
2010-03-05,11.100311300997,11.170417012423,11.060107746772,11.154494449762,14095613.174422
2010-03-08,11.175781559629,11.235145956719,11.159797897341,11.215496316842,11722699.322954
2010-03-09,11.201406742975,11.335862581013,11.180474010942,11.26301960632,24003776.036476
2010-03-10,11.268384153526,11.360754568842,11.258815952018,11.341227128218,33817209.186857
2010-03-11,11.311642689075,11.383996866756,11.290233379956,11.383996866756,10909525.775745
2010-03-12,11.414803298428,11.478126951315,11.346726094602,11.373866548685,14918407.893377
2010-03-15,11.335862581013,11.378693419177,11.278881069355,11.36374845054,17563960.072752
2010-03-16,11.36374845054,11.455740048172,11.356660893868,11.450436600593,13229458.124929
2010-03-17,11.465381569231,11.551214324513,11.439573087004,11.483625917698,19620960.372678
2010-03-18,11.478126951315,11.525051464454,11.465381569231,11.499059683348,9005212.170273
2010-03-19,11.509666578505,11.515104445262,11.346726094602,11.393393989309,18085984.540596
2010-03-22,11.341227128218,11.53108810755,11.331597827084,11.478126951315,16861589.166897
2010-03-23,11.519796896576,11.59928751063,11.469890721665,11.589780408749,11956771.948653
2010-03-24,11.53584165849,11.57086396439,11.499059683348,11.53584165849,11754192.968837
2010-03-25,11.608195836171,11.690619232296,11.53108810755,11.555430198741,16664189.433145
2010-03-26,11.585564534522,11.59928751063,11.475145289543,11.499059683348,17161103.27285
2010-03-29,11.551214324513,11.59928751063,11.519796896576,11.53584165849,15494576.718403
2010-03-30,11.566709189789,11.624729395097,11.515104445262,11.585564534522,10629536.339068
2010-03-31,11.551214324513,11.589780408749,11.499059683348,11.551214324513,9356401.7148788
2010-04-01,11.580261086943,11.644867831986,11.450436600593,11.53108810755,18215185.821429
2010-04-05,11.57086396439,11.670431915706,11.465381569231,11.665055148576,9699168.9494048
2010-04-06,11.624729395097,11.705503101307,11.580261086943,11.674635570008,10143656.118369
2010-04-07,11.640163160747,11.690619232296,11.57086396439,11.629556265589,11420408.604282
2010-04-08,11.589780408749,11.665055148576,11.53584165849,11.650904475082,16910289.137278
2010-04-09,11.674635570008,11.744606862256,11.634981912421,11.739914410942,10979294.614695
2010-04-12,11.748211740219,11.803360263082,11.739914410942,11.76413430288,8320852.0128189
2010-04-13,11.748211740219,11.81934392537,11.710757669185,11.800366381384,11879629.087537
2010-04-14,11.894142088109,11.976626583861,11.875103444498,11.971372015983,29962485.131102
2010-04-15,11.980646939284,12.030553114194,11.944537060032,12.024577570724,18986480.225552
2010-04-16,11.955632752202,12.010353577679,11.803360263082,11.866867214848,30408841.378596
2010-04-19,11.846007802367,11.909453654506,11.759429631641,11.889315217617,17533489.34638
2010-04-20,11.930251967361,11.980646939284,11.860952771004,11.955632752202,13888253.477982
2010-04-21,12.024577570724,12.040072436,11.919583972577,11.980646939284,18801678.768489
2010-04-22,11.866867214848,12.019200803594,11.779690267782,12.010353577679,20022112.579509
2010-04-23,12.003889237197,12.05428420912,11.933245849058,12.038850443471,25740327.568919
2010-04-26,12.066113096807,12.080337089852,12.010353577679,12.024577570724,19625624.885645
2010-04-27,11.976626583861,12.030553114194,11.769437750459,11.790309382865,56497977.953836
2010-04-28,11.866867214848,11.866867214848,11.720936866957,11.82531946884,25521233.758193
2010-04-29,11.879136019845,11.965885269525,11.855466024546,11.944537060032,18107122.149356
2010-04-30,11.935017738226,11.955632752202,11.690619232296,11.695922679875,21095155.964131
2010-05-03,11.729784092871,11.900056531953,11.729784092871,11.855466024546,13768805.120927
2010-05-04,11.716733212655,11.729784092871,11.444998733836,11.515104445262,29682595.53137
2010-05-05,11.399369532779,11.546399673947,11.389178115082,11.465381569231,26930059.064589
2010-05-06,11.383996866756,11.493194119206,10.319238115895,11.119411044236,51048866.900842
2010-05-07,11.07011586559,11.154494449762,10.624638488905,10.877395423738,50444540.784208
2010-05-10,11.346726094602,11.424322620234,11.26301960632,11.373866548685,46776278.588465
2010-05-11,11.253378085261,11.499059683348,11.244591958973,11.301573470631,25729964.166776
2010-05-12,11.378693419177,11.59453395969,11.378693419177,11.59453395969,23624776.17456
2010-05-13,11.555430198741,11.634981912421,11.399369532779,11.424322620234,22879437.739259
2010-05-14,11.326893155845,11.351418545915,11.085060834227,11.205488198024,32995012.671231
2010-05-17,11.235145956719,11.273088824765,11.035215758943,11.258815952018,29976306.00119
2010-05-18,11.335862581013,11.351418545915,11.039248334291,11.090303182179,45040159.137224
2010-05-19,11.060107746772,11.14966757927,10.914727295519,11.00544802092,53445144.233924
2010-05-20,10.829444436875,10.856047214245,10.62049593423,10.653929649841,39667507.635113
2010-05-21,10.469372118088,10.798576905576,10.429596261248,10.735546530896,42043901.867922
2010-05-24,10.740373401388,10.829444436875,10.670402109141,10.685224878525,25923287.770863
2010-05-25,10.409958841296,10.675155660081,10.335160678556,10.653929649841,36576674.501233
2010-05-26,10.756357063676,10.860250868547,10.520133687769,10.549901425792,48645942.227613
2010-05-27,10.788446587505,10.920592859661,10.756357063676,10.910095943832,38248754.281118
2010-05-28,10.914727295519,10.920592859661,10.745065852702,10.819253019177,24232585.945878
2010-06-01,10.768674748375,10.939130486336,10.699375552019,10.715481413559,26466839.375217
2010-06-02,10.774173714759,10.95309786095,10.699375552019,10.95309786095,20759819.216927
2010-06-03,10.991297347427,11.085060834227,10.925407510228,11.065301215023,25170418.19296
2010-06-04,10.829444436875,10.975802482151,10.670402109141,10.709505870089,36988912.700548
2010-06-07,10.764776592206,10.793872234337,10.535323054913,10.555339292549,21086360.493013
2010-06-08,10.571322954836,10.605795364098,10.415323388501,10.575526609138,26650661.284557
2010-06-09,10.653929649841,10.750503719459,10.469372118088,10.520133687769,26626969.650363
2010-06-10,10.635318703614,10.7830820403,10.615913462243,10.774173714759,28425418.451541
2010-06-11,10.664292146492,10.88983530769,10.664292146492,10.871480979895,21451162.232126
2010-06-14,10.986592676188,11.020454089185,10.835358880718,10.850670447115,26047561.034664
2010-06-15,10.914727295519,11.143569836547,10.900454422773,11.135333606897,23053554.188286
2010-06-16,11.090303182179,11.201406742975,11.060107746772,11.164490348655,15507448.319185
2010-06-17,11.215496316842,11.225015638648,11.090303182179,11.205488198024,19837562.351477
2010-06-18,11.175781559629,11.225015638648,11.12966356156,11.164490348655,14238542.035083
2010-06-21,11.290233379956,11.311642689075,11.030401108376,11.085060834227,17484282.007922
2010-06-22,11.119411044236,11.195907776592,10.975802482151,10.991297347427,20366618.777202
2010-06-23,11.024486664532,11.054254402555,10.885692753015,10.969936918009,18819408.827777
2010-06-24,10.920592859661,10.949260804407,10.731281776968,10.750503719459,30534736.583572
2010-06-25,10.813827372346,10.824006570118,10.653929649841,10.740373401388,31330966.492013
2010-06-28,10.726222727895,10.80906160148,10.670402109141,10.761171714243,20527173.768529
2010-06-29,10.579681383739,10.595603946401,10.286170998042,10.360174865638,39669461.820545
2010-06-30,10.313384771678,10.400011822105,10.166843427522,10.198260855459,24999962.159109
2010-07-01,10.205336192206,10.271164929778,10.00480721809,10.159584791896,45810669.575834
2010-07-02,10.205336192206,10.240358498106,10.074778510338,10.144884221764,17021876.56248
2010-07-06,10.305026342775,10.380789879613,10.138896458369,10.245661945684,30672228.422452
2010-07-07,10.261095711334,10.589689502557,10.245661945684,10.575526609138,25780444.835441
2010-07-08,10.68045910766,10.68045910766,10.520133687769,10.640194453808,17332790.083456
2010-07-09,10.635318703614,10.694622001078,10.615913462243,10.694622001078,15716249.922966
2010-07-12,10.670402109141,10.788446587505,10.670402109141,10.745065852702,17427034.522113
2010-07-13,10.856047214245,10.934926832034,10.779477162337,10.900454422773,20581872.138919
2010-07-14,10.939130486336,11.035215758943,10.904120400362,10.96463347043,24766863.352784
2010-07-15,10.939130486336,11.009651675222,10.824006570118,11.00069446998,24838955.446526
2010-07-16,10.904120400362,10.930222160795,10.675155660081,10.685224878525,30216202.721412
2010-07-19,10.731281776968,10.813827372346,10.675155660081,10.788446587505,14704596.439002
2010-07-20,10.600968493606,10.877395423738,10.555339292549,10.860250868547,31221075.476527
2010-07-21,10.944507253467,10.95309786095,10.694622001078,10.731281776968,33310033.418625
2010-07-22,10.866043113138,11.054254402555,10.860250868547,11.020454089185,23438477.981669
2010-07-23,10.991297347427,11.095741048936,10.95309786095,11.095741048936,20772523.877245
2010-07-26,11.095741048936,11.170417012423,11.049439751988,11.159797897341,13152469.929243
2010-07-27,11.201406742975,11.225015638648,11.135333606897,11.195907776592,15588352.250757
2010-07-28,11.175781559629,11.215496316842,11.065301215023,11.104588274851,26353395.14652
2010-07-29,11.143569836547,11.159797897341,10.914727295519,11.00544802092,21295329.037259
2010-07-30,10.885692753015,11.020454089185,10.850670447115,10.958596827334,17912677.425486
2010-08-02,11.090303182179,11.219638871518,11.054254402555,11.190543229387,31420495.680895
2010-08-03,11.175781559629,11.180474010942,11.104588274851,11.12966356156,10807002.235739
2010-08-04,11.159797897341,11.225015638648,11.085060834227,11.219638871518,29363139.40498
2010-08-05,11.143569836547,11.190543229387,11.100311300997,11.170417012423,10147535.847487
2010-08-06,11.065301215023,11.154494449762,10.991297347427,11.13935396232,31234148.387868
2010-08-09,11.170417012423,11.235145956719,11.124775591441,11.215496316842,27105411.200384
2010-08-10,11.10989172243,11.159797897341,11.020454089185,11.100311300997,22578528.371094
2010-08-11,10.930222160795,10.934926832034,10.793872234337,10.835358880718,36125400.87507
2010-08-12,10.62049593423,10.731281776968,10.571322954836,10.685224878525,30331528.303673
2010-08-13,10.640194453808,10.699375552019,10.62049593423,10.635318703614,12157420.474769
2010-08-16,10.571322954836,10.709505870089,10.539844427273,10.653929649841,20537080.539402
2010-08-17,10.756357063676,10.866043113138,10.715481413559,10.768674748375,34201172.254237
2010-08-18,10.768674748375,10.88983530769,10.735546530896,10.829444436875,25232178.799648
2010-08-19,10.788446587505,10.824006570118,10.635318703614,10.699375552019,27622012.558152
2010-08-20,10.664292146492,10.709505870089,10.615913462243,10.675155660081,18632638.45524
2010-08-23,10.731281776968,10.756357063676,10.579681383739,10.579681383739,15373294.47125
2010-08-24,10.464618567147,10.539844427273,10.385066853467,10.43423983286,21187780.098283
2010-08-25,10.369694187444,10.544048081575,10.34541319588,10.499579773421,22146019.998763
2010-08-26,10.549901425792,10.565347411367,10.380789879613,10.395258271164,20309863.929429
2010-08-27,10.455099245341,10.524410661623,10.290081374137,10.520133687769,29147302.569975
2010-08-30,10.464618567147,10.544048081575,10.380789879613,10.380789879613,15187125.575386
2010-08-31,10.353038429265,10.419539262728,10.288981580861,10.343702406338,31039934.434639
2010-09-01,10.48469590441,10.650324771878,10.464618567147,10.610487815412,29596094.184238
2010-09-02,10.615913462243,10.704678999597,10.595603946401,10.704678999597,18612898.563699
2010-09-03,10.798576905576,10.866043113138,10.756357063676,10.866043113138,19825557.368104
2010-09-07,10.813827372346,10.871480979895,10.764776592206,10.774173714759,15678683.408535
2010-09-08,10.80906160148,10.860250868547,10.779477162337,10.835358880718,18581462.201309
2010-09-09,10.925407510228,10.944507253467,10.846588992066,10.866043113138,13895185.598919
2010-09-10,10.877395423738,10.885692753015,10.798576905576,10.871480979895,15913167.657045
2010-09-13,10.975802482151,11.085060834227,10.958596827334,11.065301215023,23197307.112905
2010-09-14,11.065301215023,11.201406742975,11.024486664532,11.10989172243,18854352.576584
2010-09-15,11.100311300997,11.205488198024,11.080857179925,11.180474010942,14763226.093653
2010-09-16,11.164490348655,11.253378085261,11.143569836547,11.244591958973,15601215.668182
2010-09-17,11.278881069355,11.290233379956,11.210131769637,11.26301960632,28510217.660608
2010-09-20,11.306766938882,11.450436600593,11.278881069355,11.42968716744,19105057.87352
2010-09-21,11.444998733836,11.5043020313,11.36850200148,11.409438751223,37269151.729585
2010-09-22,11.36374845054,11.420778841898,11.295597927161,11.356660893868,16811503.754331
2010-09-23,11.278881069355,11.46062801829,11.26301960632,11.341227128218,19862515.040843
2010-09-24,11.450436600593,11.57086396439,11.450436600593,11.561344642584,14959398.323993
2010-09-27,11.585564534522,11.65449713312,11.541157325994,11.566709189789,30640154.576624
2010-09-28,11.59453395969,11.603503384857,11.414803298428,11.580261086943,29431857.50101
2010-09-29,11.555430198741,11.603503384857,11.525051464454,11.555430198741,12266912.142479
2010-09-30,11.616370966194,11.688175247237,11.446770623004,11.512110563565,26278460.97321
2010-10-01,11.589780408749,11.608195836171,11.475145289543,11.515104445262,21281985.256831
2010-10-04,11.455740048172,11.515104445262,11.341227128218,11.420778841898,16975818.179442
2010-10-05,11.499059683348,11.674635570008,11.493194119206,11.644867831986,15425762.058772
2010-10-06,11.644867831986,11.680550013852,11.493194119206,11.589780408749,14339808.611594
2010-10-07,11.634981912421,11.640163160747,11.509666578505,11.589780408749,9899259.3706365
2010-10-08,11.59453395969,11.680550013852,11.515104445262,11.65449713312,12205456.774972
2010-10-11,11.680550013852,11.724480645293,11.629556265589,11.674635570008,12082118.868772
2010-10-12,11.640163160747,11.769437750459,11.575556415704,11.744606862256,22014484.006439
2010-10-13,11.814468175176,11.894142088109,11.779690267782,11.840753234489,30958811.189124
2010-10-14,11.866867214848,11.883339674147,11.779690267782,11.846007802367,11029128.798229
2010-10-15,12.004500233462,12.050007235267,11.90468788364,12.044703787688,37394330.072569
2010-10-18,12.050007235267,12.124805398007,12.004500233462,12.124805398007,21504090.542595
2010-10-19,11.894142088109,12.00029657916,11.81934392537,11.909453654506,50409342.533027
2010-10-20,11.949840507611,12.080337089852,11.925437316794,12.010353577679,47254435.357694
2010-10-21,12.075571318987,12.09918021466,11.894142088109,12.019200803594,55292794.645211
2010-10-22,12.019200803594,12.066113096807,11.994858712403,12.055384002397,11421219.57487
2010-10-25,12.09918021466,12.181114813773,12.088695518755,12.088695518755,18999994.219787
2010-10-26,12.044703787688,12.134935716077,11.994858712403,12.119440850801,20635671.97681
2010-10-27,12.070206771782,12.163909158955,12.030553114194,12.154512036402,23674584.171355
2010-10-28,12.205456904964,12.216076020046,12.075571318987,12.154512036402,17052854.65693
2010-10-29,12.173550680014,12.223835672609,12.152080271268,12.173550680014,16534741.014958
2010-11-01,12.233856011353,12.309252950432,12.134935716077,12.185880584638,16937688.650113
2010-11-02,12.294466840823,12.335403590567,12.269538193218,12.304364980313,14973646.365268
2010-11-03,12.325138853318,12.38171710744,12.225668661404,12.376829137322,30232658.632158
2010-11-04,12.505016153682,12.567948768959,12.480698502342,12.558417227228,27349632.824296
2010-11-05,12.563671795106,12.563671795106,12.495484611951,12.550718674291,17400512.26505
2010-11-08,12.524568034157,12.573814333102,12.500250382817,12.558417227228,15004182.558489
2010-11-09,12.599231777718,12.641634918497,12.465301396469,12.524568034157,18159870.425991
2010-11-10,12.540576136295,12.555484445157,12.418987879595,12.535321568418,14106866.925706
2010-11-11,12.294466840823,12.360821035183,12.220291894273,12.344935132298,24255294.759006
2010-11-12,12.279680731215,12.340780357697,12.108882835345,12.169896922351,20765905.178846
2010-11-15,12.23043443227,12.238743981471,12.124805398007,12.134935716077,17599192.694029
2010-11-16,12.050007235267,12.088695518755,11.871449686834,11.914818201711,35839295.198058
2010-11-17,11.930251967361,12.00029657916,11.871449686834,11.919583972577,20825691.141712
2010-11-18,12.050007235267,12.169896922351,12.044703787688,12.119440850801,21610292.50116
2010-11-19,12.119440850801,12.169896922351,12.080337089852,12.154512036402,10079616.447011
2010-11-22,12.09918021466,12.225668661404,12.070206771782,12.225668661404,18828248.489017
2010-11-23,12.108882835345,12.130108845585,11.985400490224,12.044703787688,22018774.540033
2010-11-24,12.145004934522,12.249253117226,12.130108845585,12.243998549349,14432329.63546
2010-11-26,12.145004934522,12.220291894273,12.119440850801,12.124805398007,4892889.1584185
2010-11-29,12.114797279189,12.149697385836,11.985400490224,12.094548862972,14341979.655963
2010-11-30,11.983579721355,12.038850443471,11.933245849058,11.974793595066,21385496.527916
2010-12-01,12.149697385836,12.265383418618,12.119440850801,12.23043443227,21454938.032623
2010-12-02,12.243998549349,12.386360679053,12.233856011353,12.376829137322,19251153.692985
2010-12-03,12.309252950432,12.408356544587,12.304364980313,12.403468574468,15766526.007729
2010-12-06,12.389782258136,12.434995981733,12.376829137322,12.403468574468,12875830.758546
2010-12-07,12.550718674291,12.550718674291,12.408356544587,12.418987879595,19821050.79391
2010-12-08,12.465301396469,12.524568034157,12.403468574468,12.524568034157,18021631.446701
2010-12-09,12.573814333102,12.578457904714,12.486564066485,12.535321568418,12462500.89953
2010-12-10,12.558417227228,12.605341740367,12.521146455074,12.595199202371,11563645.977468
2010-12-13,12.646034091604,12.660942400466,12.558417227228,12.567948768959,13802082.738436
2010-12-14,12.567948768959,12.635524955849,12.558417227228,12.589944634493,12583265.958578
2010-12-15,12.573814333102,12.641634918497,12.505016153682,12.540576136295,9196865.5513839
2010-12-16,12.555484445157,12.614751082845,12.500250382817,12.558417227228,11870205.134672
2010-12-17,12.545464106414,12.563671795106,12.511003917078,12.540576136295,10247538.913819
2010-12-20,12.567948768959,12.584567867363,12.475199535959,12.550718674291,9541393.8441388
2010-12-21,12.589944634493,12.630759184983,12.567948768959,12.6252602186,11115233.252591
2010-12-22,12.609985311979,12.6252602186,12.589944634493,12.609985311979,10815406.542436
2010-12-23,12.595199202371,12.620005650722,12.563671795106,12.605341740367,6456283.3311676
2010-12-27,12.573814333102,12.646034091604,12.524568034157,12.630759184983,5982631.4994619
2010-12-28,12.655810031841,12.665341573573,12.599231777718,12.614751082845,5814943.8949735
2010-12-29,12.652144054252,12.671084938462,12.62648221113,12.642612512521,7469702.7833742
2010-12-30,12.630759184983,12.647256084134,12.595199202371,12.609985311979,10091822.740944
2010-12-31,12.575525122643,12.601675762778,12.556706437687,12.5964211949,8909601.1111503
2011-01-03,12.699557364403,12.806237312241,12.689048228648,12.734628550004,14854919.78022
2011-01-04,12.796216973498,12.810514286095,12.699557364403,12.78558563849,18383254.770311
2011-01-05,12.760045994621,12.874546694649,12.734628550004,12.860249382052,23670702.805565
2011-01-06,12.888721807993,12.934546527855,12.8354429337,12.934546527855,22088810.156392
2011-01-07,12.924403989859,12.934546527855,12.765422761751,12.874546694649,14996883.823199
2011-01-10,12.860249382052,12.908884684732,12.801593740629,12.883956037127,20666449.579036
2011-01-11,12.928680963712,12.93931229872,12.825911391969,12.865015152918,16783937.301032
2011-01-12,12.93931229872,12.990147187954,12.894098575123,12.980860044729,27156720.84302
2011-01-13,12.990147187954,13.005055496816,12.928680963712,12.969495514203,26087362.423641
2011-01-14,12.980860044729,13.084607210496,12.954587205341,13.084607210496,12641143.562806
2011-01-18,13.005055496816,13.114790425978,12.990147187954,13.10000431637,17267987.723312
2011-01-19,13.12969873484,13.12969873484,12.964607544084,13.005055496816,22430655.945023
2011-01-20,12.958619780689,12.964607544084,12.825911391969,12.934546527855,30717698.422188
2011-01-21,13.010554463199,13.015809031077,12.854994814174,12.860249382052,17566333.246016
2011-01-24,12.865015152918,13.051980009954,12.865015152918,13.041226475693,36983290.73492
2011-01-25,13.010554463199,13.105258884247,12.980860044729,13.10000431637,22028822.882966
2011-01-26,13.134831103465,13.214016219386,13.10000431637,13.174179262919,16570960.548978
2011-01-27,13.178822834532,13.260207537007,13.144362645196,13.219148588011,18104814.442941
2011-01-28,13.224525355141,13.235156690149,12.874546694649,12.914383651116,26584935.841847
2011-01-31,12.925625982388,12.993079970025,12.850229043309,12.993079970025,27972984.425486
2011-02-01,13.089372981362,13.240533457279,13.075686665029,13.214016219386,26285321.080614
2011-02-02,13.183588605398,13.265339905631,13.183588605398,13.240533457279,17494954.740924
2011-02-03,13.235156690149,13.28916875996,13.12432196771,13.260207537007,22928884.85005
2011-02-04,13.285624981624,13.35637834909,13.235156690149,13.346113611841,12280321.389755
2011-02-07,13.376907823589,13.474789425214,13.371531056458,13.409657223383,19596243.363967
2011-02-08,13.437885250818,13.474789425214,13.388272354114,13.463547093941,10375883.397271
2011-02-09,13.443384217202,13.479432996826,13.400614478664,13.437885250818,10378189.467015
2011-02-10,13.33536007758,13.414422994249,13.285624981624,13.382895586984,15677113.840838
2011-02-11,13.388272354114,13.468923861071,13.35100158196,13.448149988067,21989696.620866
2011-02-14,13.437885250818,13.495074501206,13.433974874723,13.468923861071,9775459.9231529
2011-02-15,13.443384217202,13.443384217202,13.371531056458,13.418455569597,12084744.089403
2011-02-16,13.474789425214,13.510838204838,13.418455569597,13.495074501206,13573065.790125
2011-02-18,13.521102942087,13.543098807621,13.463547093941,13.500451268336,10401618.415479
2011-02-22,13.318985377683,13.397192899581,13.144362645196,13.170024488319,44693611.192188
2011-02-23,13.12969873484,13.149739412326,12.934546527855,13.015809031077,24512585.202582
2011-02-24,13.026318166832,13.10000431637,12.914383651116,13.060778356168,22721021.877212
2011-02-25,13.12432196771,13.240533457279,13.119556196844,13.224525355141,15606859.728872
2011-02-28,13.260818533272,13.314708403829,13.18823217701,13.280981410011,18492452.655537
2011-03-01,13.327783723897,13.327783723897,13.017642019871,13.028151155626,29106330.961078
2011-03-02,13.0477030361,13.207295260473,13.032916926492,13.106969673789,19854446.251746
2011-03-03,13.232834904343,13.317152388889,13.226847140947,13.31226441877,13596868.717961
2011-03-04,13.314708403829,13.314708403829,13.12969873484,13.209739245532,15029049.322616
2011-03-07,13.240533457279,13.265339905631,12.958619780689,13.041226475693,29718134.210164
2011-03-08,13.051980009954,13.205584470931,13.00028972595,13.149739412326,21981597.553351
2011-03-09,13.109413658848,13.144362645196,13.015809031077,13.095238545504,23827294.597541
2011-03-10,12.945666659875,12.955198201606,12.832510151629,12.850229043309,30037555.966459
2011-03-11,12.781430863889,12.951043427005,12.781430863889,12.900086338519,22831366.250625
2011-03-14,12.8354429337,12.924403989859,12.765422761751,12.840330903819,19308766.974811
2011-03-15,12.469456171069,12.714832271023,12.434995981733,12.650922061723,29874934.677721
2011-03-16,12.578457904714,12.6252602186,12.260617647752,12.340780357697,42912117.486477
2011-03-17,12.511003917078,12.590433431505,12.448193501053,12.469456171069,21916403.210451
2011-03-18,12.595603038289,12.601571594744,12.435182857628,12.451870454249,36965089.436803
2011-03-21,12.644082333583,12.734706945893,12.629830882454,12.659917279282,17859544.160814
2011-03-22,12.683547890557,12.689029217914,12.625202206019,12.640062693521,18408366.061757
2011-03-23,12.611072562164,12.745669600608,12.554797601294,12.710345490971,11671353.821482
2011-03-24,12.795488775923,12.924239065185,12.750420084317,12.909500384958,20826531.158578
2011-03-25,12.970404022263,13.011696688355,12.924239065185,12.940926661807,8540955.4013396
2011-03-28,12.991111258946,13.021319463049,12.89951218844,12.909500384958,16541531.747233
2011-03-29,12.878804951756,13.005849939174,12.835076140171,13.001830299112,10310314.421075
2011-03-30,13.074549242054,13.084537438572,13.025460910386,13.055060078116,12464610.220245
2011-03-31,13.036788986925,13.072722132935,13.013645604749,13.033134768687,12430772.339764
2011-04-01,13.08977515138,13.119252511836,12.965288116729,13.005849939174,21968266.744122
2011-04-04,13.035570914179,13.039590554241,12.909500384958,12.960415825745,11743201.747052
2011-04-05,12.955056305662,13.035570914179,12.924239065185,12.940926661807,19840749.31275
2011-04-06,13.030211394096,13.055060078116,12.960415825745,13.035570914179,21893130.83759
2011-04-07,13.021319463049,13.084537438572,12.935567141724,13.039590554241,18335604.397658
2011-04-08,13.08977515138,13.08977515138,12.918879545103,12.965288116729,8784880.8983611
2011-04-11,12.986360775236,13.017056208438,12.904140864875,12.945798952791,11593836.283796
2011-04-12,12.868694947963,12.904140864875,12.795488775923,12.839704816606,16126550.785202
2011-04-13,12.904140864875,12.970404022263,12.848596747653,12.918879545103,10952013.369274
2011-04-14,12.854565304109,12.909500384958,12.78537877213,12.89476170473,11016086.718136
2011-04-15,12.858706751445,12.89951218844,12.795488775923,12.868694947963,20411830.967955
2011-04-18,12.734706945893,12.761139124483,12.601571594744,12.756388640773,17684302.574723
2011-04-19,12.770640091903,12.791347328586,12.710345490971,12.791347328586,19941708.8001
2011-04-20,12.981001255154,13.079299725764,12.970404022263,13.059688754551,18566055.330001
2011-04-21,13.164930239814,13.184419403752,13.109386122592,13.173943978135,20499858.551154
2011-04-25,13.173943978135,13.200497964,13.143126737659,13.184419403752,6004814.5920989
2011-04-26,13.215358451503,13.343012475294,13.195869287565,13.294898601823,14376964.804537
2011-04-27,13.326203071397,13.393562494257,13.269562688704,13.373707908495,16058550.741472
2011-04-28,13.348371995376,13.393562494257,13.321087165864,13.378458392205,16990756.969416
2011-04-29,13.370784533905,13.394780567003,13.332902471501,13.370784533905,14995409.804981
2011-05-02,13.43936202951,13.444721549593,13.305617641988,13.321087165864,13416158.478519
2011-05-03,13.321087165864,13.352513442713,13.240572557347,13.326203071397,16324754.054073
2011-05-04,13.331684398755,13.356411275501,13.195869287565,13.285032212579,21927983.435792
2011-05-05,13.249464488393,13.352513442713,13.1693153017,13.215358451503,26872328.524621
2011-05-06,13.331684398755,13.398434785241,13.2316806263,13.240572557347,21394881.449822
2011-05-09,13.269562688704,13.343012475294,13.220474357036,13.294898601823,7962274.8568001
2011-05-10,13.337652955211,13.429130218443,13.305617641988,13.413295272743,20498165.713015
2011-05-11,13.408544789034,13.43936202951,13.220474357036,13.294898601823,23698624.809151
2011-05-12,13.258965455813,13.408544789034,13.184419403752,13.393562494257,21965956.537274
2011-05-13,13.352513442713,13.360674530112,13.215358451503,13.2316806263,20413380.136513
2011-05-16,13.1693153017,13.235943880912,13.017056208438,13.039590554241,33939691.313572
2011-05-17,12.965288116729,13.044341037951,12.89476170473,13.039590554241,47859038.950509
2011-05-18,13.049700558033,13.154211199649,13.025460910386,13.13362577024,17949909.04284
2011-05-19,13.179059883669,13.190387960208,13.079299725764,13.16005794883,16363960.251037
2011-05-20,13.143126737659,13.179059883669,13.055060078116,13.084537438572,26916612.415031
2011-05-23,12.904140864875,12.950184014677,12.848596747653,12.89951218844,25216339.581051
2011-05-24,12.929598585268,12.935567141724,12.854565304109,12.858706751445,17530782.18721
2011-05-25,12.839704816606,12.965288116729,12.820215652669,12.89951218844,24826090.311027
2011-05-26,12.878804951756,13.011696688355,12.874663504419,12.986360775236,22437785.499741
2011-05-27,12.998176080874,13.052136703526,12.983437400646,13.052136703526,25109046.31764
2011-05-31,13.162494094322,13.22875725171,13.096352744209,13.22875725171,21343807.32457
2011-06-01,13.195869287565,13.240572557347,12.945798952791,12.955056305662,33254833.202533
2011-06-02,12.970404022263,13.017056208438,12.904140864875,12.965288116729,15493715.018643
2011-06-03,12.814977939861,12.89476170473,12.756388640773,12.770640091903,21554491.785595
2011-06-06,12.756388640773,12.799752030534,12.664058726619,12.674777766785,14454419.948577
2011-06-07,12.716314047427,12.746887673354,12.630439918827,12.635190402537,17615577.615341
2011-06-08,12.585980263594,12.621060758682,12.515210237046,12.550047117585,19987027.111487
2011-06-09,12.554797601294,12.611559791262,12.518133611637,12.559426277729,10666891.646361
2011-06-10,12.515210237046,12.528243615429,12.372695725753,12.383901995017,21814203.696081
2011-06-13,12.395108264281,12.455402865213,12.350039572675,12.395108264281,23329608.261132
2011-06-14,12.505709269627,12.585980263594,12.489752516653,12.550047117585,18235325.493634
2011-06-15,12.429457915721,12.489752516653,12.289257742645,12.31422823394,33123267.989771
2011-06-16,12.304118230148,12.36733620567,12.193395417527,12.284507258935,11260303.659163
2011-06-17,12.364494178206,12.37504905667,12.194888200135,12.224975669778,39895796.749266
2011-06-20,12.175962211165,12.30553244334,12.170138829944,12.270834796896,17454105.533665
2011-06-21,12.334406708563,12.515295487751,12.28138967536,12.488726310928,28681675.894407
2011-06-22,12.42102950423,12.494671012592,12.390942034587,12.402103515261,22070516.34007
2011-06-23,12.250816923948,12.494671012592,12.219516249883,12.483994813686,15640793.645151
2011-06-24,12.44517227221,12.450389051221,12.25494181898,12.270834796896,23518975.453324
2011-06-27,12.296676051066,12.499887791602,12.260279918433,12.434496073304,23961919.767282
2011-06-28,12.468101835769,12.594153775123,12.460458647916,12.590028880091,16118661.175067
2011-06-29,12.633582918809,12.689996924391,12.561154614869,12.689996924391,11920021.678411
2011-06-30,12.743741880246,12.863242515725,12.729547388519,12.849048023998,18196943.248659
2011-07-01,12.863727797494,13.079435543568,12.82502657646,13.059417670619,22902667.939942
2011-07-05,13.049348073924,13.099332096074,13.019988526933,13.079435543568,9908605.5002837
2011-07-06,13.074704046325,13.165451737024,13.024598703733,13.140702366834,13516112.960558
2011-07-07,13.224413471891,13.32838509078,13.214829156964,13.302058554842,26018250.882291
2011-07-08,13.176491897257,13.235453632123,13.099332096074,13.235453632123,14292186.624333
2011-07-11,13.0881706154,13.154775538119,12.97097506832,13.015135709249,23381372.097208
2011-07-12,12.975827886005,13.019988526933,12.885565477074,12.899638648359,18855836.330558
2011-07-13,12.966243571078,13.064149167862,12.890418294758,12.931545924634,11160126.656634
2011-07-14,12.956295294825,13.039885079439,12.770189736626,12.819081874797,21499228.445022
2011-07-15,12.94622569813,12.975827886005,12.863727797494,12.961633394278,20550401.536738
2011-07-18,12.895028471559,12.966243571078,12.799064001849,12.915167664949,16761147.294006
2011-07-19,13.039885079439,13.229630250901,13.029330200976,13.224413471891,17370509.563988
2011-07-20,13.323168311769,13.323168311769,13.160113637572,13.185469609973,7895167.4040387
2011-07-21,13.181102074057,13.305455527221,13.099332096074,13.245401908376,22430049.319351
2011-07-22,13.235453632123,13.384435135035,13.224413471891,13.357987278655,8132647.5804923
2011-07-25,13.250133405618,13.395111333941,13.218954051996,13.323168311769,11805579.299547
2011-07-26,13.333844510675,13.439150654427,13.314918521705,13.384920416804,9629185.9778183
2011-07-27,13.250133405618,13.260930924966,13.005794035206,13.029330200976,26926455.617475
2011-07-28,13.014407786596,13.15429025635,12.965758289309,13.008584405375,21409165.304715
2011-07-29,12.88993301299,13.044009974471,12.80258229467,12.903278261622,32793160.252029
2011-08-01,13.059417670619,13.104548875085,12.744955084667,12.895028471559,23996141.535087
2011-08-02,12.817262068165,12.88993301299,12.607135062429,12.62217879725,42247638.656819
2011-08-03,12.628851421567,12.789601007364,12.460458647916,12.75429675871,43071183.298277
2011-08-04,12.604829974029,12.628851421567,12.219516249883,12.240140725042,67391671.656663
2011-08-05,12.317907128436,12.379780553912,11.8044183572,12.164800730491,65683343.724508
2011-08-08,11.794312364372,11.990487519266,11.481778773449,11.481778773449,71004580.514992
2011-08-09,11.631257690175,12.009207263484,11.308484653938,12.004051144694,83605994.369045
2011-08-10,11.770205992524,11.895093255634,11.505278543086,11.534043619911,68501916.539191
2011-08-11,11.710843900199,12.130042423826,11.644821315603,11.975771349638,63192935.721189
2011-08-12,12.126524131005,12.144661537101,11.945793068392,12.059955604419,29171794.451225
2011-08-15,12.148786432133,12.291944553824,12.095878587328,12.287213056581,42197770.721171
2011-08-16,12.170138829944,12.276294216791,12.019980518743,12.183726719461,40466327.970514
2011-08-17,12.175962211165,12.287213056581,12.004051144694,12.130042423826,43154563.310944
2011-08-18,11.786681308563,11.789702187572,11.425085730851,11.539369587319,61894982.159038
2011-08-19,11.389587369489,11.600672806718,11.236772140606,11.261485114664,69347466.540616
2011-08-22,11.491096183403,11.514062143095,11.276747226281,11.31975532301,29256213.860038
2011-08-23,11.398613610382,11.744947076477,11.359730408685,11.734343669836,19386344.618197
2011-08-24,11.740276239456,11.870865563344,11.639556008415,11.840887282098,23450956.413363
2011-08-25,11.840887282098,11.895093255634,11.631257690175,11.66892768745,40875435.447673
2011-08-26,11.639556008415,11.93452239932,11.501032327612,11.899812620832,24227561.72703
2011-08-29,12.019980518743,12.204351194619,12.014533230892,12.199498376935,33212973.262217
2011-08-30,12.175962211165,12.313782233404,12.084789898919,12.250816923948,24940339.380121
2011-08-31,12.313782233404,12.402710117471,12.118893075196,12.218909647673,11629075.656572
2011-09-01,12.244750901843,12.339016885363,12.079403271289,12.084789898919,22643067.830909
2011-09-02,11.882852023025,11.94221411535,11.766020437272,11.820287071028,13229275.891764
2011-09-06,11.553612607223,11.780918587563,11.499273181202,11.754992409084,22863071.15051
2011-09-07,11.929196431911,12.060501546408,11.899812620832,12.060501546408,21515215.857912
2011-09-08,12.015139833103,12.177175415587,11.971039852395,11.999331779496,11482457.331659
2011-09-09,11.909748765041,11.975771349638,11.682976594647,11.744340474266,33013793.308868
2011-09-12,11.625931722766,11.891635623034,11.610718139325,11.886370315846,22505097.67758
2011-09-13,11.939848366729,12.060501546408,11.859170272725,12.024772676206,18463710.327948
2011-09-14,12.116587986796,12.340836691995,11.971039852395,12.205564399041,33621460.069037
2011-09-15,12.323245227888,12.425761001472,12.230192448789,12.402103515261,15286776.636537
2011-09-16,12.381331139217,12.490349605334,12.365377217346,12.490349605334,20046568.498208
2011-09-19,12.314373012577,12.510775459851,12.231702690155,12.459287802904,10544162.655508
2011-09-20,12.529509231745,12.645779480531,12.419402998227,12.427500822207,49468846.5436
2011-09-21,12.479834520465,12.574591147334,12.241492596757,12.246931433759,44161589.037566
2011-09-22,11.925907101325,12.040436922271,11.710674191721,11.864847091255,82461866.18225
2011-09-23,11.820260714148,12.034466287873,11.779227710548,12.000491686071,52197790.708697
2011-09-26,12.055520630221,12.174655333162,11.854948407913,12.150120135133,41016108.120329
2011-09-27,12.360663558611,12.490349605334,12.236778938023,12.303737064663,43886638.161192
2011-09-28,12.330085208358,12.419402998227,12.120146100103,12.131265500195,24657603.264161
2011-09-29,12.303737064663,12.357158530321,11.914751442319,12.104192178232,39385734.660406
2011-09-30,11.945281447354,12.046830577323,11.783929282978,11.799254717018,33317761.582476
2011-10-03,11.705972619291,11.880172525295,11.520544536455,11.535084360705,47078622.954154
2011-10-04,11.410305353588,11.774514051813,11.299401423976,11.769933342428,33952019.972474
2011-10-05,11.744648793523,12.034466287873,11.649674613174,12.015031510322,26480193.46081
2011-10-06,11.989867824462,12.20052002468,11.920057329972,12.195202050723,21334604.892412
2011-10-07,12.209947342149,12.273279577455,12.075620154518,12.150120135133,9148565.6743906
2011-10-10,12.283794662324,12.534948068746,12.283794662324,12.525520751277,16138585.689684
2011-10-11,12.479834520465,12.610124882411,12.449860485435,12.579425669114,21545107.61564
2011-10-12,12.681554941696,12.768938922853,12.634780943484,12.634780943484,19226464.218779
2011-10-13,12.625837078192,12.783684214279,12.59417096054,12.77425689681,12504728.856917
2011-10-14,12.949750037389,13.019488014052,12.891010597774,12.999666474758,23006814.134496
2011-10-17,12.975010413685,12.979603209375,12.740173518267,12.794803614371,12740713.314561
2011-10-18,12.759028153206,12.984196005065,12.639978054396,12.911557315335,13378513.730179
2011-10-19,12.83529273427,12.860553110566,12.634780943484,12.661008224135,24490191.462748
2011-10-20,12.656294565401,12.671039856827,12.449860485435,12.604081730187,9844231.5858707
2011-10-21,12.743799409602,12.829974760313,12.671039856827,12.76374181194,19585257.100324
2011-10-24,12.809428042752,13.004259270448,12.783684214279,12.965341370127,18991111.054185
2011-10-25,12.930411950273,12.934521293785,12.724340459441,12.759028153206,16206715.696136
2011-10-26,12.881099828127,12.886176075995,12.579425669114,12.813537386264,14990084.916753
2011-10-27,13.126210082325,13.278134929232,13.024805988009,13.19546460681,19836865.026731
2011-10-28,13.140351058529,13.268949337852,13.126210082325,13.255896129048,12552367.074413
2011-10-31,13.08342456458,13.1584805152,12.997732666047,13.002567187826,5825261.1710185
2011-11-01,12.690982259165,12.783684214279,12.620035652058,12.645779480531,13659391.976685
2011-11-02,12.804110068795,12.854630821386,12.704518920147,12.799517273105,9141154.806959
2011-11-03,12.939114089476,13.120287793146,12.788881325191,13.104696460408,11723085.465347
2011-11-04,13.005951353071,13.066503738354,12.902855176133,13.026498070632,5902230.1075556
2011-11-07,13.013686587918,13.120287793146,12.886176075995,13.104696460408,12764862.962723
2011-11-08,13.206100554724,13.268949337852,13.068920999243,13.255896129048,9185119.4449756
2011-11-09,12.999666474758,13.024805988009,12.759028153206,12.794803614371,20789472.173926
2011-11-10,12.955551463524,12.959539943992,12.724340459441,12.83529273427,11454080.161527
2011-11-11,12.955551463524,13.120287793146,12.949750037389,13.079315221068,9877072.8899864
2011-11-14,13.04885773386,13.110014434365,12.945036378655,12.979603209375,6521975.3764626
2011-11-15,12.959539943992,13.200178265545,12.955551463524,13.154371171688,10875625.429538
2011-11-16,13.04885773386,13.169116463114,12.934521293785,12.959539943992,17482966.850227
2011-11-17,12.925698291539,12.934521293785,12.604081730187,12.709111715837,15099261.382208
2011-11-18,12.699926124457,12.724340459441,12.58957816485,12.604081730187,9770349.6144321
2011-11-21,12.459287802904,12.474516546508,12.269049370898,12.38519875664,18825986.96612
2011-11-22,12.360663558611,12.427500822207,12.263247944763,12.365377217346,9186883.4250319
2011-11-23,12.263247944763,12.289596088459,12.070906495783,12.070906495783,25073555.056685
2011-11-25,12.055520630221,12.179973307119,12.005737142201,12.005737142201,10518042.181597
2011-11-28,12.309175901664,12.415293654714,12.303737064663,12.395351252376,11021811.553482
2011-11-29,12.410459132935,12.490349605334,12.303737064663,12.334678004049,9530816.5121062
2011-11-30,12.66221685458,12.821151758066,12.625837078192,12.791298586081,20216011.52431
2011-12-01,12.77425689681,12.906239341378,12.77425689681,12.881099828127,11023531.682251
2011-12-02,12.976098181085,13.011390190072,12.851004930052,12.871672510658,8645149.5949468
2011-12-05,13.04885773386,13.110014434365,12.949750037389,13.013686587918,9234420.7018305
2011-12-06,13.015982985763,13.075810192778,12.956760093969,13.011390190072,8087697.9744632
2011-12-07,12.961232026615,13.075810192778,12.851004930052,13.015982985763,7093111.9078895
2011-12-08,12.951442120012,13.036529703324,12.800605040505,12.819943127622,13632516.10231
2011-12-09,12.856322904009,13.045836157748,12.845928682184,13.021905274942,12365188.271347
2011-12-12,12.891010597774,12.911557315335,12.759028153206,12.854630821386,62099130.735199
2011-12-13,12.940806172098,12.986129813777,12.6956959179,12.735580722577,23458808.375056
2011-12-14,12.709716031059,12.720835431151,12.494942401024,12.539057412258,17887781.243343
2011-12-15,12.666205335048,12.675632652517,12.500985553248,12.506545253294,12397792.943991
2011-12-16,12.529193785135,12.645076703863,12.456150242385,12.489483127627,39398934.345965
2011-12-19,12.529193785135,12.560841975816,12.331121838897,12.368064783912,20306249.092799
2011-12-20,12.534608874795,12.734245180268,12.534608874795,12.719684605848,15400378.799419
2011-12-21,12.630877135421,12.630877135421,12.365176736093,12.509819797684,14662397.666924
2011-12-22,12.549049113889,12.654222188623,12.549049113889,12.654222188623,6534613.962172
2011-12-23,12.654222188623,12.780333610043,12.654222188623,12.780333610043,8958238.0983416
2011-12-27,12.754702185651,12.841704626192,12.744714353611,12.800188938797,4844795.9583735
2011-12-28,12.800188938797,12.805483693131,12.636171889755,12.669384439671,7884874.9843913
2011-12-29,12.693932846131,12.785748699703,12.674077517377,12.763968005736,11778589.460616
2011-12-30,12.751212461203,12.807890399647,12.726182713441,12.726182713441,5996240.881958
2012-01-03,12.935205174325,13.009452070332,12.894892840187,12.904640001576,47991100.389292
2012-01-04,12.900187594522,12.965048335119,12.831115117523,12.939296575401,6825834.3479744
2012-01-05,12.924615665656,13.005360669256,12.865651356022,12.979608909538,13513690.094137
2012-01-06,12.988874729623,13.014265483364,12.924615665656,12.983098633986,9978210.4065728
2012-01-09,13.029788740389,13.040979925687,12.929429078687,12.965048335119,5227016.2224644
2012-01-10,13.089354726652,13.114625145066,13.009452070332,13.009452070332,7944971.2192498
2012-01-11,12.983098633986,13.084661648946,12.97443449053,13.049764404469,5711712.6291163
2012-01-12,13.094769816312,13.125094318409,13.005360669256,13.114625145066,9730908.9611617
2012-01-13,13.035685171353,13.055660835433,12.943869317781,13.040979925687,7738479.0704278
2012-01-17,13.134841479797,13.192843106825,13.071184092459,13.098740882063,8157796.5042066
2012-01-18,13.134841479797,13.305356636431,13.130148402092,13.290435056034,12119528.413772
2012-01-19,13.370458047679,13.415824465499,13.344104611333,13.385499963402,10919416.151965
2012-01-20,13.359868539011,13.420517543205,13.354092443373,13.400662214451,25930078.135519
2012-01-23,13.425932632865,13.514619767967,13.359868539011,13.446389638248,58044354.428658
2012-01-24,13.385499963402,13.45974685941,13.370458047679,13.437003482837,8882203.0692219
2012-01-25,13.559504844483,13.57899916726,13.420517543205,13.540251192358,35868361.779366
2012-01-26,13.584173586269,13.599937513946,13.396570813374,13.450360703999,17425607.870064
2012-01-27,13.400662214451,13.485017277824,13.400662214451,13.450360703999,16520326.737597
2012-01-30,13.348075677084,13.509926690261,13.324850959208,13.490071361507,15394953.127483
2012-01-31,13.570094353152,13.580683861821,13.440493207285,13.515221444596,10261088.271229
2012-02-01,13.644822590463,13.710285007689,13.594763094938,13.650719021427,13025706.207292
2012-02-02,13.685255259926,13.741211186415,13.650719021427,13.675869104515,9493912.8852831
2012-02-03,13.800295831374,13.885011900725,13.775747424914,13.862268524152,10547836.154909
2012-02-06,13.819549483499,13.875625745314,13.785013245,13.866841266532,9950048.2689963
2012-02-07,13.862268524152,13.933988378318,13.79500107704,13.899091133841,14775930.413116
2012-02-08,13.929896977242,14.000172807499,13.885011900725,13.984168209169,17729737.183398
2012-02-09,14.049028949766,14.14108547399,14.005948903136,14.120387797955,18972726.297588
2012-02-10,14.020509477556,14.043734195432,13.964914557044,14.015094387896,8277175.4139873
2012-02-13,14.106188229513,14.135068707701,14.024480543307,14.106188229513,16844034.674122
2012-02-14,14.091386984442,14.14108547399,14.015094387896,14.130255294669,8494724.9974516
2012-02-15,14.204502190677,14.284525182322,14.029173621012,14.054323704101,15812046.775368
2012-02-16,14.039161453052,14.274056008979,14.033866698718,14.259856440537,20095541.224306
2012-02-17,14.294392679036,14.304982187705,14.209676609686,14.259856440537,13159967.696136
2012-02-21,14.284525182322,14.386208532608,14.233141998213,14.320746115383,19440744.310036
2012-02-22,14.300168774674,14.335908366431,14.238436752548,14.269844272577,11021698.668923
2012-02-23,14.244212848185,14.348663910964,14.175862383141,14.325920534391,7862995.2912681
2012-02-24,14.37561902394,14.435666351505,14.369842928302,14.411238280371,7889099.845185
2012-02-27,14.339999767508,14.475497344339,14.265030859546,14.435666351505,10024848.415516
2012-02-28,14.439878087907,14.539876743632,14.420504100456,14.539876743632,20220166.30761
2012-02-29,14.54336646808,14.606903520093,14.422309130343,14.477302374226,20911562.615877
2012-03-01,14.539876743632,14.583558466891,14.485485176379,14.56021341369,19353614.450771
2012-03-02,14.556603353916,14.596314011424,14.501128768731,14.542163114822,17570784.690639
2012-03-05,14.524955163235,14.550947593604,14.358651743004,14.416533034706,14492253.946725
2012-03-06,14.275139026911,14.306305876289,14.195597376569,14.275139026911,23069963.71972
2012-03-07,14.321949468641,14.40185212496,14.316053037677,14.381515454903,10828055.614828
2012-03-08,14.462019787851,14.556603353916,14.426520866745,14.526760193122,10364224.23666
2012-03-09,14.54793921046,14.605820502161,14.542163114822,14.591139592416,8662692.2993938
2012-03-12,14.569479233775,14.623870801029,14.539876743632,14.60870854998,9063089.2708296
2012-03-13,14.703412451371,14.896069307948,14.68403846392,14.896069307948,38024106.140495
2012-03-14,14.90714015792,15.018209663617,14.85864502163,14.953348923021,18539663.108028
2012-03-15,15.015321615799,15.03096520815,14.929883534493,14.99474427509,14750294.5495
2012-03-16,14.980970322432,14.986128108764,14.915838276433,14.940187825858,13064683.154731
2012-03-19,14.969935058653,15.084605843138,14.934910091007,15.050780360686,13256792.237257
2012-03-20,14.975692587581,15.05545835294,14.920876114245,15.036386538365,11432176.967206
2012-03-21,15.060136345194,15.12586813379,15.025711120144,15.030988854995,17649853.551547
2012-03-22,14.954101854101,15.036386538365,14.940187825858,14.995484093272,15004837.158205
2012-03-23,15.014675856366,15.014675856366,14.915838276433,14.995484093272,12033350.707401
2012-03-26,15.093721930608,15.218708287756,15.060136345194,15.214510089579,24375473.046209
2012-03-27,15.228903911899,15.271485636263,15.199276627623,15.208512663612,12875908.83617
2012-03-28,15.208512663612,15.265608158816,15.07884831421,15.155495418066,12978891.349571
2012-03-29,15.073690527879,15.145779587999,15.014675856366,15.12586813379,11474250.850468
2012-03-30,15.175286923756,15.189920643115,15.035786795769,15.07884831421,14712775.19534
2012-04-02,15.073690527879,15.260450372484,15.045502625835,15.240059124197,32815959.061434
2012-04-03,15.275563885921,15.311068647644,15.149857837657,15.228903911899,13552358.20336
2012-04-04,15.104997091425,15.115552561127,14.954101854101,15.050780360686,18419453.714277
2012-04-05,15.000761828123,15.099719356575,14.986128108764,15.084605843138,6849716.8998023
2012-04-09,14.900005071881,15.05545835294,14.888370065505,14.980970322432,11527371.973057
2012-04-10,14.986128108764,15.045502625835,14.734716012236,14.769621031363,28745705.400081
2012-04-11,14.888370065505,14.929752304676,14.819039821329,14.853944840456,18613091.786082
2012-04-12,14.888370065505,15.05545835294,14.874456037262,15.040344839503,18138816.652758
2012-04-13,15.000761828123,15.000761828123,14.79001227965,14.805605587163,21060708.493866
2012-04-16,14.888370065505,14.894247542953,14.62568280816,14.651951533894,41439967.975666
2012-04-17,14.69969104459,14.995484093272,14.694413309739,14.969935058653,20538100.959007
2012-04-18,14.884771609925,14.925074312422,14.810883322014,14.84410906187,14339577.591502
2012-04-19,14.810883322014,14.944745869593,14.610569294724,14.694413309739,38465011.702957
2012-04-20,14.754987312004,14.814361829075,14.62568280816,14.640316527519,23047860.993289
2012-04-23,14.524326309321,14.564149217741,14.39993969477,14.524326309321,29608801.506422
2012-04-24,14.509812538482,14.599174185387,14.440602242825,14.495418716161,19249644.037188
2012-04-25,14.810883322014,14.915838276433,14.810883322014,14.905282806731,28710281.036167
2012-04-26,14.900005071881,15.050780360686,14.900005071881,15.020313436774,18955085.169803
2012-04-27,15.040344839503,15.064214594851,14.954101854101,15.014675856366,10005529.094037
2012-04-30,14.995484093272,15.00484007778,14.892568263682,14.91463879124,20123542.277704
2012-05-01,14.900005071881,15.10955513516,14.879613823594,14.959379588952,23355960.669755
2012-05-02,14.879613823594,14.975692587581,14.84410906187,14.969935058653,12842489.499089
2012-05-03,14.995484093272,15.000761828123,14.805605587163,14.84410906187,16789319.377623
2012-05-04,14.713125278756,14.739993747087,14.528404558979,14.533682293829,24187764.184735
2012-05-07,14.445760029156,14.568227467398,14.41973120046,14.495418716161,16165373.367997
2012-05-08,14.41973120046,14.48486324646,14.260319618263,14.445760029156,20349806.012766
2012-05-09,14.294384997755,14.514610479255,14.23920867886,14.445760029156,20927009.469578
2012-05-10,14.464591946692,14.475507261952,14.303740982263,14.335287442848,17287473.088322
2012-05-11,14.303740982263,14.501176245089,14.285148961766,14.345603015511,13623773.841063
2012-05-14,14.244246516672,14.330609450594,14.199025924883,14.220376761325,26524668.396245
2012-05-15,14.254921934893,14.350400956284,14.149966980474,14.179354367712,16883188.814797
2012-05-16,14.244246516672,14.254921934893,14.051009452023,14.066842656575,25618616.361573
2012-05-17,14.079557199624,14.109784226497,13.859571615163,13.864849350014,16316844.183149
2012-05-18,13.920025668908,13.96488641514,13.705317819297,13.735304949131,24641782.29435
2012-05-21,13.764572387849,14.079557199624,13.735304949131,14.07499915589,17104258.654983
2012-05-22,14.120459644718,14.159322964983,13.949293107626,14.030738152255,14872336.147872
2012-05-23,13.924823609681,14.085434677072,13.794919363241,14.04609156273,17437288.193165
2012-05-24,14.085434677072,14.090112669326,13.859571615163,13.96488641514,11619806.628035
2012-05-25,13.955170585073,13.989355913084,13.904912155472,13.93417959419,10010327.819383
2012-05-29,14.079557199624,14.179354367712,14.020182682553,14.120459644718,14679671.827145
2012-05-30,13.994033905338,14.07499915589,13.949293107626,14.030738152255,11017539.085259
2012-05-31,14.005069169117,14.05328847389,13.864849350014,13.966085900333,23844164.278473
2012-06-01,13.722950251639,13.804275347749,13.602162092668,13.602162092668,24028740.962892
2012-06-04,13.646063250745,13.709995811551,13.51879787173,13.679049093563,15482075.229313
2012-06-05,13.643064537762,13.777526827937,13.627831075806,13.762893108578,14267995.215599
2012-06-06,13.857772387373,14.095630301215,13.852014858445,14.079557199624,12712530.412588
2012-06-07,14.214619232396,14.219896967247,13.997632360918,14.007947933581,13362088.24316
2012-06-08,13.997632360918,14.173956684342,13.959248834731,14.164600699833,15210350.324491
2012-06-11,14.280590918031,14.290306748097,13.939217432002,13.96488641514,27117381.006569
2012-06-12,13.993554111261,14.119859902121,13.91426813998,14.104626440166,16018669.597934
2012-06-13,14.084235191879,14.153565436055,13.978920391902,14.019702888476,22708874.732973
2012-06-14,14.030738152255,14.140730944486,13.939217432002,14.090112669326,21162246.220779
2012-06-15,14.090417457285,14.22089645549,14.07070222404,14.18433365929,29203387.392703
2012-06-18,14.138570420908,14.345042681804,14.119333132711,14.290317973766,17300953.798318
2012-06-19,14.36475791505,14.459271548365,14.350300077336,14.399408931057,13111817.815375
2012-06-20,14.420199540661,14.468352504284,14.311347555894,14.425456936193,18961824.232494
2012-06-21,14.415181117653,14.434896350898,14.065444828507,14.085638006801,12347519.908649
2012-06-22,14.132715594066,14.253874663828,14.104277863688,14.240014257425,28528545.795119
2012-06-25,14.110013204268,14.110013204268,13.925048470548,13.948706750443,9027649.5482208
2012-06-26,13.991243859748,14.041308603565,13.905452723565,14.006657587558,11240818.621957
2012-06-27,14.065444828507,14.129250492465,14.029957408666,14.090417457285,14875218.865083
2012-06-28,13.996381769018,14.016694433574,13.814882136899,13.975471673152,21093609.054772
2012-06-29,14.213368820978,14.384951093343,14.178000887399,14.364160483739,17999326.971422
2012-07-02,14.404666326589,14.450549051232,14.335005835789,14.446008573273,16942778.730738
2012-07-03,14.434896350898,14.560476412358,14.425456936193,14.560476412358,6853115.878414
2012-07-05,14.524033102419,14.634318922331,14.464409457635,14.560476412358,14129196.699532
2012-07-06,14.464409457635,14.464409457635,14.243479359026,14.345042681804,13804304.119247
2012-07-09,14.311347555894,14.345042681804,14.230096897671,14.316604951426,14639396.775527
2012-07-10,14.370015310582,14.420199540661,14.104277863688,14.154581580029,14579833.442677
2012-07-11,14.144305761489,14.179673695068,13.975471673152,14.090417457285,15684015.611315
2012-07-12,13.991243859748,14.012034469352,13.834716856406,13.948706750443,19515641.875134
2012-07-13,13.980729068684,14.169756335314,13.975471673152,14.132715594066,13778655.982412
2012-07-16,14.132715594066,14.189352082298,14.090417457285,14.119333132711,9420396.7911096
2012-07-17,14.210501150688,14.22089645549,14.001400192026,14.174416299536,16763714.630604
2012-07-18,14.173340923177,14.454611584143,14.163184590899,14.419721595612,16260221.601813
2012-07-19,14.50921680592,14.596680749772,14.489382086412,14.544584739499,19685895.75741
2012-07-20,14.519134165674,14.534547893483,14.370015310582,14.379813184073,31410420.196151
2012-07-23,14.132715594066,14.290317973766,14.025297444444,14.240014257425,13050016.568348
2012-07-24,14.242881927715,14.279444723915,14.003789917268,14.092568210002,15751783.234623
2012-07-25,13.996381769018,14.129250492465,13.953964145975,14.041308603565,16461096.57756
2012-07-26,14.243479359026,14.316604951426,14.174416299536,14.253874663828,14087827.090061
2012-07-27,14.335005835789,14.59142335424,14.29569485556,14.565255862841,18278077.008595
2012-07-30,14.585688013659,14.680321133237,14.539327343967,14.571230175946,17852905.954532
2012-07-31,14.611736018795,14.710312185022,14.601340713993,14.63025638942,17480563.567878
2012-08-01,14.725247967783,14.725247967783,14.529409984213,14.581028049438,18240602.407569
2012-08-02,14.459271548365,14.648896246306,14.409445777072,14.484244177142,13260704.387676
2012-08-03,14.735404300061,14.814265233043,14.66968685591,14.770055316068,16377136.297739
2012-08-06,14.824541051583,14.940562212075,14.814265233043,14.874605795399,22640350.887373
2012-08-07,14.926104374361,15.033880982769,14.904596847185,14.976049631916,15374647.828337
2012-08-08,14.945819607607,15.018945200007,14.920846978829,14.981187541186,17118406.452557
2012-08-09,15.004367876032,15.054910564897,14.971389667694,15.029101532285,8787470.4724227
2012-08-10,14.981187541186,15.07104121028,14.95059905809,15.06590330101,22866042.942072
2012-08-13,15.06590330101,15.114534209682,15.004367876032,15.109396300412,10418332.435857
2012-08-14,15.154084162434,15.158863612918,15.033880982769,15.079883193675,12665330.50323
2012-08-15,15.085738020517,15.119791605214,15.06076539174,15.085738020517,11301536.899297
2012-08-16,15.164001522188,15.315271129997,15.144166802681,15.29029850122,14336409.642396
2012-08-17,15.315271129997,15.379196280217,15.301888668643,15.373938884685,16269664.52839
2012-08-20,15.358166698089,15.410382194623,15.310730652038,15.390069530067,16192444.772425
2012-08-21,15.450410092424,15.480042685423,15.245132694149,15.29029850122,20247906.810596
2012-08-22,15.25660337531,15.352909302557,15.200444832126,15.315271129997,37099968.836249
2012-08-23,15.250868034729,15.285638536998,15.154084162434,15.191244389945,14113707.052709
2012-08-24,15.139028893411,15.310730652038,15.105214281238,15.285638536998,12513610.132349
2012-08-27,15.347173961976,15.358166698089,15.271300185547,15.301888668643,9647401.130562
2012-08-28,15.285638536998,15.319811607957,15.220279551634,15.265325872443,15733614.618734
2012-08-29,15.285638536998,15.339048896154,15.235334820657,15.296153328063,9582807.0938517
2012-08-30,15.225297974642,15.245132694149,15.114534209682,15.125049000746,12042060.524777
2012-08-31,15.238202490948,15.293883089083,15.087888773235,15.24345988648,13221110.714586
2012-09-04,15.227687699883,15.288506207289,15.097567160464,15.24345988648,13611758.971402
2012-09-05,15.232347664105,15.304875825195,15.198055106884,15.227687699883,17578509.555935
2012-09-06,15.336659170912,15.574317346214,15.317660855239,15.569896354517,15790665.52886
2012-09-07,15.525327978756,15.574317346214,15.488287237508,15.544804239477,16006135.487909
2012-09-10,15.515888564051,15.56153231617,15.379196280217,15.379196280217,12528251.146046
2012-09-11,15.406439147974,15.499638432406,15.395326925599,15.421374930736,10634314.58768
2012-09-12,15.484822135907,15.521145959583,15.410382194623,15.504895827939,10383053.903194
2012-09-13,15.521145959583,15.775890670365,15.510631168519,15.712562951456,17638839.504113
2012-09-14,15.755936464595,15.860486943926,15.739805819213,15.789631590505,20608140.692267
2012-09-17,15.800863299142,15.814484733021,15.750918041587,15.805642749626,7630598.5644813
2012-09-18,15.770633274833,15.814484733021,15.765973310611,15.814484733021,10617760.383327
2012-09-19,15.805642749626,15.870882248729,15.775293239054,15.830376405879,34489686.327302
2012-09-20,15.775293239054,15.819622642291,15.718298292036,15.800863299142,14270265.636704
2012-09-21,15.80559064509,15.851165616987,15.724674245902,15.754541916779,17937747.78104
2012-09-24,15.634238270338,15.680289221052,15.594137054857,15.653634407202,9362292.2373461
2012-09-25,15.691117739179,15.705754087856,15.428972404748,15.43408917705,10879505.129055
2012-09-26,15.404221506173,15.414574045481,15.241912728976,15.324495054031,14781940.125735
2012-09-27,15.346390079694,15.554987797014,15.330206799856,15.524406157909,9697132.3472817
2012-09-28,15.483233990086,15.538209543653,15.38791923163,15.412313146092,16246699.422838
2012-10-01,15.475856318396,15.560223564021,15.341273307392,15.381136533463,29854802.440741
2012-10-02,15.450391451592,15.475856318396,15.282370928571,15.39958071269,15035388.378568
2012-10-03,15.450391451592,15.515005576239,15.381136533463,15.480854095993,10537267.210937
2012-10-04,15.496323407602,15.554987797014,15.424569600675,15.524406157909,7925476.2004804
2012-10-05,15.594137054857,15.610320334695,15.404221506173,15.445750658109,9157794.9022462
2012-10-08,15.335442566862,15.381136533463,15.25976193468,15.282370928571,35163631.112137
2012-10-09,15.254645162378,15.263926749344,15.04485749801,15.088766544041,30969305.815879
2012-10-10,15.094121305752,15.119943156669,15.000829457275,15.030102154629,26583496.368629
2012-10-11,15.140172256467,15.145884002292,14.969176865828,14.969176865828,13798645.950542
2012-10-12,14.973698664606,15.049617286198,14.930503586804,14.958943321224,14276227.706371
2012-10-15,14.995355700859,15.054615063795,14.905633693524,15.03545691634,10338198.688839
2012-10-16,15.054615063795,15.254645162378,15.054615063795,15.241912728976,22450873.818045
2012-10-17,15.11411241614,15.211331089871,15.084125750558,15.160520350969,21196844.906512
2012-10-18,15.119943156669,15.175513683759,14.930503586804,14.984884166847,24502367.627261
2012-10-19,14.973698664606,14.973698664606,14.644559311435,14.644559311435,25686353.926211
2012-10-22,14.644559311435,14.779737295962,14.614691640558,14.745109836897,12177763.739831
2012-10-23,14.644559311435,14.7248807371,14.56602280634,14.585180953795,21123910.568613
2012-10-24,14.630160952167,14.670619151762,14.474753867843,14.50057571876,12784406.700864
2012-10-25,14.588631800231,14.609336878847,14.413471594928,14.469042122018,10471748.329064
2012-10-26,14.448932016925,14.561025028743,14.360399956636,14.495577941163,19385271.857422
2012-10-31,14.489985190043,14.511285242182,14.390624611627,14.434295668248,38868912.797993
2012-11-01,14.511285242182,14.686207458076,14.47951365603,14.670619151762,13815465.186366
2012-11-02,14.715123171316,14.733448355838,14.46428233383,14.47951365603,18268834.782792
2012-11-05,14.489985190043,14.593867567237,14.453453815703,14.561025028743,12036300.302077
2012-11-06,14.62516317457,14.728450578241,14.588631800231,14.62516317457,12140657.046626
2012-11-07,14.469042122018,14.474753867843,14.220700173331,14.260444404697,20196619.725816
2012-11-08,14.305067418956,14.349571438509,14.049585787987,14.055535523222,18926748.0925
2012-11-09,14.04458801039,14.260444404697,14.034592455196,14.119673669049,28790795.430258
2012-11-12,14.166319593288,14.19404535948,14.049585787987,14.099920548071,10223991.085774
2012-11-13,13.994729229125,14.160607847462,13.956650923625,14.030070656418,19870915.316522
2012-11-14,14.094684781064,14.124314462532,13.860146218121,13.888466957838,30501659.796292
2012-11-15,13.899533465374,13.956650923625,13.765426433189,13.809811458038,17898964.542643
2012-11-16,13.823852833191,13.879304365576,13.60383162422,13.829564579016,17344996.194455
2012-11-19,13.999489017313,14.220700173331,13.990088435642,14.209752660499,21953834.053508
2012-11-20,14.188333613655,14.19404535948,14.021265048271,14.150374302859,28923675.29278
2012-11-21,14.154896101637,14.225935940337,14.133953033612,14.19404535948,20198152.567134
2012-11-23,14.285433292682,14.434295668248,14.26508519818,14.424062123645,16570961.751155
2012-11-26,14.399192230365,14.489985190043,14.344335671503,14.489985190043,16138343.34066
2012-11-27,14.474753867843,14.521042807967,14.390624611627,14.424062123645,21504928.363634
2012-11-28,14.33029429635,14.521042807967,14.251281812436,14.511285242182,22532145.501733
2012-11-29,14.57923121856,14.630160952167,14.516996988008,14.57923121856,27040710.831592
2012-11-30,14.573519472735,14.603506138317,14.515807040961,14.565427832816,12603510.415973
2012-12-03,14.655030845447,14.694299097995,14.531395347275,14.546507674771,15812912.893137
2012-12-04,14.546507674771,14.556979208783,14.444172228738,14.521042807967,21323600.126749
2012-12-05,14.489985190043,14.489985190043,14.285433292682,14.374917310608,25176404.34351
2012-12-06,14.334935089833,14.495577941163,14.275437737488,14.459403550938,19229641.402703
2012-12-07,14.531395347275,14.546507674771,14.325772497572,14.38586482344,47442697.67911
2012-12-10,14.349571438509,14.489985190043,14.339575883316,14.418112388411,27463530.486729
2012-12-11,14.536631114281,14.698820896773,14.511285242182,14.614691640558,19841957.725434
2012-12-12,14.686207458076,14.694299097995,14.556979208783,14.588631800231,13110078.33559
2012-12-13,14.570068626299,14.63480174565,14.434295668248,14.484273444218,17561304.139141
2012-12-14,14.390624611627,14.434295668248,14.305067418956,14.344335671503,18332067.848664
2012-12-17,14.344335671503,14.52568360145,14.339575883316,14.521042807967,17626674.274899
2012-12-18,14.585180953795,14.74975063038,14.536631114281,14.733448355838,22085214.689653
2012-12-19,14.764029994943,14.779737295962,14.655030845447,14.660147617749,18278682.279813
2012-12-20,14.670619151762,14.710482377833,14.585180953795,14.686207458076,14209570.958739
2012-12-21,14.410498691097,14.494259337639,14.358798969997,14.476158519954,27099166.194613
2012-12-24,14.436407704646,14.461725188205,14.404938309194,14.436407704646,5188408.9622444
2012-12-26,14.436407704646,14.480535841878,14.295268649104,14.353593506088,8449826.0223934
2012-12-27,14.344602250245,14.378910989647,14.155667571534,14.338805256346,21490297.569578
2012-12-28,14.224639968333,14.324845148589,14.166078499353,14.180866749095,16506945.83539
2012-12-31,14.144073583736,14.486332835777,14.122305280115,14.427298142805,30372542.918893
2013-01-02,14.809663128147,14.91519207831,14.740099201359,14.905017762487,30082820.499093
2013-01-03,14.894015304679,14.935540709956,14.764943460926,14.809663128147,19579331.059543
2013-01-04,14.795821326388,14.809663128147,14.700111774055,14.749327069198,13358752.113307
2013-01-07,14.705080625968,14.764943460926,14.643206589046,14.729924885536,15375891.600357
2013-01-08,14.729924885536,14.760329527006,14.595529271876,14.674675984498,11130221.822447
2013-01-09,14.689109316246,14.729924885536,14.669707132584,14.700111774055,23198463.710928
2013-01-10,14.805167500226,14.809663128147,14.648766970949,14.775827612737,19470546.211571
2013-01-11,14.770622148827,14.815223510051,14.740099201359,14.795821326388,10115736.487049
2013-01-14,14.694788004148,14.735130349445,14.643206589046,14.700111774055,19462994.607971
2013-01-15,14.634570251196,14.634570251196,14.550099768667,14.606413423686,16168280.842088
2013-01-16,14.613748395559,14.715964777779,14.595529271876,14.653972434858,17575471.541618
2013-01-17,14.729924885536,14.770622148827,14.700111774055,14.715964777779,12706163.053206
2013-01-18,14.659769428757,14.700111774055,14.619663695456,14.694788004148,15480961.505657
2013-01-22,14.705080625968,14.735130349445,14.625342383357,14.735130349445,12801164.998972
2013-01-23,14.868934433115,14.945241801787,14.851070227426,14.889401370759,18974758.161758
2013-01-24,14.653972434858,14.770622148827,14.613748395559,14.634570251196,26756885.99999
2013-01-25,14.689109316246,14.744121605289,14.630547847266,14.648766970949,32416920.247271
2013-01-28,14.674675984498,14.749327069198,14.639657409107,14.700111774055,14428265.089851
2013-01-29,14.674675984498,14.754532533107,14.606413423686,14.719987181709,13582693.421958
2013-01-30,14.710877619867,14.775827612737,14.653972434858,14.674675984498,11926581.277085
2013-01-31,14.724719421626,14.810254658137,14.683312322347,14.700111774055,10834518.302684
2013-02-01,14.825871049865,14.899339074586,14.770622148827,14.864320499196,14645052.069772
2013-02-04,14.815223510051,14.834862305709,14.659769428757,14.669707132584,21763555.904429
2013-02-05,14.724719421626,14.894015304679,14.710877619867,14.840659299608,19259240.779596
2013-02-06,14.795821326388,14.894015304679,14.775827612737,14.834862305709,14875443.60084
2013-02-07,14.851070227426,14.864320499196,14.694788004148,14.834862305709,19868597.035874
2013-02-08,14.894015304679,14.998597806858,14.889401370759,14.964289067455,18265189.742053
2013-02-11,14.983691251117,15.008535510685,14.935540709956,14.994575402928,12871141.163698
2013-02-12,14.980260377177,15.008535510685,14.921107378207,14.945241801787,10737793.70546
2013-02-13,14.95080218369,14.998597806858,14.894015304679,14.940746173865,17999073.056947
2013-02-14,14.854501101367,14.921107378207,14.831076513775,14.899339074586,12739975.371006
2013-02-15,14.910933062384,14.964289067455,14.845864763517,14.889401370759,10023393.747118
2013-02-19,14.91519207831,14.988896715027,14.91519207831,14.988896715027,9237158.0395504
2013-02-20,14.983691251117,14.994575402928,14.781506300638,14.785528704568,13324290.631463
2013-02-21,14.735130349445,14.744121605289,14.613748395559,14.664974892667,33263150.37713
2013-02-22,14.764943460926,14.851070227426,14.710877619867,14.845864763517,17345373.317741
2013-02-25,14.924419946149,14.975054913268,14.625342383357,14.634570251196,16158433.496896
2013-02-26,14.674675984498,14.749327069198,14.606413423686,14.719987181709,15218954.502296
2013-02-27,14.700111774055,14.921107378207,14.683312322347,14.845864763517,16499367.183288
2013-02-28,14.850478697437,14.945833331777,14.814631980061,14.814631980061,13330363.020121
2013-03-01,14.749918599188,14.875086345008,14.674202760506,14.841250829597,11010334.409747
2013-03-04,14.795821326388,14.894015304679,14.775827612737,14.88360437686,9997265.7396307
2013-03-05,14.971032509338,15.127787956609,14.971032509338,15.092296157226,24874360.989613
2013-03-06,15.142812818347,15.148609812246,15.05704096984,15.081293699418,14349662.143577
2013-03-07,15.087208999315,15.142812818347,15.066860367669,15.117495334788,10653837.691623
2013-03-08,15.185757895599,15.185757895599,15.102588779047,15.148609812246,11980280.160579
2013-03-11,15.115010908831,15.188715545548,15.069936323616,15.178896147719,10736909.557557
2013-03-12,15.142812818347,15.166828935929,15.062364739748,15.127787956609,9704132.6728056
2013-03-13,15.123292328687,15.175583579776,15.066860367669,15.117495334788,10970600.160581
2013-03-14,15.166828935929,15.236984392707,15.166828935929,15.226691770887,11512952.206269
2013-03-15,15.16453486434,15.17478547063,15.061557509194,15.10043911926,19710153.378095
2013-03-18,14.981555650905,15.169601255954,14.958462330987,15.104916395571,12344779.45172
2013-03-19,15.142501951969,15.17478547063,14.958462330987,15.086771644207,14551504.503822
2013-03-20,15.169601255954,15.195875798515,15.113635302071,15.15876153436,14613616.283552
2013-03-21,15.00995100856,15.050010849234,14.954102877737,14.990038911283,11593466.428675
2013-03-22,15.030687867262,15.104916395571,15.014546107931,15.086771644207,6818335.0058262
2013-03-25,15.147921812766,15.17478547063,14.995576595141,15.050010849234,9150106.8857638
2013-03-26,15.1237680853,15.147921812766,15.091838035821,15.142501951969,8449485.1277312
2013-03-27,15.040938473552,15.113635302071,15.014546107931,15.104916395571,14460774.387606
2013-03-28,15.070512061815,15.147921812766,15.046004865167,15.1324869918,14851121.571635
2013-04-01,15.147921812766,15.147921812766,14.995576595141,15.035282966633,9259811.216235
2013-04-02,15.091838035821,15.15876153436,15.061557509194,15.095844019889,8435591.4129629
2013-04-03,15.109511494942,15.1324869918,14.949036486122,14.975664497865,16947231.605669
2013-04-04,14.975664497865,15.00995100856,14.909919229934,14.981555650905,11271585.468022
2013-04-05,14.775011825309,14.89036060184,14.736130215242,14.86420388234,14024992.973951
2013-04-08,14.8757505423,14.928888742724,14.819902411477,14.928888742724,12645944.603574
2013-04-09,14.964235660966,15.075696276491,14.899668623644,15.035282966633,11940073.448727
2013-04-10,15.075696276491,15.316055320539,15.066034785504,15.300502676512,21107379.00499
2013-04-11,15.220382995163,15.269868680702,15.185625192224,15.249131822,12486323.89884
2013-04-12,15.180440977549,15.225567209838,15.086771644207,15.185625192224,11498918.723637
2013-04-15,15.127891892428,15.15876153436,14.933837311278,14.933837311278,32842474.753813
2013-04-16,15.046004865167,15.137553383415,15.005355909188,15.118701693685,16639955.595762
2013-04-17,14.986032927216,14.995576595141,14.744731298681,14.808827043761,24092885.387086
2013-04-18,14.8757505423,14.88022781861,14.614301170367,14.655892710832,31545644.583622
2013-04-19,14.623373546049,14.730356885263,14.549616309983,14.674980046683,17219972.780271
2013-04-22,14.72116668652,14.82921043328,14.655892710832,14.791035761579,14642595.330409
2013-04-23,14.860669190516,15.005355909188,14.814364727619,14.949036486122,24907600.259894
2013-04-24,14.855484975841,15.014546107931,14.839696685692,14.975664497865,11095646.226095
2013-04-25,15.00995100856,15.104916395571,14.990038911283,15.025621475647,12937772.024829
2013-04-26,15.000878632878,15.066034785504,14.958462330987,15.019730322607,10734205.098119
2013-04-29,15.055784179214,15.273639018648,15.055784179214,15.235346523885,16512232.721337
2013-04-30,15.255376444223,15.407486015726,15.221561225771,15.40230180105,26791902.012689
2013-05-01,15.378855011949,15.400652278199,15.249131822,15.26515575827,17378373.010854
2013-05-02,15.284478740242,15.479240259758,15.279412348627,15.460388570028,12827758.756534
2013-05-03,15.589876113856,15.640186560821,15.569257078215,15.604721819518,20859217.908176
2013-05-06,15.644899483253,15.700865437137,15.624869562916,15.6808355168,14484402.190015
2013-05-07,15.691675238394,15.713590327704,15.589876113856,15.671174025814,12560925.593447
2013-05-08,15.655032266483,15.801015038824,15.624869562916,15.795713001088,16986645.791382
2013-05-09,15.763900774669,15.84566997887,15.705342713448,15.747641192278,20527734.413076
2013-05-10,15.779806887878,15.821987543648,15.719245834623,15.795713001088,9392468.6085386
2013-05-13,15.779806887878,15.801015038824,15.728436033366,15.752825406953,9465725.0656432
2013-05-14,15.737626232109,15.859219630863,15.737626232109,15.80631707656,14746676.822741
2013-05-15,15.795713001088,15.859219630863,15.758009621629,15.854742354552,12837462.289885
2013-05-16,15.894802195227,16.035011637588,15.889028865247,15.940635365881,18301659.159203
2013-05-17,15.998250842616,16.104173774283,15.961018755401,16.098753913485,34379017.75956
2013-05-20,16.059872303419,16.156133744099,16.045380066939,16.098753913485,16182119.076917
2013-05-21,16.065056518094,16.098753913485,15.989531936117,16.049268227946,16768886.213384
2013-05-22,16.074953655202,16.145176199444,15.811972583479,15.874300982646,28816711.064196
2013-05-23,15.737626232109,15.925554014098,15.705342713448,15.869116767971,34028703.485622
2013-05-24,15.763900774669,15.854742354552,15.732442017434,15.84566997887,10553209.121153
2013-05-28,16.018869878258,16.069062502162,15.884433765876,15.920369799422,12611632.135604
2013-05-29,15.840485764195,15.930738228773,15.762722544061,15.879367374261,16461854.637799
2013-05-30,15.894802195227,16.045380066939,15.874300982646,15.980577383495,17674856.566454
2013-05-31,15.920958914726,16.062817879939,15.821987543648,15.831295565452,13932852.268001
2013-06-03,15.851207662728,15.914949938625,15.737626232109,15.90976572395,20009144.931687
2013-06-04,15.925082721855,16.009090564211,15.794770416601,15.840485764195,18547170.520066
2013-06-05,15.799954631277,15.840485764195,15.66481158053,15.684252385563,15854663.65575
2013-06-06,15.690025715543,15.741514393116,15.553468788067,15.717596311772,29457224.894702
2013-06-07,15.799954631277,15.879367374261,15.717596311772,15.863932553295,13022611.104135
2013-06-10,15.925554014098,15.966320793137,15.874300982646,15.899279471538,12781947.690661
2013-06-11,15.751764999406,15.894330902984,15.712412097096,15.731263786826,14615593.825116
2013-06-12,15.821987543648,15.851207662728,15.594353390167,15.630053777592,17901695.012313
2013-06-13,15.599419781782,15.841074879499,15.575030408194,15.811972583479,15217073.701076
2013-06-14,15.788879263561,15.840485764195,15.673412663969,15.690025715543,11558456.304412
2013-06-17,15.790057494169,15.931327344077,15.769556281588,15.836361957066,13176640.37375
2013-06-18,15.863932553295,15.998250842616,15.854153239248,15.961018755401,12637536.232638
2013-06-19,15.97539316882,15.980577383495,15.762722544061,15.77415138096,22447698.114994
2013-06-20,15.608256511342,15.684252385563,15.39205119476,15.425866413212,31562998.571763
2013-06-21,15.370250103731,15.390531345049,15.151025125324,15.255127681915,24222779.222442
2013-06-24,15.120896344869,15.17435441447,14.970604140421,15.067789973095,22371550.266012
2013-06-25,15.226053994939,15.255127681915,15.09979447529,15.194987353614,16527513.293998
2013-06-26,15.343872766757,15.348562071108,15.240942536254,15.284670299326,40940596.223177
2013-06-27,15.375994501561,15.440003505952,15.348562071108,15.359230238507,13088429.201127
2013-06-28,15.235901534076,15.375994501561,15.178926486212,15.294517838463,18291106.224007
2013-07-01,15.409405795062,15.494751134249,15.359230238507,15.375994501561,19152783.713372
2013-07-02,15.364388473293,15.505653766865,15.309758077604,15.399792721142,28990229.21648
2013-07-03,15.359230238507,15.559580766901,15.359230238507,15.489475666854,23194048.383289
2013-07-05,15.58068263648,15.600494947363,15.423590940723,15.591468036488,28408072.93152
2013-07-08,15.667669232191,15.683730099593,15.535196384276,15.58068263648,15657942.096477
2013-07-09,15.643167616957,15.662628230013,15.565325164731,15.638830010432,24937661.377472
2013-07-10,15.633671775646,15.741525775718,15.630154797383,15.689357264814,17682725.153706
2013-07-11,15.850903799704,15.969425967174,15.835194630128,15.954654658469,20649563.507282
2013-07-12,15.969425967174,15.985017904141,15.904948032349,15.965440058476,14417813.590249
2013-07-15,15.974935899787,16.023939130254,15.914561106268,16.009167821549,9099932.2727511
2013-07-16,15.999554747629,16.03484176287,15.969425967174,16.023939130254,9948250.8510047
2013-07-17,16.070597708546,16.094630393345,16.004712982415,16.03484176287,10960843.688796
2013-07-18,16.045744395486,16.075638710724,15.96028182369,15.994982675887,8532232.7163215
2013-07-19,15.830036395342,15.845276634483,15.683730099593,15.726520001795,27198928.978463
2013-07-22,15.756531549641,15.789004982271,15.720775603965,15.771302858347,10077335.242782
2013-07-23,15.789004982271,15.814678923593,15.699556501777,15.705300899607,9168942.0822624
2013-07-24,15.881032580159,15.892052445384,15.779157443134,15.808817293154,11582810.569535
2013-07-25,15.794280449666,15.840587330132,15.746215080069,15.819016530118,9657533.9561368
2013-07-26,15.750787151811,15.865440643192,15.70975573874,15.865440643192,12053957.638407
2013-07-29,15.830036395342,15.892052445384,15.804831384456,15.840587330132,7955332.6480951
2013-07-30,15.900493193215,15.985017904141,15.886308047554,15.918078084532,11122538.461251
2013-07-31,15.949496423683,16.009167821549,15.840587330132,15.865440643192,13681777.76453
2013-08-01,15.969425967174,16.050785397664,15.965440058476,16.03484176287,15494512.311877
2013-08-02,16.03484176287,16.115028867272,16.004712982415,16.105415793352,8857930.4927282
2013-08-05,16.070597708546,16.160397886867,16.06543947376,16.13999941294,8738112.2941321
2013-08-06,16.13999941294,16.13999941294,16.009167821549,16.055709167232,9372473.337342
2013-08-07,16.018780895468,16.060281238974,15.949496423683,16.013739893291,10499928.414751
2013-08-08,16.090527252038,16.099554162913,15.969425967174,16.070597708546,10116982.061603
2013-08-09,16.039882765048,16.075638710724,15.93355278889,15.985017904141,7339555.1715462
2013-08-12,15.895334958429,16.105415793352,15.895334958429,16.090527252038,9966561.4560697
2013-08-13,16.109870632486,16.228861730391,16.02909736504,16.201429299938,9430928.0631361
2013-08-14,16.196271065152,16.233433802133,16.129682943368,16.185720130362,10591347.518293
2013-08-15,16.023939130254,16.023939130254,15.900493193215,15.923822482361,14072133.319001
2013-08-16,15.923822482361,15.985017904141,15.876460508417,15.910106267135,14471230.468586
2013-08-19,15.918078084532,16.018780895468,15.860751338841,15.860751338841,9623557.0614685
2013-08-20,15.904948032349,15.96028182369,15.845276634483,15.886308047554,6635738.1972165
2013-08-21,15.871067808413,15.969425967174,15.808817293154,15.850903799704,12136614.674716
2013-08-22,15.895334958429,15.939179954111,15.819016530118,15.918078084532,12098199.595097
2013-08-23,16.055709167232,16.070597708546,15.989238278057,16.03484176287,10144611.746158
2013-08-26,16.023939130254,16.099554162913,15.954654658469,15.96028182369,13593689.645465
2013-08-27,15.808817293154,15.865440643192,15.643167616957,15.678454632198,13722809.863451
2013-08-28,15.648443084352,15.771302858347,15.648443084352,15.689357264814,9001208.8874997
2013-08-29,15.720775603965,15.855475871446,15.699556501777,15.774702604001,9575401.5178954
2013-08-30,15.808817293154,15.808817293154,15.657587227836,15.699556501777,14343126.17954
2013-09-03,15.766848019213,15.83120872143,15.653015156094,15.716555230049,14789935.310104
2013-09-04,15.751959477899,15.892638608428,15.73273333006,15.872709064936,14321177.508202
2013-09-05,15.888652699729,15.930739206279,15.852545056227,15.87810176494,7428026.2898509
2013-09-06,15.920422736707,15.956764845427,15.757000480076,15.888652699729,10285700.477126
2013-09-09,15.980094134573,16.109870632486,15.965440058476,16.075638710724,11429151.104064
2013-09-10,16.168369704264,16.213973189077,16.112801447705,16.173645171659,13549573.933513
2013-09-11,16.039882765048,16.13999941294,16.02909736504,16.099554162913,18665308.423027
2013-09-12,16.109870632486,16.170714356439,16.070597708546,16.115028867272,12105267.594425
2013-09-13,16.143516391204,16.163328702086,16.073528523766,16.128041686845,7982338.7860042
2013-09-16,16.253363345625,16.253363345625,16.060281238974,16.105415793352,16426970.449108
2013-09-17,16.128041686845,16.216786771687,16.123000684668,16.184078873839,12802733.093616
2013-09-18,16.231089149958,16.410337808773,16.194160878194,16.389822102238,17656161.725385
2013-09-19,16.415496043559,16.454651734889,16.389822102238,16.405765737031,13298334.109474
2013-09-20,16.379928857501,16.389495550756,16.189644995318,16.210528386692,15559259.613712
2013-09-23,16.310745331888,16.349945440836,16.167944935008,16.25357850634,16086990.718432
2013-09-24,16.231528445057,16.25871185394,16.121628139615,16.183928312764,9495097.8962449
2013-09-25,16.204928371128,16.226278430466,16.110428108487,16.158378241753,9182569.9077026
2013-09-26,16.226278430466,16.300945304652,16.167944935008,16.220561747911,10130523.558795
2013-09-27,16.126644820224,16.148811548498,16.065627983976,16.121628139615,12399075.25387
2013-09-30,15.949660995006,16.080328024831,15.905210871467,16.02024452451,15044209.045179
2013-10-01,16.035061232356,16.194778342919,16.02024452451,16.158378241753,16354712.545789
2013-10-02,16.070761331576,16.183928312764,16.045211260565,16.163511589353,16255945.106005
2013-10-03,16.17331161659,16.178911632154,15.94382764546,16.02537787211,12985191.339179
2013-10-04,16.011144499218,16.116028124051,16.001111138,16.09036138605,10681624.598563
2013-10-07,15.975561066989,16.116028124051,15.97054438638,16.02024452451,9135476.8957298
2013-10-08,16.011144499218,16.03051121971,15.750160440541,15.764743814405,16185322.730855
2013-10-09,15.811993945726,15.885610816994,15.690776942165,15.824243979772,20540822.054305
2013-10-10,15.960277691179,16.110428108487,15.949660995006,16.09036138605,16409637.250281
2013-10-11,16.05979463443,16.226278430466,16.045211260565,16.226278430466,17817132.195611
2013-10-14,16.130611497915,16.295345289088,16.105994762832,16.28029524726,14279812.026789
2013-10-15,16.240045135394,16.322178696998,16.17331161659,16.178911632154,14500720.269968
2013-10-16,16.247978490776,16.358812132146,16.240045135394,16.336295402899,16384331.034899
2013-10-17,16.231528445057,16.354378786491,16.194778342919,16.341428750499,14842159.606729
2013-10-18,16.510129219363,16.630179553014,16.454595731687,16.620496192768,15869382.466082
2013-10-21,16.690729721299,16.755246567275,16.675446345489,16.710563109755,10802897.975797
2013-10-22,16.770063275122,16.784179981022,16.614779510213,16.704963094191,32716279.643955
2013-10-23,16.626212875323,16.66027963667,16.550262664237,16.626212875323,10266659.751864
2013-10-24,16.644412925906,16.715696457355,16.599496134404,16.665179650289,7067104.3585875
2013-10-25,16.773913285822,16.825363428815,16.700529748536,16.750813221621,6762603.4905929
2013-10-28,16.793280006314,16.819763413251,16.720246470001,16.804713371423,10028057.557862
2013-10-29,16.899680302028,16.950080442104,16.835163456052,16.915080344829,9950008.0604968
2013-10-30,16.950080442104,16.960347137304,16.809846719024,16.879380245609,11149789.583119
2013-10-31,16.843563479398,16.920680360393,16.804713371423,16.825363428815,57424048.974319
2013-11-01,16.893963619473,16.925113706048,16.764929927521,16.830030108452,9270354.8065816
2013-11-04,16.879380245609,16.909480329265,16.830030108452,16.893963619473,11953506.206514
2013-11-05,16.830030108452,16.899680302028,16.788846660659,16.848696826998,9024147.2051454
2013-11-06,16.934797066294,17.026030653189,16.915080344829,17.020430637626,10501330.242508
2013-11-07,17.020430637626,17.049947386327,16.778579965458,16.798880021878,21070522.010695
2013-11-08,16.835163456052,16.960347137304,16.755246567275,16.950080442104,17894435.123622
2013-11-11,16.945180428485,16.986363876278,16.899680302028,16.971197167459,15659758.477256
2013-11-12,16.893963619473,17.049947386327,16.893963619473,17.015997291971,9419540.1062406
2013-11-13,16.945180428485,17.164164370433,16.934797066294,17.159147689824,13496871.631366
2013-11-14,17.049947386327,17.128464271213,17.026030653189,17.115047567258,16957035.443197
2013-11-15,17.104897539048,17.164164370433,17.094514176857,17.148880994623,15412634.592652
2013-11-18,17.179564413234,17.185164428798,17.049947386327,17.08599748652,10479718.302573
2013-11-19,17.065697430101,17.148880994623,16.995930569533,17.026030653189,8898288.1263707
2013-11-20,17.039680691127,17.123914258567,16.930363720639,16.971197167459,8652273.3815415
2013-11-21,17.015997291971,17.119014244949,17.015997291971,17.115047567258,10782043.748042
2013-11-22,17.115047567258,17.115047567258,17.054147398,17.080280803965,6221813.8507378
2013-11-25,17.109330884703,17.123914258567,17.039680691127,17.080280803965,18360800.113181
2013-11-26,17.08599748652,17.185164428798,17.070247442746,17.137564296504,10631717.594411
2013-11-27,17.174431065634,17.285381373994,17.174431065634,17.276281348703,13210834.426341
2013-11-29,17.306964767313,17.392365004663,17.301248084758,17.346631544224,8465962.7564924
2013-12-02,17.358998245261,17.392365004663,17.249797941765,17.290398054603,9883251.3888889
2013-12-03,17.229264551364,17.351064889879,17.229264551364,17.331814836378,11455883.018116
2013-12-04,17.280948028339,17.408815050382,17.229264551364,17.346631544224,13147771.17304
2013-12-05,17.378831633717,17.387814992017,17.266247987484,17.290398054603,8537662.5572191
2013-12-06,17.408815050382,17.448948495257,17.354564899607,17.408815050382,8796592.6947244
2013-12-09,17.459798525412,17.515215346097,17.424215093183,17.465631874958,8003220.8997212
2013-12-10,17.459798525412,17.47099855654,17.408815050382,17.428765105829,16249700.837645
2013-12-11,17.454665177812,17.490948611986,17.244664594165,17.271381335084,15075379.815689
2013-12-12,17.276281348703,17.276281348703,17.148880994623,17.153431007269,11008171.976713
2013-12-13,17.239647913555,17.239647913555,17.099064189502,17.099064189502,9705459.0258796
2013-12-16,17.190297776398,17.316531460568,17.169297718033,17.271381335084,12029058.853676
2013-12-17,17.266247987484,17.321664808169,17.239647913555,17.266247987484,11159134.128577
2013-12-18,17.249797941765,17.408815050382,17.015997291971,17.398081687218,34221480.889161
2013-12-19,17.392365004663,17.459798525412,17.363548257907,17.428765105829,17322697.56978
2013-12-20,17.390946764185,17.520507291744,17.370049904902,17.479990603466,17653814.62315
2013-12-23,17.638342359372,17.716705581685,17.600495825336,17.711597460527,14570840.998959
2013-12-24,17.716705581685,17.761169454495,17.711597460527,17.761169454495,5228129.4771106
2013-12-26,17.793443492722,17.824324406996,17.764536170712,17.804588484339,7160469.2345761
2013-12-27,17.851838605053,17.851838605053,17.769528198208,17.788335371563,7649128.1216069
2013-12-30,17.775332881342,17.783111156742,17.731913851497,17.75664180165,9277590.8268417
2013-12-31,17.793443492722,17.8806298334,17.775332881342,17.871690621373,13689489.703533
2014-01-02,17.809000043522,17.809000043522,17.663070309524,17.694647785775,17104949.176706
2014-01-03,17.741897906488,17.741897906488,17.600495825336,17.611176442303,10409557.8693
2014-01-06,17.589815208368,17.643914855181,17.515979638899,17.579598966052,9049242.4451436
2014-01-07,17.657962188366,17.764536170712,17.625339869151,17.741897906488,14323569.103701
2014-01-08,17.726921824002,17.798899894868,17.677698111023,17.741897906488,9392675.4894388
2014-01-09,17.814688632993,17.814688632993,17.579598966052,17.625339869151,12683792.258059
2014-01-10,17.672589989864,17.711597460527,17.569034442747,17.657962188366,25920109.938397
2014-01-13,17.643914855181,17.731913851497,17.414629871374,17.470935297777,12890463.315244
2014-01-14,17.539082277774,17.775332881342,17.520507291744,17.764536170712,12838719.750084
2014-01-15,17.867162968528,18.024353787806,17.840577519772,17.979773821334,19347925.183949
2014-01-16,17.990570531964,18.004733958812,17.934613386549,17.975130074827,13862368.218479
2014-01-17,17.944249160552,17.979773821334,17.835005023964,17.876218274217,12677350.90732
2014-01-21,18.01413754549,18.01413754549,17.814688632993,17.965146019836,12588350.355861
2014-01-22,17.944249160552,17.975130074827,17.899204819429,17.944249160552,8431760.8501901
2014-01-23,17.867162968528,17.90872449977,17.788335371563,17.90872449977,12835864.297061
2014-01-24,17.835005023964,17.867162968528,17.559282575082,17.563926321589,30992986.324316
2014-01-27,17.589815208368,17.600495825336,17.313280103848,17.400466444526,16027922.256322
2014-01-28,17.246642341465,17.323844627152,17.195328942558,17.294008555842,26290835.600796
2014-01-29,17.149820226784,17.261850611277,17.094559643345,17.159920375438,22438618.437096
2014-01-30,17.36436131543,17.424730020027,17.274156539522,17.370049904902,16657611.235961
2014-01-31,17.231434071653,17.496359809905,17.226906418809,17.410682686842,21886982.813602
2014-02-03,17.370049904902,17.435410636995,16.980091291936,17.043826712751,31951278.081376
2014-02-04,17.073778877724,17.154928347943,17.024671258408,17.110928849784,11451253.834445
2014-02-05,17.06797419459,17.175593019901,16.959890994628,17.12544055762,18406124.421794
2014-02-06,17.139603984468,17.318272131343,17.139603984468,17.313280103848,18279237.220038
2014-02-07,17.424730020027,17.554406641249,17.348108202654,17.549298520091,20929498.163474
2014-02-10,17.506343864896,17.61582018881,17.506343864896,17.58470708721,13517261.525549
2014-02-11,17.657962188366,17.851838605053,17.638342359372,17.798899894868,14082524.938565
2014-02-12,17.857527194525,17.899204819429,17.829316434492,17.871690621373,16095594.339519
2014-02-13,17.769528198208,18.01413754549,17.747006027647,17.998929275678,13828554.141903
2014-02-14,17.984881942493,18.07160390852,17.939257133056,18.033989561809,24752515.628229
2014-02-18,18.055931264057,18.090875456526,17.99428552917,18.044437991451,11892856.750688
2014-02-19,18.009261611657,18.090875456526,17.944249160552,17.984881942493,17223354.433995
2014-02-20,17.984881942493,18.086463897344,17.903268097623,18.044437991451,13393738.848531
2014-02-21,18.100395136866,18.12907027155,17.970718515645,17.975130074827,12745004.040301
2014-02-24,17.955161964845,18.134178392708,17.955161964845,18.044437991451,15690401.679461
2014-02-25,18.077408591654,18.081820150836,17.949473375373,17.99428552917,11223048.440741
2014-02-26,18.004733958812,18.081820150836,17.939257133056,18.009261611657,11641275.404007
2014-02-27,18.004733958812,18.165291494308,17.990570531964,18.154378690016,10898622.463231
2014-02-28,18.144394635025,18.224847543267,17.970718515645,18.175856017613,19401931.577191
2014-03-03,17.949473375373,18.024353787806,17.835005023964,17.979773821334,18054422.192276
2014-03-04,18.175856017613,18.265015950556,18.148806194207,18.216024424902,23209601.089622
2014-03-05,18.25479970824,18.274419537234,18.20685302555,18.238430501801,17861416.825046
2014-03-06,18.265015950556,18.299960143025,18.224847543267,18.265015950556,17330664.339735
2014-03-07,18.314587944524,18.32480418684,18.134178392708,18.211380678395,14394722.858427
2014-03-10,18.201164436079,18.238430501801,18.110147004532,18.18049976412,15115250.56049
2014-03-11,18.211380678395,18.274419537234,18.090875456526,18.138822139216,18913195.166549
2014-03-12,18.066495787362,18.190599912774,18.004733958812,18.170399615466,12712142.642773
2014-03-13,18.220435984085,18.224847543267,17.86205484737,17.924164956907,18794630.55517
2014-03-14,17.8884081088,17.949473375373,17.798899894868,17.814688632993,17879541.845407
2014-03-17,17.934613386549,18.077408591654,17.899204819429,18.024353787806,32889792.703778
2014-03-18,18.033989561809,18.279527658392,18.033989561809,18.259791735735,13727806.179187
2014-03-19,18.25479970824,18.31052466633,18.07160390852,18.186188353592,15578657.423145
2014-03-20,18.165291494308,18.376001492085,18.134178392708,18.32480418684,11790945.9338
2014-03-21,18.359890833999,18.370525604455,18.120955284736,18.154477930738,18219336.205222
2014-03-24,18.254005510765,18.279667674256,17.991719704632,18.139912919027,20708370.125602
2014-03-25,18.150085308159,18.290418040043,18.10581229637,18.249381697523,15252514.821435
2014-03-26,18.36555500522,18.370525604455,18.029519377882,18.029519377882,15026599.987638
2014-03-27,18.02038734673,18.049517370153,17.868957463066,17.96490158783,25855029.55068
2014-03-28,18.02038734673,18.150085308159,17.95935301194,18.035183549103,12711663.064244
2014-03-31,18.150085308159,18.244989074944,18.126388265295,18.174707113671,14567018.276843
2014-04-01,18.244989074944,18.391332764042,18.203837137093,18.391332764042,14048450.619655
2014-04-02,18.439073635763,18.454101028798,18.330182833921,18.400927176519,21009384.878417
2014-04-03,18.42439302872,18.463811036605,18.254005510765,18.310531627644,15525129.63828
2014-04-04,18.41884445283,18.434449822521,17.909878210254,17.95935301194,20194242.094093
2014-04-07,17.885718786067,17.986171128742,17.7495474861,17.819020280056,22301639.493322
2014-04-08,17.854854832679,18.006515907005,17.800525027089,17.981084934176,14659440.694805
2014-04-09,18.039460576352,18.225337868667,17.986171128742,18.219558102115,13313840.499724
2014-04-10,18.219558102115,18.249381697523,17.771279408336,17.800525027089,16173806.356659
2014-04-11,17.689900295282,17.819020280056,17.583321400062,17.597886411773,28508846.943094
2014-04-14,17.713597338146,17.839133867657,17.651985026701,17.776827984226,9984664.51543
2014-04-15,17.82838350187,17.909878210254,17.563207812461,17.8638712685,17178525.136851
2014-04-16,17.975536358286,18.043853198931,17.839133867657,18.039460576352,27999433.63488
2014-04-17,17.95380443605,18.085005136782,17.85947864592,18.01599472415,15763491.341575
2014-04-21,18.039460576352,18.10581229637,17.981084934176,18.085005136782,7052027.0382456
2014-04-22,18.095639907238,18.200022491169,18.05922737796,18.158523767325,10957029.047693
2014-04-23,18.131590055192,18.131590055192,17.95935301194,17.96490158783,22850671.183687
2014-04-24,18.258398133345,18.263946709235,17.986171128742,18.10581229637,10021329.491098
2014-04-25,18.02038734673,18.039460576352,17.833585291767,17.874737229618,12804093.267988
2014-04-28,17.934500015766,18.10581229637,17.80954146291,18.043853198931,24135768.070053
2014-04-29,18.090091331348,18.208923331659,18.054603564718,18.169274133112,10952226.08554
2014-04-30,18.135520296447,18.269610880456,18.095639907238,18.225337868667,18331295.744447
2014-05-01,18.219558102115,18.334691051832,18.200022491169,18.244989074944,9955306.0632381
2014-05-02,18.290418040043,18.295966615933,18.179677712905,18.194358319948,13440214.115927
2014-05-05,18.150085308159,18.290418040043,18.085005136782,18.290418040043,8164467.2972192
2014-05-06,18.254005510765,18.254005510765,18.079340965561,18.085005136782,9400314.7896118
2014-05-07,18.115753494839,18.139912919027,17.890227003977,18.095639907238,13654045.416701
2014-05-08,18.049517370153,18.306139005065,18.025011159972,18.144536732269,7574859.573569
2014-05-09,18.131590055192,18.174707113671,18.035183549103,18.163609961891,14877079.242775
2014-05-12,18.254005510765,18.41884445283,18.239324903723,18.409828017009,11186753.723947
2014-05-13,18.439073635763,18.469359612495,18.375033822366,18.41884445283,11488176.797752
2014-05-14,18.391332764042,18.42439302872,18.295966615933,18.334691051832,10223223.458525
2014-05-15,18.350412016854,18.380697993587,18.150085308159,18.225337868667,14549844.572835
2014-05-16,18.219558102115,18.350412016854,18.163609961891,18.340355223053,11607314.8276
2014-05-19,18.274697075021,18.484040219538,18.274697075021,18.459187223364,6597043.2640213
2014-05-20,18.478838429641,18.494097013338,18.295966615933,18.355960592744,8474198.6650642
2014-05-21,18.400927176519,18.484040219538,18.370525604455,18.478838429641,8322888.0555231
2014-05-22,18.454101028798,18.574782554405,18.454101028798,18.514904172926,6350035.0177303
2014-05-23,18.560795519349,18.68078347297,18.530393947285,18.67072667917,6624293.4995768
2014-05-27,18.715693262945,18.833600500607,18.711300640365,18.829554664021,11349020.658355
2014-05-28,18.837993123187,18.853251706884,18.7650524693,18.780195457666,13553806.074025
2014-05-29,18.843079317753,18.896368765363,18.801002617254,18.890588998811,9328057.5459607
2014-05-30,18.896368765363,18.934630819938,18.829554664021,18.912089730385,12439854.508337
2014-06-02,18.925498788785,18.954628812208,18.796609994674,18.879491847031,10923064.008062
2014-06-03,18.847471940332,18.896368765363,18.791408204777,18.847471940332,11338532.34547
2014-06-04,18.819960251544,18.912089730385,18.770138663866,18.885040422921,6998486.8135304
2014-06-05,18.949658212973,19.029765777385,18.837993123187,19.009767785115,11335240.690032
2014-06-06,19.108832983817,19.108832983817,19.045486742407,19.094614758099,9597808.925355
2014-06-09,19.118542991625,19.185357092967,19.084904750292,19.154493139579,12784019.792882
2014-06-10,19.154493139579,19.190443287533,19.123629186191,19.16570588669,7189202.9938584
2014-06-11,19.084904750292,19.170676485925,19.07138009656,19.118542991625,8509699.2338417
2014-06-12,19.128599785425,19.190443287533,18.896368765363,18.954628812208,9636004.2396486
2014-06-13,19.07138009656,19.100047738658,18.985030384272,19.06583152067,14663347.426988
2014-06-16,19.029765777385,19.118542991625,19.000057777307,19.06583152067,14130927.134183
2014-06-17,19.050110555648,19.145014322433,19.029765777385,19.108832983817,14075198.239755
2014-06-18,19.150562898323,19.220729264266,19.009767785115,19.209400921823,26070530.469061
2014-06-19,19.239686898556,19.239686898556,19.100047738658,19.174722322511,11837491.944273
2014-06-20,19.110186809504,19.110186809504,19.00467241719,19.043564308795,10854437.209763
2014-06-23,19.022852650544,19.100636433755,19.009735266985,19.100636433755,7534244.5354116
2014-06-24,19.100636433755,19.190386952844,18.955884955531,19.000184891235,16942657.88574
2014-06-25,18.960257416717,19.104663700637,18.939775888002,19.075437249549,10223712.434304
2014-06-26,19.089935410325,19.100636433755,18.945298996869,19.054840656065,22704593.629918
2014-06-27,19.038731588537,19.170365683201,19.028605888947,19.170365683201,21766656.659145
2014-06-30,19.154831939513,19.240325062184,19.145396628531,19.174853209156,8980868.0571163
2014-07-01,19.24469752337,19.42949154088,19.229739103522,19.370233185327,14977761.038466
2014-07-02,19.405443004355,19.415108444872,19.359302032361,19.390024325434,9940003.5236668
2014-07-03,19.459293315808,19.486103406767,19.395432369533,19.475172253801,4386088.0136826
2014-07-07,19.434554390675,19.510612202365,19.424658820621,19.496114041589,20964334.61432
2014-07-08,19.475172253801,19.486103406767,19.21558613705,19.320064946452,13847706.181637
2014-07-09,19.353663858726,19.419711035594,19.310169376398,19.415108444872,14236267.343776
2014-07-10,19.110186809504,19.439732305238,19.110186809504,19.359302032361,8843893.8966912
2014-07-11,19.405443004355,19.459293315808,19.353663858726,19.459293315808,6522828.9478367
2014-07-14,19.548698640594,19.625101646588,19.530058148167,19.599902462382,8418201.4729858
2014-07-15,19.644662657158,19.671472748117,19.454230466013,19.564117319514,14834107.1618
2014-07-16,19.7497167904,19.795972827162,19.704266207015,19.74499913491,16129682.710328
2014-07-17,19.723942282354,19.7497167904,19.42949154088,19.491166256562,11341906.145251
2014-07-18,19.584253653925,19.739591090811,19.553531360852,19.723942282354,9540991.7255923
2014-07-21,19.713816582765,19.754549510659,19.625101646588,19.700584134437,12363179.659097
2014-07-22,19.801035676957,19.879049589704,19.780208953937,19.863515846015,9579519.5918941
2014-07-23,19.910577336153,19.955107401393,19.825659537322,19.900451636563,10946871.237824
2014-07-24,19.939573657705,19.960170251188,19.845795871733,19.884687763339,23319199.657377
2014-07-25,19.825659537322,19.884687763339,19.764675210249,19.858337931452,9498997.1161099
2014-07-28,19.86915401965,19.934856002214,19.739591090811,19.895388786769,15524458.355627
2014-07-29,20.040025200224,20.040025200224,19.845795871733,19.854655858874,14624837.196673
2014-07-30,19.944521442732,19.944521442732,19.780208953937,19.873756610373,15524666.064732
2014-07-31,19.7497167904,19.769277800971,19.46987927447,19.501522085688,34833318.377628
2014-08-01,19.450203199131,19.530058148167,19.300043676809,19.395432369533,31014849.810795
2014-08-04,19.454230466013,19.584253653925,19.353663858726,19.535120997962,12667445.687606
2014-08-05,19.415108444872,19.480810427436,19.26966657804,19.349061268004,24586801.395553
2014-08-06,19.219498339164,19.38553679948,19.195564867407,19.290608365827,18281799.332712
2014-08-07,19.370233185327,19.405443004355,19.145396628531,19.210178092951,13730059.396892
2014-08-08,19.20016745813,19.349061268004,19.140333778737,19.335253495836,12045582.877605
2014-08-11,19.424658820621,19.486103406767,19.38553679948,19.42949154088,13015380.165499
2014-08-12,19.410620918917,19.46987927447,19.325012731478,19.419711035594,13409844.090156
2014-08-13,19.464816424675,19.608762449523,19.464816424675,19.608762449523,10985389.544292
2014-08-14,19.625101646588,19.644662657158,19.558594210647,19.644662657158,9229322.0407393
2014-08-15,19.691609082528,19.739591090811,19.506584935482,19.644662657158,17821750.606322
2014-08-18,19.7497167904,19.841193281011,19.723942282354,19.830722387117,8495975.9312376
2014-08-19,19.884687763339,19.960170251188,19.858337931452,19.955107401393,10095552.44017
2014-08-20,19.925075496929,19.990777479493,19.910577336153,19.955107401393,14010577.930439
2014-08-21,19.955107401393,20.080412933814,19.955107401393,20.050841288422,6908963.6504724
2014-08-22,20.061197117548,20.094565900286,20.010453554832,20.056249332521,8815335.1983571
2014-08-25,20.149566859421,20.154629709215,20.034962350429,20.07535008402,6861489.5183646
2014-08-26,20.104231340804,20.109409255366,20.061197117548,20.085360718841,6711817.2921058
2014-08-27,20.085360718841,20.104231340804,20.019198477205,20.080412933814,8661407.9772094
2014-08-28,19.980421650367,20.080412933814,19.974668411964,20.050841288422,7056645.6932558
2014-08-29,20.099858879617,20.145194398234,20.030014565403,20.140131548439,15368062.95934
2014-09-02,20.185352002288,20.185352002288,20.085360718841,20.145194398234,11377689.470323
2014-09-03,20.218950914563,20.218950914563,20.010453554832,20.034962350429,13783181.652322
2014-09-04,20.07535008402,20.170738776744,19.965233100983,20.024376391768,10783551.045933
2014-09-05,20.06579970827,20.149566859421,20.014250692178,20.145194398234,14052452.607467
2014-09-08,20.135068698645,20.22389869959,20.089042791419,20.175801626539,12774118.652812
2014-09-09,20.185352002288,20.270614995423,19.974668411964,20.030014565403,17125326.31113
2014-09-10,20.034962350429,20.180979541102,19.980421650367,20.149566859421,14474483.615023
2014-09-11,20.109409255366,20.204222624251,20.040025200224,20.194557183733,20644473.89049
2014-09-12,20.180979541102,20.190184722547,20.045778438627,20.109409255366,11111381.194421
2014-09-15,20.145194398234,20.145194398234,19.955107401393,19.990777479493,13764320.970321
2014-09-16,19.939573657705,20.165100603109,19.895388786769,20.140131548439,23821123.929872
2014-09-17,20.135068698645,20.256231899415,20.061197117548,20.180979541102,15308934.521378
2014-09-18,20.218950914563,20.311002729014,20.218950914563,20.300992094192,14790627.301855
2014-09-19,20.284684393315,20.284684393315,20.09621293756,20.171257802922,31936760.176214
2014-09-22,20.176184412404,20.176184412404,19.975912008355,20.034458460569,12760845.574038
2014-09-23,20.004211369797,20.080401958294,19.955403564234,19.990577264487,11936991.214352
2014-09-24,19.995503873969,20.124054009748,19.905220890908,20.118898255639,14288939.880663
2014-09-25,20.038697636169,20.050040295208,19.67962800557,19.67962800557,18703196.557721
2014-09-26,19.715718284332,19.934207686231,19.715718284332,19.895482244258,9763084.6890408
2014-09-29,19.735768439199,19.91988614704,19.66954564198,19.889868200895,9652734.2945117
2014-09-30,19.91988614704,20.038697636169,19.870390907595,19.949789520871,13521084.215621
2014-10-01,19.884712446787,19.909803783449,19.586709859298,19.639069406581,26118388.534159
2014-10-02,19.649037197858,19.700136449692,19.430547795959,19.628872470677,26753568.166643
2014-10-03,19.778503912145,19.850226180414,19.67962800557,19.788700848049,13410148.164767
2014-10-06,19.889868200895,19.925385618089,19.74585080279,19.793971174472,13895635.437276
2014-10-07,19.740809620994,19.756276883321,19.484282211004,19.484282211004,18013382.434519
2014-10-08,19.510060981548,19.889868200895,19.374292790016,19.854809072956,17341297.725496
2014-10-09,19.834758918088,19.870390907595,19.505019799752,19.523809659171,30600714.884943
2014-10-10,19.39583238496,19.494250002281,19.024961806067,19.024961806067,60365213.784984
2014-10-13,19.000557903286,19.184561038813,18.79031770796,18.814721610742,57208678.066523
2014-10-14,18.969279661692,19.060020934007,18.795358889756,18.845426990768,43084268.336465
2014-10-15,18.57503633084,18.79031770796,18.289178408586,18.714699981031,58134436.626626
2014-10-16,18.399969835768,18.72569892313,18.349787162443,18.604481415417,54246223.267922
2014-10-17,18.79031770796,18.958853581161,18.699576435646,18.824803974333,25571741.634301
2014-10-20,18.720199452081,18.969279661692,18.626250154987,18.958853581161,18442812.534031
2014-10-21,19.094965489633,19.339119089763,19.094965489633,19.329724160053,23146586.800272
2014-10-22,19.39583238496,19.439828153355,19.224775920861,19.240128610874,24158341.703615
2014-10-23,19.374292790016,19.559899937933,19.334307052595,19.454837126427,64431975.515193
2014-10-24,19.540078927692,19.639069406581,19.430547795959,19.623831288882,13806343.358894
2014-10-27,19.565055692041,19.695095267897,19.545463826428,19.643996016063,11886966.039652
2014-10-28,19.700136449692,19.925385618089,19.700136449692,19.914844965245,15490961.518862
2014-10-29,19.889868200895,19.96113217991,19.769681844004,19.895482244258,26352211.167
2014-10-30,19.880244126559,19.995503873969,19.793971174472,19.96113217991,18376306.065188
2014-10-31,20.205171207726,20.274716602038,20.165529187245,20.269675420243,19925954.444729
2014-11-03,20.299578794074,20.38905977094,20.265092527702,20.353656926059,19060653.77176
2014-11-04,20.325815853872,20.406016473342,20.225679651848,20.348615744264,12866392.88846
2014-11-05,20.480603049449,20.48484222505,20.315160628714,20.406016473342,14556206.893582
2014-11-06,20.394673814303,20.411057655137,20.269675420243,20.394673814303,17179232.393758
2014-11-07,20.41632798156,20.439929878147,20.32088924439,20.421827452609,14951435.012883
2014-11-10,20.411057655137,20.493664293192,20.373592508613,20.47544729534,9641848.5930574
2014-11-11,20.489768834532,20.493664293192,20.400287857666,20.48484222505,6108514.1640673
2014-11-12,20.421827452609,20.56504284452,20.411057655137,20.550950449956,9033185.8380496
2014-11-13,20.58875931342,20.730714409882,20.56504284452,20.660023292435,10792257.41296
2014-11-14,20.665637335798,20.804040690541,20.665637335798,20.804040690541,8686536.6452666
2014-11-17,20.745837955268,20.794072899264,20.665637335798,20.764513242373,8265338.9011195
2014-11-18,20.750649992436,20.87965841747,20.745837955268,20.834058636685,9659869.5261818
2014-11-19,20.839672680048,20.839672680048,20.603768286493,20.700009029857,14333308.365888
2014-11-20,20.62931791241,20.804040690541,20.58875931342,20.804040690541,9794769.4817118
2014-11-21,20.969368538963,20.979107185613,20.750649992436,20.834058636685,12925560.76062
2014-11-24,20.875304669556,20.949203811782,20.814695915699,20.944735491554,6226416.1212152
2014-11-25,20.973722286877,21.040288801037,20.939808882072,20.954244993577,9489165.9818643
2014-11-26,20.973722286877,21.156121410014,20.95985903694,21.146039046424,20482093.166533
2014-11-28,21.176629854136,21.288910721394,21.146039046424,21.245144097626,10865077.798121
2014-12-01,21.194503135047,21.221198484099,20.914717545409,21.006375396232,23329454.714472
2014-12-02,20.995376454134,21.044871693578,20.925831059822,21.011416578028,11261274.73787
2014-12-03,21.054152050974,21.120031131253,20.965473080303,21.08325341861,8543365.9306778
2014-12-04,21.068359017851,21.151080228219,21.006375396232,21.08325341861,7533654.2783856
2014-12-05,21.09883525325,21.140425003061,21.011416578028,21.05988066665,14358918.392513
2014-12-08,21.022186375499,21.054152050974,20.756264035799,20.845172151098,13379886.054374
2014-12-09,20.570542315569,20.870148915447,20.499278336554,20.839672680048,16443378.351857
2014-12-10,20.845172151098,20.845172151098,20.48484222505,20.524713390158,16541101.786561
2014-12-11,20.609382329856,20.849640471325,20.560345379665,20.614538083964,18065471.807738
2014-12-12,20.464792070182,20.609382329856,20.284684393315,20.309661157664,17965901.504506
2014-12-15,20.444971059942,20.529754571953,20.09621293756,20.186152203681,20502242.886207
2014-12-16,20.038697636169,20.406016473342,19.914844965245,19.914844965245,31303058.213114
2014-12-17,19.975912008355,20.353656926059,19.939248868026,20.289152713543,30565901.064072
2014-12-18,20.62931791241,20.87965841747,20.58875931342,20.870148915447,21318517.753316
2014-12-19,20.799629884566,20.896397265281,20.75973756036,20.785382625921,23388842.429826
2014-12-22,20.863913515571,21.035792443862,20.829492138685,21.035792443862,12214064.60278
2014-12-23,21.124809315874,21.159800583106,21.080243890833,21.090273960919,13398833.751768
2014-12-24,21.14031033328,21.14031033328,21.066794478673,21.07123962337,5311267.3733669
2014-12-26,21.111131947575,21.199578929242,21.100418009074,21.159800583106,4557031.0484772
2014-12-29,21.080243890833,21.14031033328,21.035792443862,21.056536452449,9276574.0620788
2014-12-30,21.004334496774,21.040807478905,20.885455370642,20.906427335367,11006477.028992
2014-12-31,20.963986260292,20.998749571385,20.655105692873,20.674595942699,11910582.535963
2015-01-02,20.804530941539,20.855023226177,20.529159926453,20.635843399185,16990459.781433
2015-01-05,20.529159926453,20.560161961264,20.258575990271,20.321605862516,14389262.88286
2015-01-06,20.379734677786,20.379734677786,19.980811435732,20.07586914541,17491198.216655
2015-01-07,20.174574153301,20.295618862747,20.100374430279,20.24375884128,13069156.294714
2015-01-08,20.388966901388,20.734890341284,20.379734677786,20.689071157482,28423439.034571
2015-01-09,20.750505336758,20.799629884566,20.475590233948,20.625357416823,18339829.893909
2015-01-12,20.615897237082,20.664565872613,20.317046739749,20.385091647037,11257489.352777
2015-01-13,20.555146926221,20.804530941539,20.226320196699,20.370388476115,23358460.269244
2015-01-14,20.204778341628,20.344173520209,20.070968088436,20.252991064882,17661381.833058
2015-01-15,20.340070309719,20.388966901388,19.980811435732,19.995286650515,18655480.968415
2015-01-16,19.929407326542,20.210249288948,19.919491234525,20.189391302292,37642941.591158
2015-01-20,20.349758445598,20.405265765278,20.105845377599,20.359674537614,24031452.017274
2015-01-21,20.239199718514,20.479351510231,20.169559118258,20.394665804846,27837779.876692
2015-01-22,20.45097097101,20.74492041137,20.27897806465,20.729419393964,17624386.119487
2015-01-23,20.723720490506,20.82071582736,20.655105692873,20.723720490506,12957551.491317
2015-01-26,20.699557139845,20.754836503386,20.576004912877,20.640288543882,19467023.931751
2015-01-27,20.24375884128,20.301317766205,19.954938414033,20.044411198323,21582910.80175
2015-01-28,20.435697909743,20.470461220836,20.009077996883,20.009077996883,24240416.778442
2015-01-29,19.990841505818,20.239199718514,19.829106625682,20.199991262724,33635135.498519
2015-01-30,20.144028030767,20.24375884128,19.910031054785,19.94992337899,26012692.809187
2015-02-02,20.029024158986,20.179475210275,19.69404261373,20.155083903475,31247129.612738
2015-02-03,20.220963227449,20.399680839889,20.159984960449,20.385091647037,19767367.675532
2015-02-04,20.454960203431,20.576004912877,20.349758445598,20.425097949311,11778729.977739
2015-02-05,20.475590233948,20.625357416823,20.446069914036,20.615897237082,10183526.60798
2015-02-06,20.645873469271,20.739221507912,20.489267602247,20.550131891178,9580616.7630642
2015-02-09,20.493484790806,20.62034238178,20.475590233948,20.519585768644,14331481.591699
2015-02-10,20.65955083757,20.849438300788,20.585465092617,20.825730862403,22491500.504706
2015-02-11,20.855023226177,20.939594953492,20.795184739868,20.906427335367,12499919.594364
2015-02-12,21.066794478673,21.204024073939,21.035792443862,21.188523056534,13538474.650386
2015-02-13,21.240611034139,21.341253669206,21.199578929242,21.3257526518,8631679.8245927
2015-02-17,21.346838594595,21.370204098772,21.279363577653,21.335668743817,10680526.604718
2015-02-18,21.335668743817,21.375675046092,21.274804454887,21.35561490592,7499551.5041809
2015-02-19,21.341253669206,21.449760791045,21.300335542378,21.430270541219,6250844.6165226
2015-02-20,21.430270541219,21.569779697868,21.320737616758,21.540031421818,13866997.499356
2015-02-23,21.549719557697,21.569779697868,21.444745756002,21.55473459274,8094053.5912962
2015-02-24,21.540031421818,21.651046061178,21.430270541219,21.620613916713,9310930.6714591
2015-02-25,21.560433496197,21.585280715274,21.439844699028,21.484410124069,11734701.332254
2015-02-26,21.549719557697,21.651046061178,21.488969246835,21.620613916713,15118385.60457
2015-02-27,21.598502171296,21.661076131264,21.524986316689,21.544818500723,12111994.08969
2015-03-02,21.620613916713,21.728437170137,21.549719557697,21.713050130801,13688799.183224
2015-03-03,21.690482473107,21.695041595873,21.474152097845,21.569779697868,17224202.116223
2015-03-04,21.504014351964,21.524986316689,21.370204098772,21.484410124069,11765199.304589
2015-03-05,21.535586277121,21.535586277121,21.385933072316,21.459676883062,15408601.961491
2015-03-06,21.449760791045,21.478939176749,21.159800583106,21.194107981923,16153203.976832
2015-03-09,21.259303437481,21.385933072316,21.204024073939,21.294864595059,12498396.494339
2015-03-10,21.169602697054,21.179176854863,20.859468370874,20.859468370874,17595591.106339
2015-03-11,20.825730862403,20.912012260756,20.710043122207,20.723720490506,23040400.836691
2015-03-12,20.679041087396,20.87485541021,20.645873469271,20.664565872613,24698001.29786
2015-03-13,20.810001888859,20.880440335599,20.630942342211,20.74492041137,30375197.839074
2015-03-16,20.844423265745,21.004334496774,20.790283682895,20.988947457438,17278602.05514
2015-03-17,20.939594953492,21.056536452449,20.906427335367,20.993848514411,19067396.175847
2015-03-18,20.96831742692,21.35561490592,20.885455370642,21.279363577653,31710597.720156
2015-03-19,21.250527126156,21.3257526518,21.204024073939,21.219525091345,17984599.275431
2015-03-20,21.26130795684,21.374252695965,21.225551582142,21.269934891687,35927691.337723
2015-03-23,21.266075473466,21.369712203939,21.266075473466,21.269934891687,7506001.5107237
2015-03-24,21.285486076873,21.345420571605,21.199443752997,21.199443752997,14234600.929236
2015-03-25,21.17469807146,21.215562499687,20.654471197682,20.654471197682,16348400.919831
2015-03-26,20.509629502081,20.774226674845,20.470013709161,20.670022382868,18004601.163855
2015-03-27,20.670022382868,20.740627033859,20.570131558315,20.68489249425,15818606.354244
2015-03-30,20.800675040891,20.950965326923,20.800675040891,20.934960092534,13210804.39479
2015-03-31,20.868895933568,20.909079287991,20.719513745942,20.719513745942,15927257.134219
2015-04-01,20.730637951403,20.759243051162,20.546066950582,20.690454596981,20855595.269422
2015-04-02,20.700443679436,20.76979969512,20.644141578325,20.68489249425,10938403.971463
2015-04-06,20.546066950582,20.92519803468,20.519618584536,20.882630921944,14689398.336339
2015-04-07,20.882630921944,21.009991723249,20.835409804883,20.839836784608,9368675.4132885
2015-04-08,20.839836784608,20.971511053336,20.800675040891,20.904311771364,14406998.104623
2015-04-09,20.904311771364,20.995121611867,20.795680499663,20.960386847875,14555235.783773
2015-04-10,20.934960092534,21.059596598624,20.914073829218,21.040185995216,8632406.3081997
2015-04-13,21.079347738933,21.169703530233,20.976846131466,20.981954184994,7774203.2812063
2015-04-14,20.991262193645,21.015326801379,20.816566762979,20.914073829218,11702600.446383
2015-04-15,20.960386847875,21.145525410199,20.950965326923,21.09875834234,25109874.297581
2015-04-16,21.02645100684,21.084909841664,20.965948950605,21.02645100684,18228690.534428
2015-04-17,20.854593383689,20.893641615105,20.670022382868,20.735632492631,20318797.057574
2015-04-20,20.832004435864,21.113968990624,20.821561304207,21.089223309088,9691551.4346291
2015-04-21,21.215562499687,21.21987596711,21.055056106598,21.079347738933,10002782.902977
2015-04-22,21.119077044153,21.314772250435,21.044726487241,21.296496770034,12190282.395332
2015-04-23,21.24518921015,21.465062536467,21.19456272407,21.379133724892,11799601.387595
2015-04-24,21.551558909546,21.591288214765,21.445878957661,21.565974971725,12457632.27576
2015-04-27,21.644184946858,21.715357159352,21.581526156911,21.622617609739,18501199.327121
2015-04-28,21.685957473489,21.774043018777,21.475051618922,21.695265482141,18299673.150016
2015-04-29,21.551558909546,21.719670626776,21.45473291711,21.591288214765,17142202.115837
2015-04-30,21.470057077695,21.546677880619,21.205119368029,21.290934667304,17304998.569594
2015-05-01,21.419430591615,21.5614344797,21.359836633785,21.551558909546,21096601.749325
2015-05-04,21.565974971725,21.68062239536,21.5614344797,21.570856000652,15397398.258421
2015-05-05,21.551558909546,21.551558909546,21.21987596711,21.235200127695,16209600.98438
2015-05-06,21.309777709208,21.354388043355,20.930192575908,21.055056106598,19747763.789449
2015-05-07,21.089223309088,21.285486076873,21.044726487241,21.209886884655,11280573.056092
2015-05-08,21.424765669744,21.53067264623,21.389009295046,21.51432687494,19638397.668497
2015-05-11,21.500364861962,21.525110543499,21.384128266119,21.404446967932,12092796.925134
2015-05-12,21.290934667304,21.384128266119,21.103525858967,21.290934667304,15301052.752784
2015-05-13,21.374252695965,21.504224280184,21.33554500145,21.379133724892,18612950.211649
2015-05-14,21.55598588927,21.734654250459,21.53067264623,21.724551655703,13952198.935596
2015-05-15,21.759286419695,21.790729326969,21.604569153939,21.655082127718,16936425.298076
2015-05-18,21.622617609739,21.801172458627,21.596169243692,21.759286419695,6786616.0384165
2015-05-19,21.785280736539,21.810480467278,21.68062239536,21.7059356384,9130772.5617863
2015-05-20,21.719670626776,21.835339661116,21.638509331827,21.719670626776,22021893.540777
2015-05-21,21.689930404011,21.83976664084,21.66075774275,21.815588520807,7426199.5866161
2015-05-22,21.764280960923,21.854523239922,21.74384874681,21.801172458627,7936999.7349628
2015-05-26,21.734654250459,21.74941084954,21.419430591615,21.484813676776,15848769.605108
2015-05-27,21.565974971725,21.905376750603,21.551558909546,21.891074200724,25173995.101756
2015-05-28,21.829891070686,21.885625610294,21.779605121507,21.844761182068,9329687.5681342
2015-05-29,21.844761182068,21.854523239922,21.627612150966,21.685957473489,15476602.890432
2015-06-01,21.815588520807,21.821150623537,21.609450182866,21.74384874681,13872624.299631
2015-06-02,21.670746825205,21.801172458627,21.55598588927,21.700827584872,11275538.359439
2015-06-03,21.74941084954,21.864512322377,21.7059356384,21.74384874681,11314596.681537
2015-06-04,21.638509331827,21.74941084954,21.494802759232,21.546677880619,16694398.664416
2015-06-05,21.519661953069,21.565974971725,21.379133724892,21.475051618922,15454803.49084
2015-06-08,21.470057077695,21.475051618922,21.19456272407,21.235200127695,16758800.495403
2015-06-09,21.179125051185,21.266075473466,21.040185995216,21.184687153916,15413307.547459
2015-06-10,21.275042945216,21.5614344797,21.235200127695,21.51432687494,17929670.958468
2015-06-11,21.609450182866,21.644184946858,21.494802759232,21.525110543499,11289398.531344
2015-06-12,21.419430591615,21.45473291711,21.314772250435,21.33554500145,12273599.356998
2015-06-15,21.19456272407,21.235200127695,21.044726487241,21.205119368029,18358198.084875
2015-06-16,21.19456272407,21.369712203939,21.160395521581,21.345420571605,18346599.341896
2015-06-17,21.359836633785,21.44031685493,21.230886660271,21.354388043355,22047594.720155
2015-06-18,21.345420571605,21.581526156911,21.340085493476,21.546677880619,17926199.088038
2015-06-19,21.40524971064,21.456779611749,21.269644707722,21.269644707722,26869601.57508
2015-06-22,21.451807428309,21.509665562887,21.394740322914,21.446383228192,10875797.855994
2015-06-23,21.490680862478,21.496331070933,21.409656873235,21.461073770175,7986664.626623
2015-06-24,21.424912436063,21.53305742589,21.359709030493,21.359709030493,9693399.8872652
2015-06-25,21.471018137055,21.490680862478,21.304223983466,21.309761187752,9827599.3607977
2015-06-26,21.299816820871,21.319818558801,21.069966340925,21.130536575561,20348397.924996
2015-06-29,20.904415233195,21.028832823373,20.674564753249,20.680101957535,26214801.8399
2015-06-30,20.8349176692,20.845201048588,20.645974698467,20.700442707973,22765901.65233
2015-07-01,20.886786582816,20.931197221272,20.750277546545,20.839663844302,16298803.085702
2015-07-02,20.90012107477,20.94012455063,20.788020939024,20.870965999142,10321195.309027
2015-07-06,20.721574487594,20.881814399376,20.669140553132,20.783613776429,15018002.552813
2015-07-07,20.824295277305,20.845201048588,20.425051547879,20.814011897917,39319798.86624
2015-07-08,20.645974698467,20.689368299401,20.465620044586,20.476016428143,32319996.94468
2015-07-09,20.710726087361,20.764064055175,20.395444455576,20.395444455576,17987597.415349
2015-07-10,20.654789023657,20.788020939024,20.605067189253,20.721574487594,13496599.392456
2015-07-13,20.850512244535,21.050303615502,20.845201048588,21.034370027659,14142996.782771
2015-07-14,21.039342211099,21.17087906393,21.028832823373,21.114942000226,12252701.037897
2015-07-15,21.104545616669,21.185343597574,21.060247982382,21.120592208681,13076963.547352
2015-07-16,21.283996237197,21.399712506354,21.245122803027,21.389768139473,10413198.109303
2015-07-17,21.575320985133,21.720644346594,21.543905826124,21.720644346594,15549997.084339
2015-07-20,21.796470144059,21.904841142224,21.720644346594,21.834778557383,18618798.021211
2015-07-21,21.726068546711,21.806188502601,21.669114445485,21.690359229276,11950403.341515
2015-07-22,21.264220507605,21.446383228192,21.250547003144,21.339933300901,17182402.344
2015-07-23,21.399712506354,21.485821683207,21.245122803027,21.294392620754,12645209.565271
2015-07-24,21.399712506354,21.430449640349,21.166132888828,21.179806393288,19491993.238584
2015-07-27,21.008605077104,21.145679134221,20.960352296899,20.989846385034,17307001.286785
2015-07-28,21.079910707805,21.219922873318,20.936282408881,21.179806393288,15774999.40242
2015-07-29,21.179806393288,21.364907222272,21.104545616669,21.319818558801,16752594.307823
2015-07-30,21.229641231861,21.394740322914,21.130536575561,21.359709030493,13616394.972637
2015-07-31,21.384343939357,21.419601240115,21.250547003144,21.288855416469,21823796.587984
2015-08-03,21.279137057926,21.314168350347,21.044992419554,21.174721205679,18396572.591828
2015-08-04,21.155510496932,21.174721205679,20.974703826375,21.050303615502,14765403.022834
2015-08-05,21.185343597574,21.40524971064,21.140141929935,21.255067169908,20785402.155848
2015-08-06,21.255067169908,21.339933300901,20.969618638765,21.044992419554,12984189.979052
2015-08-07,20.994366551798,21.089855074686,20.914811616752,21.060247982382,15824996.672831
2015-08-10,21.155510496932,21.413951031661,21.155510496932,21.389768139473,11144001.235053
2015-08-11,21.32998893402,21.359709030493,21.008605077104,21.069966340925,54689089.343354
2015-08-12,20.914811616752,21.205006322997,20.721574487594,21.166132888828,20071201.957361
2015-08-13,21.179806393288,21.245122803027,21.060247982382,21.104545616669,13287598.253928
2015-08-14,21.050303615502,21.229641231861,21.034370027659,21.209978506438,11905993.475578
2015-08-17,21.130536575561,21.32998893402,21.060247982382,21.32998893402,11183198.903912
2015-08-18,21.279137057926,21.309761187752,21.196191997808,21.219922873318,9383599.8128141
2015-08-19,21.155510496932,21.259361328334,20.960352296899,21.079910707805,18455202.287112
2015-08-20,20.856049448821,20.944870725733,20.564724700885,20.564724700885,27453598.612769
2015-08-21,20.34470558365,20.499521295315,19.779910746496,19.779910746496,47332805.883801
2015-08-24,18.505223719065,19.804997672036,15.658196682797,19.069679543712,72207629.728128
2015-08-25,19.734709078857,19.769514362939,18.829319676039,18.850112443154,37210796.146241
2015-08-26,19.224269247039,19.829745585069,19.059622172662,19.800138492765,68776596.138013
2015-08-27,20.068523394374,20.265489661112,19.810534876322,20.260517477672,40210995.189379
2015-08-28,20.16932311321,20.335100229277,20.126155520614,20.300633957702,27672202.051891
2015-08-31,20.136438900002,20.335100229277,20.064681252624,20.114968107873,22100400.542062
2015-09-01,19.691202473754,19.858900660696,19.374112775263,19.470618335673,42577997.240134
2015-09-02,19.759683000227,19.959700379532,19.570401016987,19.941280699969,25370202.912609
2015-09-03,20.050894743994,20.214298772511,19.895627015653,19.955406221106,22062195.756925
2015-09-04,19.691202473754,19.789290092531,19.55503244999,19.650520972878,27560798.197498
2015-09-08,20.024677776763,20.214298772511,19.974729934022,20.200738272219,18909198.811393
2015-09-09,20.330015041668,20.43002373132,19.895627015653,19.935630491514,19304401.929616
2015-09-10,19.90602339921,20.249895085777,19.895627015653,20.136438900002,28048843.0231
2015-09-11,19.99507068446,20.230345364523,19.989420476005,20.230345364523,13719397.367087
2015-09-14,20.314194457994,20.335100229277,20.131240708223,20.179719496767,14890602.828406
2015-09-15,20.244357881491,20.49522713689,20.190115880324,20.440872131553,17611795.351241
2015-09-16,20.415107180999,20.545061975462,20.390585276304,20.524947233363,15436195.97326
2015-09-17,20.440872131553,20.700442707973,20.314194457994,20.38493506785,33565278.43405
2015-09-18,20.056754298753,20.239672383939,19.984194541714,20.025030498001,22885826.004232
2015-09-21,20.065078984057,20.289957983003,20.04629219425,20.229322775183,13920998.232663
2015-09-22,19.905110031329,19.984194541714,19.765277817377,19.890260592679,24576396.576765
2015-09-23,19.960682930519,20.014118410509,19.830750342333,19.939983713007,11356403.509717
2015-09-24,19.714879722565,19.993981671733,19.611158643512,19.939983713007,22056336.870637
2015-09-25,20.124364242909,20.150013273304,19.815900903683,19.905110031329,21657798.24978
2015-09-28,19.820963212314,19.850999576855,19.439602628807,19.450064733311,25166683.779313
2015-09-29,19.499225374901,19.630507912055,19.22619819609,19.366030410042,26206799.541548
2015-09-30,19.60103402625,19.779452281543,19.545123639819,19.749303421254,24933591.412549
2015-10-01,19.749303421254,19.820963212314,19.494388057765,19.759878021504,27035999.775333
2015-10-02,19.52982421818,20.041117389872,19.460526837814,20.041117389872,29833999.76576
2015-10-05,20.165537686438,20.484913113156,20.124364242909,20.434740009839,17137703.828509
2015-10-06,20.365892612463,20.505162347678,20.360942799579,20.459264082761,19715603.054383
2015-10-07,20.569059932171,20.64161968921,20.311219679252,20.556010425479,30437847.480913
2015-10-08,20.475125983137,20.688530415854,20.375679742482,20.650394357503,30749403.258145
2015-10-09,20.70821717164,20.755577881273,20.626207771824,20.739378493655,22752996.094192
2015-10-12,20.786964194783,20.796638829054,20.674355951688,20.766602464513,12686764.021376
2015-10-13,20.655344170387,20.844899504666,20.650394357503,20.71924175488,17903597.669226
2015-10-14,20.660068991775,20.805413497347,20.626207771824,20.679755747561,25512002.610612
2015-10-15,20.766602464513,20.955032841319,20.755577881273,20.944233249574,16843598.488705
2015-10-16,21.0003686275,21.0003686275,20.860086430558,20.985069205861,14972399.754848
2015-10-19,20.93928343669,21.065953648203,20.879773186344,21.065953648203,14184117.512263
2015-10-20,20.980119392977,21.070903461086,20.923871519304,21.009593278782,11857791.351749
2015-10-21,21.054929064963,21.110051981163,20.825100253133,20.849624326055,18834194.624834
2015-10-22,21.0003686275,21.366092302125,21.0003686275,21.319406566976,28472001.613711
2015-10-23,21.850161502959,22.001355787394,21.780864122594,21.915071549178,33383397.048915
2015-10-26,21.895384793393,21.895384793393,21.750152783568,21.8293497897,16576200.825154
2015-10-27,21.780864122594,21.839024423972,21.680180428718,21.705829459113,15357792.989903
2015-10-28,21.804713221031,22.030829673199,21.739240696075,22.030829673199,29558999.14814
2015-10-29,21.900784589265,22.001355787394,21.834299602583,21.970081969631,15218002.816756
2015-10-30,22.00574312154,22.010580438676,21.819450163934,21.82383749808,18678999.424912
2015-11-02,21.86456095862,22.030829673199,21.809100555178,22.020480064443,27486559.91823
2015-11-03,21.949382752119,22.215322698848,21.910234232043,22.134438256505,13758089.852283
2015-11-04,22.185398830053,22.220385007478,22.104514387711,22.160199782648,14597221.128141
2015-11-05,22.18044901717,22.29069484957,22.049391471511,22.094052283208,13457402.930353
2015-11-06,22.069528210286,22.18044901717,21.991456161627,22.170436895656,13737796.640727
2015-11-09,22.104514387711,22.104514387711,21.850161502959,21.955007539487,20292463.082698
2015-11-10,21.8293497897,21.834299602583,21.719441444542,21.809100555178,34546401.012046
2015-11-11,21.859273658494,21.970081969631,21.766014683944,21.800325886885,16402204.025616
2015-11-12,21.696154824841,21.800325886885,21.605933235469,21.609870586626,16067799.384666
2015-11-13,21.53551089763,21.564422304698,21.179461857276,21.18396168717,30089801.435411
2015-11-16,21.150100467219,21.515261663107,21.140088345705,21.510536841719,18158402.856764
2015-11-17,21.554635174679,21.680180428718,21.47060085141,21.515261663107,18788998.249683
2015-11-18,21.615157886751,21.859273658494,21.59018383084,21.839024423972,20333603.304521
2015-11-19,21.859273658494,22.045566616101,21.853986358369,21.94004560509,18734800.645385
2015-11-20,22.030829673199,22.104514387711,22.00574312154,22.099564574828,14576399.007704
2015-11-23,22.114863996467,22.124201143497,21.889872501773,21.970081969631,14454002.380945
2015-11-24,21.804713221031,22.045566616101,21.75555257944,21.975594261251,22606798.567727
2015-11-25,21.980544074134,21.986168861502,21.900784589265,21.905734402149,13152996.756719
2015-11-27,21.929246013344,21.996968453247,21.895384793393,21.955007539487,7601402.0099991
2015-11-30,21.986168861502,22.049391471511,21.905734402149,21.980544074134,34051003.618684
2015-12-01,22.069528210286,22.18044901717,22.020480064443,22.175499204287,15558972.150305
2015-12-02,22.200023277209,22.280907719551,22.010580438676,22.035666990335,19394176.681807
2015-12-03,22.094052283208,22.160199782648,21.64530674704,21.750152783568,23708524.658916
2015-12-04,21.814050368061,22.324443573774,21.770289522343,22.285857532434,25680201.857662
2015-12-07,22.260208502039,22.280907719551,22.069528210286,22.175499204287,25629800.841324
2015-12-08,21.986168861502,22.18044901717,21.920021362062,22.118688851877,22756688.678221
2015-12-09,22.025879860315,22.189673668453,21.690530037474,21.794813595265,32508398.639452
2015-12-10,21.853986358369,22.020480064443,21.790538756865,21.853986358369,18146803.307175
2015-12-11,21.615157886751,21.665555981563,21.386116545153,21.401190975297,33920592.466743
2015-12-14,21.395678683677,21.569372117581,21.174512044393,21.564422304698,42051052.698085
2015-12-15,21.729341070309,21.809100555178,21.629894829654,21.659931194195,34043797.124047
2015-12-16,21.794813595265,21.996968453247,21.573759451728,21.955007539487,36347600.655397
2015-12-17,22.045566616101,22.045566616101,21.605933235469,21.609870586626,24217203.443221
2015-12-18,21.439907420899,21.4854644678,21.04970627718,21.083958012687,41223920.589393
2015-12-21,21.261037246584,21.31431772404,21.119441019732,21.300326002019,22326398.568563
2015-12-22,21.380582519531,21.491061156608,21.281409193846,21.454570745577,18965196.857321
2015-12-23,21.570310270135,21.655603807574,21.500239726254,21.634448323879,16090397.033553
2015-12-24,21.650119052542,21.68056503966,21.600084654595,21.624598151576,4914035.9490498
2015-12-28,21.545125170497,21.624598151576,21.425244096222,21.609375158017,14354455.420101
2015-12-29,21.739889941028,21.960847215183,21.694780629233,21.905999664861,13618366.610976
2015-12-30,21.89581369123,21.89581369123,21.719294126214,21.719294126214,14393038.054833
2015-12-31,21.645305900167,21.659409555964,21.414274586157,21.414274586157,17668940.222658
2016-01-04,21.029670131246,21.140036834547,20.80378777094,21.134440145738,43089244.954825
2016-01-05,21.200369139901,21.251299008057,20.985792090988,21.079256794088,31966701.406066
2016-01-06,20.769983770537,20.957920580722,20.693868802743,20.819346565827,27716332.873086
2016-01-07,20.395005620376,20.659057398355,20.195203829917,20.205949472429,33622281.217139
2016-01-08,20.381013898355,20.448398031608,20.020027470215,20.044764834748,38465607.499536
2016-01-11,20.184793988733,20.265722108902,19.924995694249,20.174496081326,38270241.089603
2016-01-12,20.390080534224,20.459703343001,20.15423606784,20.414705964981,31590684.430305
2016-01-13,20.56458529127,20.56458529127,19.829404249401,19.865223057775,43830736.065388
2016-01-14,19.9515239992,20.395005620376,19.713105055963,20.250499115344,39590528.897806
2016-01-15,19.579344193443,19.860521839176,19.429576800931,19.659488777179,40179352.953034
2016-01-19,19.899027058178,19.936077138089,19.515318073475,19.689710896744,39317394.183274
2016-01-20,19.35514083978,19.731126393926,19.014078623797,19.535018418081,59263593.413245
2016-01-21,19.644041916068,19.930480449281,19.399130813814,19.644041916068,44271346.591439
2016-01-22,20.020027470215,20.195203829917,19.989581483097,20.190278743765,22496450.90354
2016-01-25,20.080359775569,20.255424201495,19.919510939216,19.946151177944,20927659.01594
2016-01-26,20.034914662445,20.195203829917,19.906526621181,20.149422915464,22920922.422564
2016-01-27,19.984768330722,20.106104544088,19.644041916068,19.735491811197,36044300.819107
2016-01-28,20.024392887485,20.065248715786,19.750714804756,19.989581483097,35131514.674493
2016-01-29,20.15423606784,20.634767768927,20.114051842195,20.618761238935,32226227.18099
2016-02-01,20.536937648556,20.789907982695,20.518356641712,20.69599554449,29593438.311623
2016-02-02,20.634767768927,20.639692855078,20.260908956527,20.324375407614,27902307.122439
2016-02-03,20.455897594611,20.464628429152,19.984768330722,20.29997384441,42927694.075196
2016-02-04,20.260908956527,20.453323117759,20.106104544088,20.319002586358,36406090.632571
2016-02-05,20.240201207936,20.276131950086,19.669786684587,19.750714804756,47534490.322545
2016-02-08,19.417487953105,19.520355093403,19.128586876817,19.462821132453,49042650.824049
2016-02-09,19.229103407815,19.6495266711,19.19653067895,19.37528891949,49510507.817648
2016-02-10,19.539831570456,19.767504871181,19.395325065424,19.414913476253,33930465.227195
2016-02-11,19.162278943443,19.489797172509,19.125788532413,19.364991012083,49250015.399735
2016-02-12,19.520355093403,19.6495266711,19.409988390102,19.634527545094,21765319.48993
2016-02-16,19.855596753025,19.989581483097,19.748028394128,19.984768330722,20564166.409927
2016-02-17,20.100619789055,20.43518984602,20.075546623194,20.395005620376,22257399.734928
2016-02-18,20.464628429152,20.489141926133,20.276131950086,20.314077500207,23153995.056163
2016-02-19,20.240201207936,20.390080534224,20.187592333137,20.329972096423,17158594.713413
2016-02-22,20.515670231084,20.629283013894,20.485336177743,20.59816542412,13181164.350179
2016-02-23,20.515670231084,20.536937648556,20.23482838668,20.276131950086,16313356.544565
2016-02-24,20.054279205722,20.469441581527,19.9515239992,20.429817024764,20222889.618346
2016-02-25,20.499775634869,20.69599554449,20.34027000383,20.687376643725,18806834.470141
2016-02-26,20.799310419893,20.819346565827,20.583725966994,20.629283013894,19545894.679065
2016-02-29,20.60868719908,20.801996830521,20.485336177743,20.485336177743,27203787.849016
2016-03-01,20.661184140102,21.094815588975,20.629283013894,21.094815588975,24608845.464822
2016-03-02,21.019931892719,21.154812093001,20.982993746584,21.154812093001,17496487.361146
2016-03-03,21.16477419908,21.167572543484,20.991164912244,21.154812093001,15767566.863454
2016-03-04,21.159401377824,21.311631313412,21.072093032413,21.20887610689,15771828.311753
2016-03-07,21.089442767719,21.17529597404,20.924788182977,21.079256794088,31626776.306577
2016-03-08,20.955122236318,21.12212743036,20.875313453911,20.949749415062,23400363.944484
2016-03-09,20.98019540218,21.134440145738,20.98019540218,21.130186662244,24302944.054431
2016-03-10,21.219845616954,21.31431772404,20.849792552944,21.110038582534,25876843.426291
2016-03-11,21.317451869772,21.439907420899,21.270887418887,21.435094268524,17640291.140051
2016-03-14,21.370508479676,21.500239726254,21.360658307373,21.459495831729,20121855.771484
2016-03-15,21.375209698275,21.560012362727,21.365583393524,21.539864283017,12642201.026814
2016-03-16,21.439907420899,21.824511875811,21.435094268524,21.790931742961,29513713.493025
2016-03-17,21.74918044445,21.939243996383,21.724107278589,21.870740525368,18733910.994498
2016-03-18,21.844485558079,21.859075054559,21.697476891256,21.795705409542,18828742.874953
2016-03-21,21.745031967569,21.879567171753,21.734785908972,21.869766593964,16006941.405932
2016-03-22,21.771426705476,21.96064467891,21.768865190827,21.874110031848,26225718.7642
2016-03-23,21.844485558079,21.869766593964,21.704381843789,21.75026636707,21350140.830669
2016-03-24,21.655156214443,21.810851757033,21.624306668451,21.810851757033,13486666.730929
2016-03-28,21.829339210588,21.856290799506,21.714627902385,21.755723506974,12815919.093181
2016-03-29,21.714627902385,22.109880749775,21.690349198319,22.095179883093,20163009.107271
2016-03-30,22.208777489274,22.336407740925,22.176368760452,22.224480687776,21911901.506313
2016-03-31,22.194076622592,22.290857328251,22.140173444757,22.180712198335,29121127.893462
2016-04-01,22.024348434533,22.360129593981,22.005638240574,22.349883535384,19308414.267967
2016-04-04,22.315024662115,22.364473031864,22.219134918073,22.264573960546,15292338.231369
2016-04-05,22.119569957361,22.176368760452,22.005638240574,22.050520432035,21452277.66603
2016-04-06,22.055866201738,22.264573960546,21.975122805188,22.264573960546,22276955.16716
2016-04-07,22.104423609871,22.150419503354,21.859075054559,21.944830110206,21261741.960855
2016-04-08,22.061100601239,22.142289478598,21.869766593964,21.944830110206,17525589.991929
2016-04-11,22.040051633034,22.170911620547,21.884467460647,21.884467460647,16276971.44469
2016-04-12,21.924449363214,22.053081946685,21.776883845381,22.035262714342,19183944.708481
2016-04-13,22.165565850845,22.296425838358,22.140173444757,22.259005450439,15753197.590645
2016-04-14,22.228712755457,22.325604831318,22.178596164495,22.253659680736,13005496.732393
2016-04-15,22.224480687776,22.282838673697,22.124915727064,22.170911620547,12921749.914834
2016-04-18,22.104423609871,22.264573960546,22.071012549229,22.264573960546,14225736.95276
2016-04-19,22.306783267156,22.331061971223,22.014659226947,22.140173444757,12941733.716221
2016-04-20,22.159997340738,22.285511558548,22.095179883093,22.185501117027,13728639.893252
2016-04-21,22.155319792248,22.196860877646,22.050520432035,22.095179883093,22517504.250178
2016-04-22,21.755723506974,21.864420824262,21.604928253279,21.72008504229,29832850.584791
2016-04-25,21.659611022529,21.732001653919,21.604928253279,21.724317109971,18715051.782032
2016-04-26,21.75026636707,21.800605698436,21.550913705241,21.619406379557,14727115.229245
2016-04-27,21.344433350476,21.545567935539,21.264915026149,21.519507308238,25555675.982854
2016-04-28,21.555257143125,21.629875178558,21.180607783131,21.250325529669,45339214.646609
2016-04-29,21.130713932572,21.16601828665,20.909755451529,21.064894143108,23792333.578613
2016-05-02,21.109887704772,21.242195504913,21.019900581444,21.217916800847,25059976.963369
2016-05-03,21.074137869886,21.120579244178,20.954080791981,21.029701159233,25036185.141597
2016-05-04,20.930136198521,21.019900581444,20.899954873741,20.959426561683,22475487.625353
2016-05-05,21.019900581444,21.06756702796,20.919444659115,20.969338509674,27098613.830682
2016-05-06,20.880576458569,21.12592501388,20.880576458569,21.12592501388,18459772.547066
2016-05-09,21.136282442679,21.223373940752,21.109887704772,21.12592501388,15082362.855991
2016-05-10,21.190853841727,21.400563932354,21.16601828665,21.400563932354,27824184.930027
2016-05-11,21.344433350476,21.464824538988,21.244868389765,21.255782669574,14304132.249099
2016-05-12,21.325054935304,21.325054935304,21.049302314809,21.195308649813,18673256.940049
2016-05-13,21.180607783131,21.309797217611,21.079372269386,21.104319194666,21842707.055266
2016-05-16,21.12592501388,21.4497895617,21.12592501388,21.400563932354,12788339.902868
2016-05-17,21.334075921678,21.437204728858,21.118908691146,21.185953552833,19880129.132242
2016-05-18,21.130713932572,21.390317873758,21.100087126984,21.223373940752,21807448.07284
2016-05-19,21.175707494236,21.199652087696,20.981700602111,21.109887704772,17251766.299286
2016-05-20,21.223373940752,21.413037394994,21.207448001846,21.364257246457,11745873.446217
2016-05-23,21.354679409073,21.445000643008,21.30556514993,21.309797217611,16822052.613928
2016-05-24,21.410809990951,21.760623795869,21.410809990951,21.724317109971,18921721.066616
2016-05-25,21.815752045927,21.944830110206,21.785570721148,21.874110031848,19668553.687935
2016-05-26,21.874110031848,21.977907060241,21.829896061599,21.944830110206,13011237.944923
2016-05-27,21.940041191514,22.080144905804,21.914760155628,22.080144905804,15576037.9948
2016-05-31,22.071012549229,22.124915727064,21.964988116793,22.104423609871,24708528.377945
2016-06-01,22.01900266483,22.097295916934,21.985591604189,22.040051633034,13726934.769292
2016-06-02,21.950287250111,22.01900266483,21.839028418174,22.01900266483,15529001.176159
2016-06-03,21.990380522881,22.016329779979,21.849385846973,21.955855760218,16592999.424564
2016-06-06,21.985591604189,22.087161228539,21.964988116793,22.010315789063,17271169.155333
2016-06-07,22.080144905804,22.150419503354,22.075801467921,22.099411950774,8818201.6476675
2016-06-08,22.095179883093,22.180712198335,22.061100601239,22.144962363449,16303303.443229
2016-06-09,22.055866201738,22.176368760452,22.040051633034,22.150419503354,25839040.827256
2016-06-10,21.980134464284,22.053081946685,21.904514097032,21.980134464284,16547154.12751
2016-06-13,21.785570721148,21.914760155628,21.729217398865,21.734785908972,23674557.910183
2016-06-14,21.686005760436,21.820652334821,21.629875178558,21.785570721148,16820430.097344
2016-06-15,21.820652334821,21.86174793941,21.704381843789,21.739574827664,14154216.026632
2016-06-16,21.619406379557,21.810851757033,21.499349301651,21.776883845381,19192540.364964
2016-06-17,21.624339189939,21.676096717124,21.427505424883,21.524924839007,22922229.223838
2016-06-20,21.715884623462,21.802442714964,21.60982048317,21.615140314658,13711337.4671
2016-06-21,21.680419080208,21.814855655103,21.661023861242,21.764760575258,11471574.792871
2016-06-22,21.768972108519,21.850432028179,21.66634369273,21.685738911696,12990497.190739
2016-06-23,21.829817681163,22.005372120267,21.748690250971,21.984757773251,19495973.628875
2016-06-24,21.210168142634,21.568924278606,21.095126786706,21.155307380414,47245556.963074
2016-06-27,20.98474028333,20.98474028333,20.629198212216,20.715756303719,37031852.088658
2016-06-28,20.945063206816,21.123499221309,20.910040982853,21.123499221309,26488592.41463
2016-06-29,21.269905417051,21.484361123911,21.261704010174,21.450668857821,21008477.176808
2016-06-30,21.50009895873,21.695935255382,21.450668857821,21.685738911696,26708848.113075
2016-07-01,21.70125508687,21.800891097447,21.671220204927,21.734060714379,14949407.660651
2016-07-05,21.619351847919,21.650716687734,21.509408663834,21.590536094026,17361479.552206
2016-07-06,21.504532151637,21.728740882891,21.430165340627,21.720206986546,15701686.226059
2016-07-07,21.706020769244,21.824608679498,21.645286026423,21.72452934963,12111020.912109
2016-07-08,21.829817681163,22.079517271631,21.804548481595,22.066106863088,25496327.901757
2016-07-11,22.13393471456,22.242547940773,22.114539495593,22.196331904721,11628095.84093
2016-07-12,22.345287186385,22.403805332753,22.27358029112,22.375876217441,32037107.11225
2016-07-13,22.439492535652,22.454897881002,22.367896470209,22.380752729638,21218883.540718
2016-07-14,22.505547109961,22.574815749127,22.454897881002,22.525607307863,30972366.619476
2016-07-15,22.601414906567,22.601414906567,22.439492535652,22.505547109961,9729204.4149902
2016-07-18,22.540126014633,22.679328271902,22.500227278473,22.654613221447,8214500.1958462
2016-07-19,22.615822783514,22.658935584531,22.571823343915,22.606734738055,8899637.9879409
2016-07-20,22.779961750883,22.939778355168,22.749816039118,22.900433768122,10732592.287716
2016-07-21,22.905864429432,22.934347693858,22.724879329018,22.779961750883,10917350.320413
2016-07-22,22.764778065178,22.915063304714,22.714239666042,22.915063304714,9414300.9065274
2016-07-25,22.875164568554,22.926700436094,22.815538123959,22.885915061352,8489797.9385107
2016-07-26,22.910186792516,23.002064715507,22.825623637822,22.934347693858,18114906.725425
2016-07-27,23.18548807202,23.18548807202,23.015031804759,23.124199180086,21820150.405508
2016-07-28,23.155342360255,23.207654036553,23.047837432268,23.140491164017,12659185.643752
2016-07-29,23.238353897432,23.2802475704,23.155342360255,23.229044192328,21177496.665871
2016-08-01,23.224167680131,23.315269794363,23.182828156276,23.269607907424,15669636.188312
2016-08-02,23.224167680131,23.274927738912,22.984553603526,23.094496787611,22224412.533896
2016-08-03,23.075212398467,23.175402558157,23.070446716092,23.175402558157,15961685.739789
2016-08-04,23.180611559823,23.309949962875,23.160773021565,23.299531959544,16752323.114204
2016-08-05,23.375450388071,23.534712843242,23.349737869212,23.524516499557,12126101.690548
2016-08-08,23.549785699125,23.611296250705,23.470099056628,23.51963998736,10439174.873363
2016-08-09,23.51963998736,23.629472341622,23.51963998736,23.569845897028,29836952.008387
2016-08-10,23.580042240713,23.590016924753,23.464668395317,23.493816638678,7112401.5272641
2016-08-11,23.569845897028,23.645099346618,23.54502001675,23.580042240713,10518648.969668
2016-08-12,23.574611579402,23.574611579402,23.5046779613,23.554662211322,6922700.781615
2016-08-15,23.585362072201,23.714922134898,23.567629300574,23.66970356725,16561484.588154
2016-08-16,23.629472341622,23.629472341622,23.493816638678,23.493816638678,9064506.9695955
2016-08-17,23.5046779613,23.514763475162,23.349737869212,23.48472859322,10575092.261279
2016-08-18,23.479408761732,23.51963998736,23.408366845403,23.493816638678,7086414.8394692
2016-08-19,23.430976129227,23.528728032818,23.375450388071,23.509443643674,9576615.5215578
2016-08-22,23.44482985706,23.534158694129,23.405596099836,23.509443643674,9256927.199881
2016-08-23,23.580042240713,23.650530007929,23.574611579402,23.595336756241,16604308.801762
2016-08-24,23.585362072201,23.595336756241,23.411026761147,23.464668395317,13613419.779073
2016-08-25,23.426099617029,23.54502001675,23.385646731756,23.514763475162,11825302.688998
2016-08-26,23.499136470166,23.694418617705,23.398613821008,23.524516499557,24227140.632341
2016-08-29,23.514763475162,23.650530007929,23.514763475162,23.615396954144,13965007.457033
2016-08-30,23.569845897028,23.620827615454,23.454582881454,23.534712843242,11436310.818735
2016-08-31,23.5046779613,23.529282181932,23.421223104832,23.499136470166,22322322.101365
2016-09-01,23.489605105417,23.590016924753,23.385646731756,23.569845897028,18399361.750629
2016-09-02,23.684776423133,23.740191334466,23.569845897028,23.674580079448,13799641.316773
2016-09-06,23.68965293533,23.794054628282,23.659950542856,23.794054628282,30214754.652049
2016-09-07,23.794054628282,23.860552521882,23.730549139894,23.855454350039,23169951.356197
2016-09-08,23.770337046232,23.775324388252,23.598107501808,23.655739009594,16576598.751109
2016-09-09,23.44482985706,23.526622266188,23.080643059778,23.080643059778,34326514.366499
2016-09-12,22.96393925651,23.514763475162,22.928917032547,23.464668395317,38020973.043312
2016-09-13,23.375450388071,23.457242797198,23.200117608612,23.294655447347,34717526.451129
2016-09-14,23.299531959544,23.549785699125,23.294655447347,23.405596099836,34214393.822579
2016-09-15,23.454582881454,23.833842534619,23.405596099836,23.788623966971,32638093.366648
2016-09-16,23.699452815809,23.699452815809,23.500558381809,23.604641318136,31766119.12827
2016-09-19,23.665016043662,23.780467529769,23.495260416863,23.560601984526,14242630.137137
2016-09-20,23.640402581519,23.684993786478,23.51468628833,23.544708089689,10001790.299461
2016-09-21,23.635656487922,23.825279483267,23.544708089689,23.810378956858,24095765.319382
2016-09-22,23.949119413871,23.983004314669,23.894925647448,23.953975881738,20997079.358168
2016-09-23,23.949119413871,23.949119413871,23.703757412327,23.744375143577,23973072.774854
2016-09-26,23.645369423656,23.686097529175,23.560601984526,23.604641318136,39226661.356408
2016-09-27,23.635656487922,23.875168653172,23.574619516778,23.864351974741,17550487.131262
2016-09-28,23.884771214636,23.920753226558,23.760489786953,23.910157296667,18097444.317605
2016-09-29,23.880135495308,23.937861238362,23.694154850863,23.765787751899,22813788.094219
2016-09-30,23.819981518322,23.961922829156,23.801217892473,23.890069179581,18432992.630636
2016-10-03,23.825279483267,23.880135495308,23.763580266505,23.819981518322,12462883.820055
2016-10-04,23.899782115315,23.936757495665,23.652323002647,23.734220710764,17804430.374339
2016-10-05,23.801217892473,23.875168653172,23.776162933251,23.819981518322,18015691.568305
2016-10-06,23.840290383947,23.897133132842,23.734220710764,23.875168653172,10011548.008418
2016-10-07,23.894925647448,23.925499320155,23.694154850863,23.810378956858,12147878.338303
2016-10-10,23.934550010271,24.03057562491,23.920753226558,23.97538849006,13315799.089669
2016-10-11,23.97538849006,24.00485842007,23.59934335319,23.703757412327,17436581.960844
2016-10-12,23.7246181493,23.810378956858,23.601992335663,23.744375143577,11028012.265028
2016-10-13,23.590071914536,23.669872511529,23.394047211548,23.594376511054,19320574.494288
2016-10-14,23.689298382996,23.844705354735,23.665016043662,23.684993786478,18896563.534786
2016-10-17,23.684993786478,23.731682102561,23.620093715894,23.635656487922,10148155.027798
2016-10-18,23.810378956858,23.869760313957,23.734220710764,23.765787751899,10117875.325752
2016-10-19,23.749893857062,23.834992419001,23.703757412327,23.810378956858,10069753.60305
2016-10-20,23.749893857062,23.760489786953,23.585325820939,23.699452815809,12292003.414221
2016-10-21,23.734220710764,23.780467529769,23.669872511529,23.765787751899,16153889.895164
2016-10-24,23.890069179581,24.010156385016,23.869760313957,23.995145484336,10700081.669444
2016-10-25,24.03057562491,24.03057562491,23.864351974741,23.910157296667,8724329.5254724
2016-10-26,23.709055377273,23.902651846327,23.699452815809,23.776162933251,12559107.333278
2016-10-27,23.880135495308,23.884771214636,23.714353342218,23.744375143577,17642134.396765
2016-10-28,23.810378956858,23.964571811629,23.660821821414,23.719209810085,20835750.091408
2016-10-31,23.780467529769,23.815125050455,23.709055377273,23.709055377273,11759919.259469
2016-11-01,23.760489786953,23.785213623366,23.342723176137,23.505525223945,18130385.871917
2016-11-02,23.505525223945,23.574619516778,23.298683842526,23.354864345804,16334376.706574
2016-11-03,23.290626520838,23.339963819394,23.12042939696,23.129369712806,20251248.828794
2016-11-04,23.110164589878,23.275063748811,23.031357361312,23.090849092681,16307333.266032
2016-11-07,23.428925480773,23.59934335319,23.375283585699,23.590071914536,26448994.026625
2016-11-08,23.544708089689,23.803425377867,23.520425750355,23.703757412327,19530060.818073
2016-11-09,23.344709912992,23.714353342218,23.21998698823,23.674839353666,54255318.891375
2016-11-10,23.810378956858,23.810378956858,22.970320390168,23.295372614435,79031015.323359
2016-11-11,23.16479985338,23.414356077173,23.16479985338,23.364577281538,28183103.801661
2016-11-14,23.384444650084,23.398793305145,22.900122354638,23.010386250069,37941939.832226
2016-11-15,23.16479985338,23.416122065488,23.153983174949,23.335659222876,34741693.96914
2016-11-16,23.279920216677,23.564906581044,23.24945691824,23.550116428904,20248490.033643
2016-11-17,23.579917481723,23.719209810085,23.525282218221,23.699452815809,16295813.371011
2016-11-18,23.755191822008,23.806074360339,23.633007505449,23.679695821532,17627681.753008
2016-11-21,23.765787751899,23.93841310971,23.729474617167,23.920753226558,17951416.624341
2016-11-22,24.000001952203,24.03443872435,23.939406478138,23.995145484336,16977574.620297
2016-11-23,23.980355332196,23.980355332196,23.815125050455,23.899782115315,16233487.250814
2016-11-25,23.915234513073,24.00485842007,23.890069179581,24.000001952203,6219015.5537424
2016-11-28,23.980355332196,24.129581344831,23.964571811629,24.019869320749,14975686.856059
2016-11-29,24.00485842007,24.150110958996,23.949119413871,24.035321718507,11856863.049258
2016-11-30,24.07119335616,24.07119335616,23.744375143577,23.749893857062,23629175.59571
2016-12-01,23.719209810085,23.780467529769,23.195263151817,23.259611351053,43761157.497206
2016-12-02,23.239854356776,23.398793305145,23.185108719005,23.344709912992,20102514.888859
2016-12-05,23.47439967989,23.628261411852,23.380691924914,23.570314920259,18007869.092991
2016-12-06,23.625612429379,23.679695821532,23.529034943391,23.640402581519,18509576.602814
2016-12-07,23.625612429379,24.107727239431,23.609939283082,24.089956982009,19945666.73895
2016-12-08,24.100111414821,24.25551838656,24.035321718507,24.150110958996,19348480.454693
2016-12-09,24.240065988802,24.325716422089,24.200441625979,24.325716422089,24568312.953369
2016-12-12,24.250882667232,24.305297182194,24.17417254979,24.250882667232,19170457.985749
2016-12-13,24.354634480751,24.675161359961,24.339844328611,24.55397041183,27897987.532394
2016-12-14,24.568981312509,24.66434468153,24.419755299874,24.470968961015,35813075.916408
2016-12-15,24.500990762373,24.702313430307,24.460814528202,24.57968761667,23139841.440689
2016-12-16,24.539923814289,24.545088587164,24.258168970661,24.293882825645,21093330.944923
2016-12-19,24.314761694712,24.549923693685,24.293882825645,24.469485103382,13229310.941355
2016-12-20,24.535748040476,24.599593424309,24.500363851845,24.559593906727,11410657.64759
2016-12-21,24.549923693685,24.559593906727,24.458716002495,24.510034064887,9224438.1808141
2016-12-22,24.510034064887,24.525528383511,24.383661962636,24.458716002495,22156767.040434
2016-12-23,24.434870136244,24.489704639743,24.39267284297,24.484869533222,12684834.084723
2016-12-27,24.510034064887,24.699372440696,24.500363851845,24.585088104746,13570077.291148
2016-12-28,24.615527298071,24.648054378303,24.355310656217,24.365859979536,15554814.867963
2016-12-29,24.365859979536,24.43212291663,24.309487033053,24.371354418764,9593084.5368525
2016-12-30,24.424650479279,24.424650479279,24.105753226467,24.179818267265,17003232.016516
2017-01-03,24.335091119857,24.479484982778,24.249597645464,24.395969506507,27851991.557366
2017-01-04,24.414540711099,24.515198837762,24.400694724244,24.479484982778,14433640.396102
2017-01-05,24.453441340836,24.58036288701,24.424650479279,24.520143833067,10964173.502793
2017-01-06,24.520143833067,24.734646740542,24.449045789453,24.699372440696,17447953.470054
2017-01-09,24.714756870535,24.774536369339,24.679702348258,24.694537334175,16626127.108464
2017-01-10,24.699372440696,24.784756026304,24.615527298071,24.699372440696,15471133.898734
2017-01-11,24.655636704438,24.815085330844,24.623549179345,24.815085330844,15173004.293159
2017-01-12,24.720031532194,24.781898917905,24.520143833067,24.754316832979,13725441.644911
2017-01-13,24.754316832979,24.875414273572,24.754316832979,24.830249983115,9665785.3136561
2017-01-17,24.763877157236,24.802338231835,24.679702348258,24.734646740542,9636198.1268216
2017-01-18,24.805085451449,24.835304867205,24.737393960156,24.799700901005,12296020.975464
2017-01-19,24.799700901005,24.888710816504,24.720031532194,24.763877157236,14494063.304829
2017-01-20,24.875414273572,24.964973632993,24.835304867205,24.901567804298,17476843.588482
2017-01-23,24.875414273572,24.95431442089,24.769151818896,24.944754096633,23955260.861066
2017-01-24,24.924314782704,25.137828691117,24.915303902369,25.100466504364,13021905.789957
2017-01-25,25.234860487889,25.338925166874,25.214640951529,25.338925166874,18393380.25232
2017-01-26,25.33354061643,25.352221709806,25.199696076828,25.27002489895,14251571.770274
2017-01-27,25.359034814449,25.415627538501,25.315408966976,25.369803915337,12045022.658313
2017-01-30,25.284420329729,25.284420329729,25.049258330756,25.164531665766,16865188.811654
2017-01-31,25.085411740878,25.111125716467,24.929149889225,25.039148562576,19097261.001434
2017-02-01,25.27002489895,25.310024416533,25.090906180107,25.230025381368,23362023.796364
2017-02-02,25.154861452725,25.222552944018,25.049258330756,25.180355650744,17197620.370926
2017-02-03,25.275409449394,25.377935685395,25.27002489895,25.344199828533,13667149.981888
2017-02-06,25.310024416533,25.361782034064,25.244420812146,25.359034814449,13453031.679526
2017-02-07,25.410462765627,25.489802468084,25.391122339543,25.459473163543,20106369.441729
2017-02-08,25.484967361563,25.544746860367,25.388485008713,25.50584623063,12706166.562002
2017-02-09,25.520241661409,25.649800538413,25.50584623063,25.583757378888,9740044.0292492
2017-02-10,25.644525876754,25.701008712021,25.576724496676,25.660130084162,8346564.2432652
2017-02-13,25.706393262465,25.804523947083,25.67067940748,25.775183641603,13159200.965798
2017-02-14,25.744414781925,25.859358450581,25.67067940748,25.859358450581,12467509.813696
2017-02-15,25.839908135713,25.965620905257,25.814743604047,25.94474203619,11895031.919359
2017-02-16,25.980565779958,26.074960245901,25.942214594145,26.00562042284,14123093.690771
2017-02-17,25.975291118299,26.096388558892,25.93463226801,26.096388558892,14175390.20149
2017-02-21,26.149025286699,26.240782421812,26.110234545747,26.230782542417,15237008.095073
2017-02-22,26.205288344397,26.27946327398,26.149025286699,26.260672291819,13769629.047831
2017-02-23,26.294078482327,26.315067240179,26.138915518519,26.255287741375,13404651.856044
2017-02-24,26.10067422149,26.325726452282,26.085619458004,26.315067240179,15544207.780037
2017-02-27,26.30979257852,26.30979257852,26.240782421812,26.299353143986,15951203.81859
2017-02-28,26.255287741375,26.27946327398,26.134190300783,26.17429970715,15241991.315173
2017-03-01,26.334737332617,26.580668432477,26.275067722597,26.543855689647,18190191.18177
2017-03-02,26.519680157043,26.525174596271,26.354517313839,26.370011632463,14340225.039472
2017-03-03,26.350341540025,26.430230686405,26.294078482327,26.430230686405,15713892.066505
2017-03-06,26.320232013054,26.435065792926,26.275067722597,26.390231168823,13430323.265653
2017-03-07,26.370011632463,26.499570509467,26.350341540025,26.390231168823,13960552.080447
2017-03-08,26.420120918225,26.499570509467,26.382319176334,26.420120918225,11361303.202354
2017-03-09,26.424956024746,26.454735885364,26.284188491716,26.415285811704,15300372.159272
2017-03-10,26.538581027988,26.611107625802,26.444626117184,26.55451490175,14709118.918495
2017-03-13,26.55451490175,26.611107625802,26.530559146715,26.580668432477,14922188.888214
2017-03-14,26.559459897056,26.559459897056,26.417373698611,26.519680157043,14479696.961565
2017-03-15,26.559459897056,26.745062054189,26.480449860952,26.699677986163,17866845.172074
2017-03-16,26.800336112826,26.807918438961,26.6851726666,26.715062416002,21955460.782591
2017-03-17,26.714356147922,26.754311483271,26.66027961186,26.669912679012,13790709.718294
2017-03-20,26.67527654595,26.75376414991,26.62032427651,26.695199480288,9083079.6269585
2017-03-21,26.764491883785,26.830281353771,26.294660926745,26.30538866062,29809294.780936
2017-03-22,26.310314660868,26.510419737632,26.275066392423,26.470136002266,22766636.183789
2017-03-23,26.430290133588,26.510419737632,26.357494796582,26.39985839872,22718702.873175
2017-03-24,26.49082520331,26.579602674456,26.327610395074,26.420000266403,26281800.135536
2017-03-27,26.19942492194,26.475280935859,26.165052386872,26.420000266403,13654005.09669
2017-03-28,26.394713465127,26.669912679012,26.34939426284,26.609924942652,16907712.30158
2017-03-29,26.599744542139,26.669912679012,26.540304139139,26.654915744922,11410260.082009
2017-03-30,26.634773877239,26.73679681572,26.615179342917,26.705489347474,17508461.357748
2017-03-31,26.679983612854,26.744240549429,26.626673343497,26.654915744922,12203221.065141
2017-04-03,26.679983612854,26.719720014859,26.467508802133,26.629847876991,26035897.894594
2017-04-04,26.520052804784,26.650208678018,26.510419737632,26.650208678018,15041590.897566
2017-04-05,26.67527654595,26.85523975503,26.51534573788,26.540304139139,20955748.029119
2017-04-06,26.56931280727,26.625688143448,26.480644802796,26.54533960606,13870176.827561
2017-04-07,26.505712670727,26.599744542139,26.433464667082,26.530123738626,12938771.880646
2017-04-10,26.54533960606,26.60729774252,26.427662933456,26.480644802796,9687272.6537201
2017-04-11,26.433464667082,26.472653735726,26.165052386872,26.379825997709,16914270.462029
2017-04-12,26.354648663105,26.382453197841,26.23740985719,26.29039172653,17368430.609637
2017-04-13,26.259741058316,26.433464667082,26.184209054505,26.184209054505,19487048.955844
2017-04-17,26.264885991909,26.433464667082,26.264885991909,26.425473600012,14131665.547619
2017-04-18,26.354648663105,26.470573868954,26.315350127789,26.420000266403,12459073.366483
2017-04-19,26.459517735063,26.555738939918,26.34939426284,26.39985839872,14519198.110282
2017-04-20,26.470136002266,26.682172946298,26.430290133588,26.639699877488,15137003.499329
2017-04-21,26.650208678018,26.654915744922,26.534940272202,26.584857074721,15233018.110806
2017-04-24,26.874396422663,26.920153491639,26.815503353025,26.900558957317,16209777.501229
2017-04-25,27.010463496196,27.092891900355,26.962626560448,27.039800564342,20089506.294508
2017-04-26,27.059832965353,27.104495367607,26.985067228247,27.010463496196,16293672.442185
2017-04-27,27.079536966347,27.140728836102,27.052389231644,27.120368035074,17100063.083592
2017-04-28,27.204876306005,27.243736974632,27.125622435339,27.190207771931,22836739.71253
2017-05-01,27.290479243658,27.427531517239,27.239029907728,27.395238848943,15124322.927496
2017-05-02,27.449424851677,27.496167120703,27.354736180233,27.454788718615,14812827.206307
2017-05-03,27.364369247386,27.424794850435,27.279751509783,27.405309782785,14308005.063691
2017-05-04,27.415380716626,27.430158717372,27.295733643923,27.384511115069,15137853.986496
2017-05-05,27.430158717372,27.493430453898,27.361742047253,27.485439386828,13651628.117516
2017-05-08,27.505581254511,27.621615927032,27.454788718615,27.605743259565,12107074.906777
2017-05-09,27.635846594417,27.711706998245,27.584287791816,27.640115794632,15379605.192325
2017-05-10,27.670547529501,27.765564600962,27.608260993025,27.744328066557,10591811.889444
2017-05-11,27.660257662315,27.724076732202,27.549805790076,27.709627131473,18181278.010767
2017-05-12,27.733600332683,27.795886869159,27.70448219788,27.780780468397,9295250.1400046
2017-05-15,27.815371936809,27.934471676151,27.799608736013,27.934471676151,19898330.299282
2017-05-16,27.999823279449,28.065174882746,27.905791408038,28.065174882746,18120919.913934
2017-05-17,27.844709004956,27.870214739576,27.285334310065,27.300550177499,36980475.600587
2017-05-18,27.230491507297,27.563489124099,27.184734438322,27.459933652208,33644495.866352
2017-05-19,27.610778726486,27.70448219788,27.57903339155,27.621615927032,20308805.918035
2017-05-22,27.684121396853,27.875578606513,27.679414329949,27.840987138101,20990006.858085
2017-05-23,27.953518877112,27.98438847867,27.815371936809,27.89090394062,13209742.938838
2017-05-24,27.963699277626,28.010113146635,27.89889500769,28.004639813025,18823155.566687
2017-05-25,28.095606617615,28.263966359443,28.037698748027,28.203759689739,12174208.58183
2017-05-26,28.178910755152,28.224558357455,28.118813552119,28.188981688993,72535507.30233
2017-05-30,28.198614756146,28.340483563304,28.1653368878,28.31027076178,11836730.523341
2017-05-31,28.415358767082,28.424335034202,28.170372354721,28.264623159476,28479446.187865
2017-06-01,28.325596095886,28.335229163039,28.157674220747,28.335229163039,16603494.59464
2017-06-02,28.43976983498,28.600357443083,28.348365163702,28.595540909507,16840371.257475
2017-06-05,28.595540909507,28.694827181183,28.559307441012,28.620937177455,13501595.238363
2017-06-06,28.584813175632,28.709276781912,28.529641972848,28.56423344126,15307502.881712
2017-06-07,28.63067971128,28.704022381647,28.504683571589,28.656075979228,17317410.514769
2017-06-08,28.704022381647,28.739380116764,28.559307441012,28.718800382393,14188076.32431
2017-06-09,28.759740917792,28.81064292036,27.610778726486,28.010113146635,70284016.551134
2017-06-12,27.718712865265,27.89090394062,27.384511115069,27.844709004956,71391121.550084
2017-06-13,27.979571945094,28.13534301962,27.840987138101,28.044485681702,36586398.580276
2017-06-14,28.154937553942,28.160301420879,27.676787129816,27.910060608253,32332644.531813
2017-06-15,27.594906059018,27.825661803994,27.475477919659,27.785597001973,29500914.163122
2017-06-16,27.675649028945,27.685243373144,27.51167296445,27.623752348959,41993158.347947
2017-06-19,27.833955708231,28.055061731366,27.819455165294,28.034782776582,19795600.66405
2017-06-20,28.02540648566,28.03968897532,27.809533741179,27.809533741179,21915470.660144
2017-06-21,27.905150103254,27.981032643739,27.819455165294,27.966095994247,24586298.667571
2017-06-22,28.050373585905,28.069344221026,27.885198228386,27.976126445,17585138.129064
2017-06-23,27.950178105007,28.219800982331,27.905150103254,28.149914906972,32783450.402745
2017-06-26,28.300044588361,28.359355079774,27.971329272901,28.001093545246,19455871.764154
2017-06-27,27.848565277807,27.900025851239,27.540019890493,27.540019890493,25741410.863876
2017-06-28,27.644794490214,27.909947275354,27.459122124632,27.885198228386,25844226.103722
2017-06-29,27.754911395227,27.754911395227,27.165295333533,27.386074276752,41928400.779623
2017-06-30,27.500988353865,27.544817062593,27.334286623404,27.360780096591,30621337.519426
2017-07-03,27.474494880679,27.525846427472,27.138910886985,27.169656399078,33105871.605882
2017-07-05,27.269088693506,27.493138435884,27.180231983025,27.439606356318,29598003.209525
2017-07-06,27.200838017725,27.339519902059,27.125282557157,27.190262433778,25584712.462318
2017-07-07,27.289694728206,27.594642236445,27.269088693506,27.506330659158,17635670.733475
2017-07-10,27.51167296445,27.767667511946,27.469261602024,27.705740381206,11188467.473307
2017-07-11,27.675649028945,27.809533741179,27.569239029645,27.765596005812,13697760.646477
2017-07-12,27.955629436939,28.149914906972,27.936985881733,28.124402673533,33102668.718914
2017-07-13,28.165069609741,28.278348287274,28.114808329334,28.179461126039,16234590.209266
2017-07-14,28.300044588361,28.459877640588,28.260904025094,28.429677261688,13339624.318587
2017-07-17,28.454535335295,28.515590252926,28.379415981281,28.434038327233,19523668.956594
2017-07-18,28.379415981281,28.565742506694,28.309529905921,28.565742506694,19840098.963375
2017-07-19,28.609244135506,28.734188663373,28.584931195093,28.7114020959,13326998.963744
2017-07-20,28.790119328988,28.800694912935,28.603792803575,28.769077187733,20373542.906365
2017-07-21,28.644568766421,28.738876808834,28.61447741416,28.734188663373,11823905.755845
2017-07-24,28.72012422699,28.83045918528,28.660050549106,28.806146244866,10720254.377471
2017-07-25,28.715654134806,28.808762884193,28.624398838275,28.748253099756,13717489.76981
2017-07-26,28.904924379462,28.910375711394,28.763625855802,28.860114430987,21138078.99635
2017-07-27,29.064321325135,29.100736222436,28.394788737327,28.748253099756,46034885.264874
2017-07-28,28.603792803575,28.774310466387,28.580134022993,28.72012422699,20586163.420873
2017-07-31,28.763625855802,28.83045918528,28.550914883841,28.580134022993,21880129.755862
2017-08-01,28.725575558921,28.748253099756,28.61927458626,28.725575558921,16592876.95911
2017-08-02,29.01863916355,29.024090495481,28.624398838275,28.806146244866,25133106.317067
2017-08-03,28.845722914688,28.845722914688,28.65263673768,28.738876808834,21375687.899333
2017-08-04,28.800694912935,28.892277289382,28.738876808834,28.806146244866,9511704.7820734
2017-08-07,28.845722914688,28.980261786753,28.83285777133,28.980261786753,15304879.807509
2017-08-08,28.940576090293,29.16549804578,28.860114430987,28.940576090293,20920097.406719
2017-08-09,28.753050271855,28.945264235754,28.738876808834,28.92498528097,13945624.841323
2017-08-10,28.769077187733,28.800694912935,28.337113645494,28.354557907674,29530392.210114
2017-08-11,28.400022015981,28.641952127094,28.364697385066,28.550914883841,29935017.176596
2017-08-14,28.811270496882,29.04480555682,28.748253099756,29.004465700529,19494332.089565
2017-08-15,29.064321325135,29.11392844571,28.959437698776,29.049275649004,14080353.382761
2017-08-16,29.095611970421,29.240072266601,29.039899358082,29.135733773435,18064123.821531
2017-08-17,29.024090495481,29.069663630427,28.565742506694,28.565742506694,25937451.944012
2017-08-18,28.565742506694,28.734188663373,28.424334956395,28.535542127795,33337464.547919
2017-08-21,28.555603029302,28.584931195093,28.334387979528,28.525402650402,15957242.394266
2017-08-22,28.675205251876,28.970122309361,28.655253377007,28.949952381215,16843653.286294
2017-08-23,28.790119328988,28.95671203281,28.779543745041,28.880284359133,17809210.890618
2017-08-24,28.949952381215,28.978517360535,28.7114020959,28.855208232248,16185059.194938
2017-08-25,28.949952381215,29.034666079428,28.790119328988,28.850956193342,16637501.833006
2017-08-28,28.919752002315,28.95671203281,28.825443959903,28.904924379462,11937663.275624
2017-08-29,28.669862946583,29.066937964462,28.634538315668,29.029214747497,17331085.53835
2017-08-30,29.05996025959,29.26002414147,28.992254717002,29.240072266601,15272874.785214
2017-08-31,29.309413208768,29.464340062256,29.274960790962,29.41560515479,18823500.621942
2017-09-01,29.490833535443,29.515037449218,29.352042624471,29.391292214376,12026267.309663
2017-09-05,29.304616036668,29.357384929763,28.935233785,29.13137270789,23779078.513776
2017-09-06,29.220011365094,29.26002414147,29.029214747497,29.154704408556,18188967.622747
2017-09-07,29.249993690716,29.31399232759,29.14489201108,29.254790862816,15387612.799313
2017-09-08,29.209762861063,29.249993690716,28.992254717002,29.014060044728,12518443.356506
2017-09-11,29.245196518617,29.455399877889,29.245196518617,29.424109232603,14056922.411833
2017-09-12,29.510458330396,29.549489867024,29.360001569091,29.496284867374,15679579.977252
2017-09-13,29.459651916795,29.464340062256,29.339504561029,29.455399877889,16256567.407043
2017-09-14,29.344737839683,29.488107869477,29.289788413815,29.354768290436,15206192.91653
2017-09-15,29.224565413619,29.3947990612,29.174375276297,29.369921265861,26227636.943323
2017-09-18,29.414896843461,29.502892538764,29.286162400331,29.3947990612,20822929.220307
2017-09-19,29.439557365478,29.585239127703,29.364706706139,29.525163054242,11232262.57363
2017-09-20,29.51983985786,29.530377613964,29.199796254941,29.405445453965,17901645.581227
2017-09-21,29.3947990612,29.3947990612,29.149497480958,29.244554559219,16105053.174583
2017-09-22,29.149497480958,29.30104562287,29.135048805063,29.260415511705,9649602.5523714
2017-09-25,29.165358433445,29.165358433445,28.785021483744,28.913864563534,27131805.013425
2017-09-26,29.07095317515,29.140154728124,28.929725516021,29.020980311151,18106622.426262
2017-09-27,29.149497480958,29.405445453965,29.104847813341,29.315168388783,15270949.85002
2017-09-28,29.23977454614,29.362208062939,29.17969847268,29.350583940226,11178473.181051
2017-09-29,29.400122257583,29.575570464886,29.364706706139,29.550475396225,24855052.414237
2017-10-02,29.624782872259,29.689747595459,29.4497692116,29.594690517198,15102784.70343
2017-10-03,29.619459675877,29.678449382728,29.585239127703,29.665304346763,12932446.457441
2017-10-04,29.614245116155,29.690833962067,29.515494391425,29.645206564502,13274812.466324
2017-10-05,29.73494044638,29.935266449022,29.719622677198,29.9300518893,12842905.781925
2017-10-06,29.830323434623,29.990345236082,29.820328861823,29.974810193578,11852682.968192
2017-10-09,30.064000892151,30.103436000047,30.00381618203,30.049226306273,13871547.486358
2017-10-10,30.146673391072,30.146673391072,29.924945966239,30.079861844638,10936486.730162
2017-10-11,30.039231733473,30.189584872116,30.039231733473,30.180024845959,9961536.8453533
2017-10-12,30.109954199699,30.249660945576,30.069215451873,30.105174186621,12212594.619446
2017-10-13,30.214245394133,30.302784272741,30.214245394133,30.249660945576,11899813.466856
2017-10-16,30.324511604915,30.364598532775,30.254875505298,30.359275336393,16612716.973884
2017-10-17,30.349932583558,30.359275336393,30.259655518376,30.359275336393,10263343.802027
2017-10-18,30.451616498131,30.474864743557,30.339286190793,30.435755545644,12182631.437828
2017-10-19,30.305391552602,30.379264481992,30.146673391072,30.344500750514,13745128.836428
2017-10-20,30.529617620635,30.585022317678,30.480079303279,30.54906358293,14813167.922609
2017-10-23,30.600231450199,30.625652428843,30.369378545853,30.40522864394,14109944.90941
2017-10-24,30.446293301748,30.538634463487,30.365033079419,30.489639329435,16071629.835068
2017-10-25,30.420437776462,30.509519838374,30.125597878864,30.324511604915,18440828.206426
2017-10-26,30.499090718931,30.579807757956,30.428259616044,30.451616498131,18870800.000721
2017-10-27,30.940372835379,31.35438714995,30.940372835379,31.270411011099,29050938.005298
2017-10-30,31.285402870299,31.461502897567,31.221307240386,31.338634834124,17149113.246873
2017-10-31,31.461502897567,31.537439923514,31.333311637742,31.47562566348,20220518.399901
2017-11-01,31.625001072174,31.66443618007,31.314952042055,31.479971129914,19099655.525193
2017-11-02,31.479971129914,31.524838070853,31.256288245186,31.493659349184,20445385.399721
2017-11-03,31.660199350296,31.775245574156,31.47562566348,31.745261855756,15319306.454117
2017-11-06,31.724077706886,31.825218438155,31.70452310793,31.81576704866,11973911.841527
2017-11-07,31.84955305019,31.85954762299,31.697135814991,31.830107087894,11550290.573789
2017-11-08,31.830107087894,32.008814395023,31.742545939234,32.003491198641,18200526.269757
2017-11-09,31.760470988277,31.80577247586,31.430867359202,31.749824595512,20490063.687522
2017-11-10,31.709737667652,31.775245574156,31.632714275096,31.749824595512,11965004.167154
2017-11-13,31.630106995235,31.780460133877,31.625001072174,31.739830022712,8589794.5733769
2017-11-14,31.645424764417,31.709737667652,31.496375265706,31.67453938953,14725291.510322
2017-11-15,31.520058057775,31.562643628836,31.351779870089,31.440861932002,16982484.414072
2017-11-16,31.669759376452,31.945479221737,31.669759376452,31.880079951894,15280147.481759
2017-11-17,31.834235281007,31.85954762299,31.653246604,31.67453938953,16604184.863337
2017-11-20,31.749824595512,31.821090245042,31.70452310793,31.79577790306,13151270.37756
2017-11-21,31.920710063059,32.150585237457,31.895397721076,32.130161545214,16347604.812209
2017-11-22,32.130161545214,32.140156118014,32.014028954745,32.070520018397,24231433.283658
2017-11-24,32.120058335753,32.264653731369,32.110172399614,32.249227325526,8678157.0094389
2017-11-27,32.194365811787,32.291269713282,32.140156118014,32.249227325526,13778318.369051
2017-11-28,32.298765642882,32.385892244899,32.170683019718,32.355799889838,22616447.158376
2017-11-29,32.298765642882,32.304088839265,31.420329603097,31.640318841357,67276737.351413
2017-11-30,31.780460133877,32.003491198641,31.66443618007,31.920710063059,42093151.275384
2017-12-01,31.724077706886,31.915495503337,31.294636986472,31.755039155234,38419011.286101
2017-12-04,31.955473794537,31.969162013806,31.215766770682,31.245641852421,33593131.184415
2017-12-05,31.189911245395,31.614897862713,31.054332692631,31.256288245186,27833725.519728
2017-12-06,31.129835171934,31.522013517671,31.05172541277,31.456179701184,26524566.172757
2017-12-07,31.47562566348,31.709737667652,31.456179701184,31.6507479608,23370996.307296
2017-12-08,31.85954762299,31.955473794537,31.721361790365,31.800449279477,20118035.500381
2017-12-11,31.785674693599,32.075625941458,31.765251001356,32.075625941458,22649206.817698
2017-12-12,32.055310885875,32.181329412483,31.935484648937,32.065740005319,16793799.490989
2017-12-13,32.1760062161,32.229238179926,32.035104466954,32.075625941458,20710275.720998
2017-12-14,32.115278322675,32.212399497491,32.019352151128,32.035104466954,21890283.454805
2017-12-15,32.015108334448,32.324861788738,31.935234802209,32.28124521219,42610429.600695
2017-12-18,32.510367526213,32.600739341144,32.455603288662,32.564482385453,21521539.857169
2017-12-19,32.500410392112,32.519891741439,32.286548468396,32.363824487391,23949513.464513
2017-12-20,32.5056054186,32.5056054186,32.199748234175,32.354408501883,17930307.195214
2017-12-21,32.408956279997,32.465127503888,32.259599268494,32.291418805727,31883700.230025
2017-12-22,32.23568050071,32.297263210525,32.184163154714,32.270855159216,10971357.189829
2017-12-26,32.069547882843,32.089570380762,31.937832315453,32.056019168033,12438299.007932
2017-12-27,32.061322424239,32.150070793392,32.035888440396,32.089570380762,10693622.936963
2017-12-28,32.184163154714,32.204618571506,32.089570380762,32.144767537187,19316182.554647
2017-12-29,32.164140656795,32.174206020613,31.950386962797,31.975496257484,13386376.868994
2018-01-02,32.104830771068,32.368586595004,32.02560661714,32.368586595004,27435899.692796
2018-01-03,32.429952845382,32.659075159404,32.39445349772,32.640243188389,22663386.123938
2018-01-04,32.769902391128,32.890037378641,32.69424981791,32.805185279352,21493082.793405
2018-01-05,32.973698951026,33.181175321352,32.911250403463,33.149680473275,19353940.206218
2018-01-08,33.134528312687,33.335727359342,33.113964666176,33.273603500934,13453678.162043
2018-01-09,33.340922385829,33.350446601055,33.134528312687,33.191240685171,21212598.833672
2018-01-10,33.009414758124,33.085500250216,32.91644542995,33.075759575553,20794719.154827
2018-01-11,33.149680473275,33.225441276211,33.070564549066,33.210613804779,15763266.540451
2018-01-12,33.170785268378,33.449152104309,33.123921800276,33.405102608888,16297491.343138
2018-01-16,33.609981465971,33.728060088832,33.188643171928,33.273603500934,36402998.689531
2018-01-17,33.465061872926,33.804362040361,33.355641627542,33.775356475808,29376119.097862
2018-01-18,33.775356475808,33.922007744349,33.745485073508,33.835315739846,29845226.850456
2018-01-19,33.89982065206,33.954151970737,33.725462575589,33.89982065206,23265158.917166
2018-01-22,33.874711357373,34.234683401038,33.804794959235,34.229271915114,18002163.61422
2018-01-23,34.341830822333,34.449519392221,34.269641600107,34.37906184549,20456730.656717
2018-01-24,34.469325430703,34.530908140518,34.000366060528,34.11487310268,36980660.729847
2018-01-25,34.331657228796,34.360229874475,33.969845279917,34.056320824983,25840667.787691
2018-01-26,34.290313476337,34.594980133858,34.215634970585,34.594980133858,20095276.330221
2018-01-29,34.495733482012,34.495733482012,34.234683401038,34.279815193644,55163394.895986
2018-01-30,34.000366060528,34.170503177979,33.880555762171,33.969845279917,29662014.695065
2018-01-31,34.170503177979,34.277650599274,34.000366060528,34.225159185812,30665291.812708
2018-02-01,34.099071563782,34.493135968768,34.094417685888,34.253948290927,32624703.728197
2018-02-02,33.869624560604,33.89982065206,33.235506640029,33.239619369332,43915882.502025
2018-02-05,32.884842352154,33.508029071162,31.835230542334,31.849408635455,89550650.561663
2018-02-06,31.419736653089,32.817198778104,31.239534171819,32.765140283515,90269307.147786
2018-02-07,32.683643305499,33.020021270536,32.344884286657,32.344884286657,47422318.676205
2018-02-08,32.435147871869,32.495107135907,30.994826778336,31.00521683131,55577408.723512
2018-02-09,31.504913441532,31.995518755403,30.485605952887,31.765530603633,72697842.242337
2018-02-12,32.104830771068,32.534502753434,31.867915917315,32.334927152556,35629050.450764
2018-02-13,32.150070793392,32.495107135907,32.058616681277,32.414367765921,19080689.010379
2018-02-14,32.23568050071,33.062988468772,32.215116854199,33.009414758124,32117682.174685
2018-02-15,33.325120846931,33.639852868271,32.935926779276,33.639852868271,24260392.033473
2018-02-16,33.540065067832,33.948415795658,33.505864476793,33.590716576081,20334243.042537
2018-02-20,33.619938600071,33.885317869784,33.619938600071,33.619938600071,33778319.405604
2018-02-21,33.750680099995,34.033376124665,33.400232271556,33.405102608888,29099853.018454
2018-02-22,33.520800177943,33.748082586751,33.350446601055,33.444498226415,21925525.939864
2018-02-23,33.720267549102,34.144744504981,33.639852868271,34.144744504981,20771677.424376
2018-02-26,34.290313476337,34.680481611457,34.290313476337,34.680481611457,21590381.392605
2018-02-27,34.696283150356,34.853432701589,34.331657228796,34.331657228796,25581183.605394
2018-02-28,34.525604884312,34.670091558483,34.079157295582,34.084460551787,30464092.915531
2018-03-01,34.165308151492,34.294967354231,33.263754596553,33.520800177943,42973631.136761
2018-03-02,33.139723339175,33.907829651228,33.049784443118,33.840510766333,38392219.423202
2018-03-05,33.679248485798,34.300270610437,33.604569980047,34.184573041382,21777845.614863
2018-03-06,34.37906184549,34.424843016407,34.108595779009,34.259251547133,20303875.228168
2018-03-07,34.005561087015,34.485126969601,34.005561087015,34.449519392221,22219499.724947
2018-03-08,34.554502219147,34.630154792364,34.384256871977,34.599634011753,15247927.493253
2018-03-09,34.846073080732,35.254748497713,34.800508369252,35.254748497713,24685064.670947
2018-03-12,35.358973716609,35.504867377121,35.265355010124,35.363627594504,27012489.185557
2018-03-13,35.544262994647,35.668618941181,34.840878054245,34.959064906825,27618830.040191
2018-03-14,35.135154658792,35.166108358278,34.75364490115,34.929193504525,27762895.831167
2018-03-15,34.939258868343,35.156151224178,34.77929534443,34.948999543007,23002886.221656
2018-03-16,34.900931023453,35.025111356039,34.760027883264,34.804909741088,24404540.92354
2018-03-19,34.479839939105,34.534755481491,33.833692231148,34.114743287957,39736777.32722
2018-03-20,34.029942470048,34.230076715876,33.910617146121,34.10017826198,18765594.955879
2018-03-21,34.024763794145,34.344762809307,33.802620175731,33.895296896575,21866929.177484
2018-03-22,33.485426276683,33.680705513852,32.994207289485,33.019237556349,42390127.383849
2018-03-23,32.9987386309,33.143309999854,32.125268628625,32.141020434496,41901573.775267
2018-03-26,32.795583490796,33.40515680019,32.340615234917,33.360059164203,50251591.117826
2018-03-27,33.56429319512,33.584792120569,32.039388919903,32.289260032214,59497120.766433
2018-03-28,32.214277120705,32.601706811684,31.885970646283,32.073913425922,53621975.734966
2018-03-29,32.30371716911,33.034881473138,32.079199990906,32.709703782074,35867592.466837
2018-04-02,32.579265882772,32.724700364376,31.575465870276,31.930960393188,52034277.536758
2018-04-03,32.170905710019,32.319684753143,31.705903769578,32.24524128704,36101442.822165
2018-04-04,31.654872234119,32.785010360828,31.585283776675,32.694599310691,36298464.612898
2018-04-05,32.994207289485,33.045346714025,32.609690603701,32.831186887628,32738167.358154
2018-04-06,32.49090472518,32.790296925812,31.885970646283,32.024716004846,40477790.217776
2018-04-09,32.259374756692,32.904551462918,32.232618264527,32.27404767175,21859338.974749
2018-04-10,32.785010360828,33.205238332525,32.604404038717,33.070916426295,32233514.80815
2018-04-11,32.863661501102,33.168340266717,32.820721646741,32.873587296582,17315530.703757
2018-04-12,33.081057999938,33.415729930158,33.037578700171,33.269540224985,21256064.767475
2018-04-13,33.499883413579,33.515203663124,32.9987386309,33.158630249399,22421533.955597
2018-04-16,33.390699663294,33.539802373663,33.194665202556,33.415729930158,19477358.362042
2018-04-17,33.710051343968,34.144089118073,33.650280792923,34.034689589626,30445548.89297
2018-04-18,33.999517749119,34.074932216954,33.740368175816,33.946112653871,19764441.166199
2018-04-19,33.730442380335,33.764535330029,33.446586207412,33.569040314697,25811632.337783
2018-04-20,33.469566581731,33.494488959513,32.963243123149,33.105548821396,32476954.641741
2018-04-23,33.230808044795,33.32521099094,32.831186887628,32.985252495736,37920502.708666
2018-04-24,33.173734720783,33.230808044795,32.17597649684,32.410851026849,34847615.295235
2018-04-25,32.459401113438,32.525860787524,31.999469959819,32.415598146427,30581600.658561
2018-04-26,32.820721646741,33.134355206105,32.684997182454,33.003917306803,33086879.197607
2018-04-27,33.334489451932,33.360059164203,32.7695822222,32.945333535652,26312963.884442
2018-04-30,33.029702797236,33.233397382746,32.687694409487,32.730094818441,17372229.675755
2018-05-01,32.684997182454,33.158630249399,32.604404038717,33.139210214764,18547767.537989
2018-05-02,33.349701812397,33.474961035796,33.045346714025,33.105548821396,26587455.052971
2018-05-03,32.955259331133,33.307840848849,32.662556253542,33.179021285767,31090835.692668
2018-05-04,33.055488287668,33.869727184305,33.013950991364,33.809632966016,21682575.026362
2018-05-07,33.969740362678,34.203428112792,33.915795822023,34.044615385106,26914811.626701
2018-05-08,33.98969984272,34.149267793975,33.833692231148,34.120029852941,30294849.676675
2018-05-09,34.205909561662,34.539502601069,34.094999586077,34.539502601069,28826677.011947
2018-05-10,34.700473110381,35.014430336989,34.664653935387,34.98972373737,23132531.760654
2018-05-11,34.954336118701,35.075819224254,34.823898219398,34.939771092724,17521297.587029
2018-05-14,35.055967633293,35.211435799459,34.89823379642,34.934376638658,20261845.531396
2018-05-15,34.690331536738,34.722374593887,34.424816507638,34.604991273423,28525186.818449
2018-05-16,34.659475259484,34.839002690782,34.580932008291,34.760027883264,13360969.270618
2018-05-17,34.633689769051,34.869858968036,34.437331641069,34.580932008291,21600285.883732
2018-05-18,34.465167024047,34.620743079294,34.405935918409,34.434742303118,15765840.98565
2018-05-21,34.75064153319,34.903628250485,34.559893637436,34.735968618132,22578469.206084
2018-05-22,34.906217588437,34.954336118701,34.610277838407,34.685044971754,14782094.542427
2018-05-23,34.400757242506,34.939771092724,34.395578566603,34.939771092724,29387515.970496
2018-05-24,34.929629519081,34.96998003549,34.548996840224,34.900931023453,22401320.603388
2018-05-25,34.924450843178,35.000404756419,34.790344715111,34.875253422101,18782705.121038
2018-05-29,34.700473110381,34.880539987085,34.454809672241,34.685044971754,58660775.708105
2018-05-30,34.85950161623,34.985192395955,34.759488437857,34.939771092724,19930320.787964
2018-05-31,34.939771092724,35.180471633123,34.869858968036,34.949049553716,30568064.534402
2018-06-01,35.185866087189,35.549775958443,35.12415353268,35.545028838865,25445769.550547
2018-06-04,35.635547778083,35.865567299433,35.600052270333,35.830934904333,19866072.395856
2018-06-05,35.919943396413,36.019525018461,35.820577552528,35.954575791513,34549521.182189
2018-06-06,36.014238453477,36.190205545091,35.830934904333,36.190205545091,35379081.494636
2018-06-07,36.171432844943,36.171432844943,35.639755452254,35.901170696265,39047260.843275
2018-06-08,35.63036910218,35.903328477891,35.553875743533,35.839997587163,19809560.653185
2018-06-11,35.860280734449,35.993955306191,35.779148145305,35.880024436329,14647005.802925
2018-06-12,35.945081552358,36.082208574701,35.885418890394,36.055128415293,15626795.404596
2018-06-13,36.055128415293,36.214156921142,35.854994169465,35.870314419011,29278067.45303
2018-06-14,36.009059777574,36.21156758319,35.954575791513,36.125687874468,22654849.502404
2018-06-15,35.868834420597,35.914307271664,35.64415768601,35.859051845072,33641243.531033
2018-06-18,35.608574911297,35.924842352998,35.500106573882,35.899257155471,16580399.434089
2018-06-19,35.459363759333,35.730265850796,35.260164721443,35.715000732944,25913358.077333
2018-06-20,35.800678894411,35.960317626881,35.749831001846,35.790143813076,22931225.751832
2018-06-21,35.930002392836,35.950320049696,35.431628545206,35.515156690074,29634225.164602
2018-06-22,35.60448987976,35.613949952795,35.256509693224,35.400453304522,31479979.286685
2018-06-25,35.113963592716,35.148901362449,34.362532791394,34.665147627692,36055482.566495
2018-06-26,34.775873482536,35.033015467767,34.690195321069,34.804576204132,27725686.410965
2018-06-27,34.915624561466,35.075693297255,34.319639960246,34.32974503826,44109208.295266
2018-06-28,34.285347195493,34.864884169731,34.285347195493,34.750288285009,35598098.190721
2018-06-29,34.884771823271,35.033015467767,34.714275506977,34.734593163837,20019625.905047
2018-07-02,34.435095851607,35.055483141226,34.385322967342,35.045055560721,25091817.443234
2018-07-03,35.148901362449,35.174486559976,34.605699668732,34.630209857959,12722820.844152
2018-07-05,34.845211517851,35.139011286094,34.744913243512,35.119231133384,27319989.078006
2018-07-06,35.139011286094,35.58460222622,35.055483141226,35.530314307097,25604017.209763
2018-07-09,35.719730769462,35.810568970766,35.535581847764,35.800678894411,17455206.633692
2018-07-10,35.805838934248,35.986010325238,35.805838934248,35.884207039279,22986256.954875
2018-07-11,35.628892568157,35.884207039279,35.576217161484,35.744993464499,25950143.839843
2018-07-12,35.899257155471,36.330335483555,35.859051845072,36.309480322545,23706652.323347
2018-07-13,36.314640362383,36.360543216769,36.151239100865,36.270887524594,18516886.80916
2018-07-16,36.28013259597,36.355168175272,36.114796319513,36.184779359808,13331905.444084
2018-07-17,35.924842352998,36.515559413551,35.903987191989,36.454498942142,14903150.05759
2018-07-18,36.445146369937,36.449768905625,36.266157488077,36.394405978202,14163913.904344
2018-07-19,36.304750286027,36.445146369937,36.19993697683,36.266157488077,14910637.441645
2018-07-20,36.404403555387,36.474816599002,36.230037209215,36.276047564432,14439770.379265
2018-07-23,36.19993697683,36.480084139669,36.057928380472,36.45912147783,25151018.846639
2018-07-24,36.826021810435,36.967492902644,36.508249357115,36.659610525679,21557281.010436
2018-07-25,36.669930605354,37.120789086147,36.614567677932,37.120789086147,30577608.578954
2018-07-26,36.485351680337,36.669930605354,36.41945367158,36.550604684114,25094381.144371
2018-07-27,36.595862533521,36.619835218599,35.700918124221,35.924842352998,63555087.932204
2018-07-30,35.903987191989,35.960317626881,35.159221442123,35.36530053313,35695425.811403
2018-07-31,35.475058880505,35.690490543716,35.262637240531,35.459363759333,29954009.672473
2018-08-01,35.715000732944,35.894527118954,35.58460222622,35.780898741701,29322790.35971
2018-08-02,35.449473682977,36.276047564432,35.449473682977,36.230037209215,26209841.369751
2018-08-03,36.24057229055,36.360543216769,36.074053504963,36.360543216769,14491403.469008
2018-08-06,36.345600601407,36.575007372512,36.258847431641,36.555764723951,15000691.630109
2018-08-07,36.685195723206,36.823549291347,36.629832795784,36.694655796241,20545473.008073
2018-08-08,36.675090645191,36.864614608386,36.580167412349,36.794631568091,14198318.28989
2018-08-09,36.831181850273,36.949217761553,36.779043947749,36.810326689263,23446464.564666
2018-08-10,36.535447067091,36.690355763044,36.409133591905,36.515559413551,23138324.618057
2018-08-13,36.569847332674,36.851069503813,36.454498942142,36.464496519327,24129536.500361
2018-08-14,36.590594992854,36.733033592532,36.384085898528,36.690355763044,18359069.422927
2018-08-15,36.45912147783,36.595862533521,36.074053504963,36.360543216769,35584451.784449
2018-08-16,36.639615371309,36.740343648968,36.43987882927,36.520181949239,18209675.227477
2018-08-17,36.409133591905,36.675090645191,36.289485168175,36.575007372512,18048309.961658
2018-08-20,36.659610525679,36.669930605354,36.374948327982,36.520181949239,21239664.857917
2018-08-21,36.619835218599,36.810326689263,36.535447067091,36.580167412349,16004861.551906
2018-08-22,36.469549058335,36.744643682166,36.414401132572,36.690355763044,12742495.110863
2018-08-23,36.624672755947,36.969535418413,36.624672755947,36.769261372224,18735634.887773
2018-08-24,36.869882149053,37.150136812722,36.864614608386,37.140569238857,13115270.837526
2018-08-27,37.339983278407,37.500159515026,37.239255000748,37.481024367296,16414907.6885
2018-08-28,37.554554934979,37.627978001832,37.440711556066,37.544019853644,14770725.033456
2018-08-29,37.589385203882,37.9103826821,37.585085170684,37.884367481253,22364692.451293
2018-08-30,37.780414178696,38.015733495447,37.655175711809,37.77095410566,21040624.534129
2018-08-31,37.735586332608,37.900062602425,37.669903325511,37.800839336385,20538339.109661
2018-09-04,37.625505482743,37.709786133421,37.400613746497,37.655175711809,22147840.171997
2018-09-05,37.604650321734,37.635825562418,36.993938106811,37.184967081625,32853111.011102
2018-09-06,37.130679162502,37.209477270853,36.624672755947,36.915247499291,27957565.550992
2018-09-07,36.675090645191,37.085958817245,36.634455331472,36.789471528254,28461932.819852
2018-09-10,36.925567578965,36.974157954101,36.702395855998,36.905249922106,33309761.439054
2018-09-11,36.799899108759,37.300315472157,36.709060907454,37.219367347208,27190022.639542
2018-09-12,37.140569238857,37.145836779525,36.763886330727,37.064996155405,32536469.734778
2018-09-13,37.29504793149,37.594652744549,37.284620350985,37.500159515026,25454885.337869
2018-09-14,37.534667281439,37.63335304333,37.300315472157,37.470489285961,18878313.786231
2018-09-17,37.416093866009,37.481024367296,36.959107837908,36.999205647478,29584222.759945
2018-09-18,36.953840297241,37.416093866009,36.953840297241,37.23409496091,19301997.026844
2018-09-19,37.228934921073,37.35406588713,36.930405116313,37.140569238857,20870939.332543
2018-09-20,37.359225926967,37.617550421327,37.243985037265,37.579925130846,27401987.51471
2018-09-21,37.595390190837,37.655176128061,37.291210485142,37.305781968049,46041088.848379
2018-09-24,37.124388434501,37.494996959334,36.980709327303,37.489854083014,34513606.50046
2018-09-25,37.444639628698,37.521032770706,37.291210485142,37.444639628698,21101057.315196
2018-09-26,37.484711206694,37.650033251741,37.239674578682,37.305781968049,26641122.256566
2018-09-27,37.439389609121,37.628283170636,37.439389609121,37.524675641433,28466389.7169
2018-09-28,37.41913953361,37.699533436324,37.399318031125,37.665676167215,23421137.997062
2018-10-01,37.90514134588,37.996855973592,37.729104975166,37.845141122143,20668130.396225
2018-10-02,37.800248097597,38.06521337135,37.679604790582,37.850283998463,28013910.47084
2018-10-03,37.979820195781,38.133249339337,37.892927014619,37.96535585613,26585128.065366
2018-10-04,37.780105165342,37.809676704184,37.035245244949,37.280817589244,46584833.754114
2018-10-05,37.26517467377,37.379175098871,36.451743069106,36.810672978962,44577449.372885
2018-10-08,36.633779462194,36.747244171011,35.97688415553,36.395171429583,39946004.376649
2018-10-09,36.380385660162,36.739422713274,36.301421079994,36.525029056671,30277863.495337
2018-10-10,36.303992518154,36.309135394474,34.730379507393,34.755236742941,88285975.185943
2018-10-11,34.656022087262,35.245095712452,34.033948339017,34.314985101271,136539015.65273
2018-10-12,35.285381576961,35.526561047733,34.72502234456,35.415132060792,71818734.45814
2018-10-15,35.285381576961,35.314417399519,34.815665539705,34.834951325906,38305498.894013
2018-10-16,35.274881537807,35.999277096175,35.189488362238,35.885919530615,41998566.589412
2018-10-17,35.930598268648,35.954062641859,35.400239148115,35.719633196258,48329840.44707
2018-10-18,35.559882600558,35.585811268673,34.810415520128,35.019559157154,45921134.495682
2018-10-19,35.225488496481,35.604989911617,34.874380044362,35.004451957964,44283474.735768
2018-10-22,35.169238286727,35.523882466316,34.960737509241,35.295131613318,31962023.615187
2018-10-23,34.560236015796,35.344417511388,34.209127563678,35.160023966653,48132163.050866
2018-10-24,35.069380771508,35.154773947076,33.545160802073,33.584589520529,68330710.931475
2018-10-25,34.064698453682,34.920130214962,34.009948249522,34.740236687007,46754352.588653
2018-10-26,33.874947746114,34.665772123619,33.555446554714,34.043698375374,85487188.689147
2018-10-29,34.51502156148,34.760593905775,32.794622289077,33.469624806119,68110621.485511
2018-10-30,33.44058898356,33.963233789612,33.155159347782,33.844519061218,61121860.612923
2018-10-31,34.35012808946,34.925273091282,34.335556606552,34.650772067685,42288276.84243
2018-11-01,34.699307962958,35.079773667405,34.403806861053,35.054273572317,31106191.873208
2018-11-02,34.785022568297,34.990951907623,34.079698509616,34.369949591944,40426280.052391
2018-11-05,34.35012808946,34.403806861053,33.839911901181,34.335556606552,28416460.303085
2018-11-06,34.304913635144,34.714736591919,34.275877812585,34.550378836182,18268417.077972
2018-11-07,34.950987472884,35.565239763392,34.905130159027,35.565239763392,32629597.125838
2018-11-08,35.430882119523,35.580668392353,35.309167379942,35.53438250547,20819494.098464
2018-11-09,35.230202799774,35.260310054899,34.624629113057,34.920130214962,25883866.947001
2018-11-12,34.599236161225,34.660736390556,33.650161193613,33.691197060919,32862113.858794
2018-11-13,33.76973306806,34.310163654721,33.629803974845,33.729232917038,31407075.017896
2018-11-14,34.104662888421,34.175377437826,33.153552198932,33.324552836583,38993470.328601
2018-11-15,33.380267330053,34.2399848216,33.185266602908,34.161020241431,52602891.446406
2018-11-16,33.759340172163,34.310163654721,33.691197060919,34.104662888421,35946044.758968
2018-11-19,33.945555152261,33.981448143247,32.715443422395,32.804908041717,38397243.351902
2018-11-20,31.890226059497,32.534585605131,31.690511029058,32.09979826955,56129524.0291
2018-11-21,32.534585605131,32.664657518732,32.200084357797,32.334442001665,33006567.186802
2018-11-23,31.990083574717,32.395192228199,31.973047796906,32.03894089976,10676226.722209
2018-11-26,32.460121041743,32.764622177208,32.288048971525,32.764622177208,25069260.384628
2018-11-27,32.539407051681,32.880336894415,32.348906341316,32.830622423319,23076419.149169
2018-11-28,33.160302224103,33.981448143247,33.034408897512,33.981448143247,33219413.993107
2018-11-29,33.874947746114,33.92466221721,33.469624806119,33.650161193613,28230834.995272
2018-11-30,33.670625555638,33.996555342438,33.505517797104,33.970948104093,33019673.004598
2018-12-03,34.820808416026,34.854237112108,34.345949502449,34.719879468239,32463326.279187
2018-12-04,34.475485699767,34.550378836182,33.324552836583,33.405124565601,41982159.583926
2018-12-06,32.619871637443,33.480124845273,32.455085308679,33.480124845273,43156010.406694
2018-12-07,33.319302817006,33.472303387535,32.150155600187,32.301013305583,39875607.972487
2018-12-10,32.120691204602,32.870586858058,31.936404803124,32.745657820777,40895947.501024
2018-12-11,33.255016863002,33.317267095129,32.52044269525,32.784122249923,31626695.932274
2018-12-12,33.314802800226,33.559517998467,33.025516007208,33.039551773832,33857809.745894
2018-12-13,33.200159515585,33.445303286854,32.90433698391,33.095266267302,25639100.259723
2018-12-14,32.700443366461,32.880336894415,32.255263134983,32.286013249649,31032408.415009
2018-12-17,32.165155656121,32.384799332301,31.345081169544,31.599867833913,46526938.370003
2018-12-18,31.844475888898,32.125834080922,31.595367817133,31.849511621962,39253146.02695
2018-12-19,31.804404310902,32.36969213311,30.879758005812,31.219616415979,67212680.700554
2018-12-20,31.084615912571,31.399831373704,30.215576957694,30.660221472888,79003667.265879
2018-12-21,30.534500918106,30.909451208509,29.469386081785,29.601338715989,83227406.195628
2018-12-24,29.320259337551,29.679102232832,28.785408482337,28.810262939709,42234026.761253
2018-12-26,29.010165313596,30.54964826981,28.84482450275,30.54964826981,58120332.335534
2018-12-27,30.124882393172,30.779098646668,29.541816024085,30.768644840563,46877689.242833
2018-12-28,30.994895072694,31.210691498721,30.434656402653,30.700695100879,39686632.909458
2018-12-31,30.96481371227,31.104553365307,30.729603074905,30.989668169642,33720146.505092
2019-01-02,30.354972798975,31.195330804036,30.31507766139,31.01025576738,30885843.754295
2019-01-03,30.219713348554,30.239874260328,29.405703201737,29.444638295904,49893454.724135
2019-01-04,29.984076025225,30.880223220011,29.890951813697,30.749443972206,41535956.457803
2019-01-07,30.749443972206,31.23511927013,30.680427517614,31.025296447592,23817886.853515
2019-01-08,31.325150008423,31.434488286563,30.914571440071,31.284721513384,26005203.240494
2019-01-09,31.455182555792,31.854880632076,31.418914248896,31.689753164211,28044770.684698
2019-01-10,31.439608518125,31.845066854916,31.294961976507,31.830666203649,21868169.095688
2019-01-11,31.643564408665,31.788530964756,31.575721340473,31.770503482799,15451205.252516
2019-01-14,31.490384147778,31.585535117633,31.365578503462,31.474916781602,14484124.928053
2019-01-15,31.575721340473,32.015421225833,31.520358836712,31.949711587458,28653989.694116
2019-01-16,31.985873222862,32.17478843319,31.918990198088,31.980859662791,18937288.525306
2019-01-17,31.86522776669,32.370637290425,31.780850617413,32.184815553332,20256828.534113
2019-01-18,32.504296668483,32.740894035229,32.294900531908,32.675077725363,27303101.103108
2019-01-22,32.409999070555,32.465361574316,31.870347998252,32.125719547391,29985019.18329
2019-01-23,32.260338968867,32.496402978158,31.875468229813,32.234311125095,19152237.241344
2019-01-24,32.349836349705,32.619821893093,32.334902340984,32.504296668483,28341796.626138
2019-01-25,32.750174454934,33.062295237216,32.629528998762,32.964477480089,20061631.112286
2019-01-28,32.474748665512,32.53469804338,32.255112065814,32.524990937711,19324938.493103
2019-01-29,32.590167218632,32.595394121684,32.125719547391,32.17478843319,17147978.20025
2019-01-30,32.710812674804,33.270091301427,32.565206089769,33.174300302627,33990648.958607
2019-01-31,33.005439332583,33.319693544681,32.899727885132,33.140058754059,36501836.322908
2019-02-01,33.154459405326,33.515435730425,33.105497191017,33.335267582348,19475592.616985
2019-02-04,33.379216236586,33.874918654651,33.355428494122,33.870225109053,15208577.16333
2019-02-05,33.985003633227,34.239201795967,33.94478848117,34.154931318181,24121323.130035
2019-02-06,34.195786499183,34.365180826683,34.061700435162,34.269283156392,20379297.057743
2019-02-07,33.954495586839,34.099995500384,33.570264876731,33.800248611043,29264255.843675
2019-02-08,33.49527481865,33.995457439333,33.47436720644,33.995457439333,16977591.531309
2019-02-11,34.099995500384,34.205066918889,33.899026411587,33.979883401666,14869320.631849
2019-02-12,34.214880696049,34.473239046932,34.164851766832,34.429397064185,19418196.775321
2019-02-13,34.600178121066,34.724557079418,34.454678207521,34.474732447804,18241771.856363
2019-02-14,34.345446600872,34.658207412098,34.320485472009,34.5343618112,19484025.048113
2019-02-15,34.7960269783,34.844135820682,34.614578772333,34.810854315531,14712002.121876
2019-02-19,34.671114662493,34.924886139269,34.634953027089,34.820668092691,16638230.004576
2019-02-20,34.849256052243,35.002649656112,34.675168179146,34.859069829403,19704172.904009
2019-02-21,34.775226037581,35.011823404327,34.660767527879,34.874110509616,19508121.458307
2019-02-22,35.034544431882,35.339198209802,35.024303968759,35.319357312501,24493370.990967
2019-02-25,35.5845426388,35.735162783906,35.46549725499,35.490885069817,40340998.002059
2019-02-26,35.363945995684,35.665292957387,35.333864635259,35.564808412989,28267917.467463
2019-02-27,35.430722348967,35.574622190149,35.16447030776,35.53056686442,19555065.58517
2019-02-28,35.399680945125,35.564808412989,35.339198209802,35.430722348967,18876663.142204
2019-03-01,35.710841683988,35.766097516258,35.384533593421,35.670413188949,24668050.278266
2019-03-04,35.819539933183,35.90765058464,35.140255879333,35.534833724055,31652944.685704
2019-03-05,35.515099498244,35.559688181427,35.319357312501,35.430722348967,17907756.650332
2019-03-06,35.404801176686,35.445229671725,35.199885242728,35.245433969329,26244231.492489
2019-03-07,35.144949424931,35.17439075641,34.7960269783,34.909952130548,36996573.010005
2019-03-08,34.490519828453,34.935233273883,34.420009972989,34.904618556004,25781426.486221
2019-03-11,35.02942420032,35.688120656433,35.02942420032,35.654839151282,29154388.625128
2019-03-12,35.755963724625,35.987867545773,35.644598688158,35.864021944875,36101754.729855
2019-03-13,36.019868993034,36.313108921431,35.999708081259,36.098592553294,35667259.068243
2019-03-14,36.159821989053,36.285054319333,36.072671381013,36.174862669265,21313325.439542
2019-03-15,36.185228986629,36.660109409824,36.160453541353,36.496038542607,42049039.691473
2019-03-18,36.520601323117,36.744749986819,36.423307192525,36.64990150104,29675273.009168
2019-03-19,36.800468155595,36.900101598617,36.579084133855,36.725716490234,32306405.611341
2019-03-20,36.685841846548,36.924877043893,36.405124355005,36.624488061465,27408586.296839
2019-03-21,36.629592015857,37.625075787004,36.621936084269,37.545220167251,54548298.717721
2019-03-22,37.35073823845,37.50481386165,36.642564566602,36.660109409824,53494718.456748
2019-03-25,36.540272814002,36.744749986819,36.264765609233,36.5005045027,43893787.210242
2019-03-26,36.820033314097,37.054921548498,36.488169946253,36.700834712574,27930571.211973
2019-03-27,36.754957895603,36.894891311842,36.169704458688,36.490828255832,31662352.520791
2019-03-28,36.599180954273,36.790153914429,36.415332263788,36.640012589406,21079406.229607
2019-03-29,36.944548534778,37.015578566729,36.765378469152,37.00079836547,28694358.287802
2019-04-01,37.360414485318,37.550430454026,37.149770034277,37.50481386165,25181009.965339
2019-04-02,37.534905926084,37.685047251107,37.419854287505,37.635177363404,23574351.721422
2019-04-03,37.860070353789,38.131005266081,37.790316310435,37.940138638308,27738446.297692
2019-04-04,37.924507777984,38.024247553388,37.555109078885,37.780002069269,23006156.04853
2019-04-05,37.905155284249,38.000003770028,37.84263184295,37.960235458726,13419568.503865
2019-04-08,37.869959265423,38.126007644073,37.709929028766,38.105166496973,14619825.624101
2019-04-09,37.940138638308,38.077307412585,37.840505195287,37.924507777984,26880251.481703
2019-04-10,37.960235458726,38.19927065607,37.940138638308,38.190019738735,17235611.067191
2019-04-11,38.270407020405,38.279764270123,38.059443572214,38.141319507248,15394677.062122
2019-04-12,38.3550475974,38.405661811785,38.141319507248,38.405661811785,17110743.180237
2019-04-15,38.405661811785,38.499553306115,38.18480945196,38.390668945759,19821384.01639
2019-04-16,38.508910555833,38.625344515394,38.400557857393,38.584725545027,19219093.367986
2019-04-17,38.830353350127,38.850024841012,38.610138984602,38.799942288543,24495746.475194
2019-04-18,38.884795530305,38.920310546281,38.620346893385,38.909889972731,22983901.304212
2019-04-22,38.729337586125,39.014308372995,38.69520489113,38.99867751267,16168737.583985
2019-04-23,39.060669292053,39.475046589229,39.019412327386,39.425070369143,33386009.929311
2019-04-24,39.455481430727,39.620083959859,39.379666441534,39.440594897085,21876536.863575
2019-04-25,39.620083959859,39.730669638346,39.220167866793,39.430174323535,22775171.852841
2019-04-26,39.18911881091,39.289815577763,38.862891059374,39.280032998512,22100435.729493
2019-04-29,39.284605290988,39.414649795593,39.245900303518,39.289815577763,21226660.523497
2019-04-30,39.269718757346,39.409545841202,39.052375366166,39.354890996257,37685736.752045
2019-05-01,39.751191788296,39.849336577953,39.250578928377,39.255682882769,30893650.667502
2019-05-02,39.245900303518,39.527681118893,38.840242261761,39.050248718503,49977503.01509
2019-05-03,39.18911881091,39.455481430727,39.134995627882,39.419860082368,26576837.798673
2019-05-06,38.480626141913,39.17901723451,38.330165819741,39.115855798913,26044957.49731
2019-05-07,38.675108070713,38.825249395735,37.924507777984,38.27497931288,41251420.965368
2019-05-08,38.151102086499,38.560481761666,38.085176008939,38.229043723355,27334929.525804
2019-05-09,37.754163300161,38.095596582489,37.330109756117,37.97012437036,38601818.91916
2019-05-10,37.72385857096,38.260092779238,37.181882413992,38.090386295714,39192591.909785
2019-05-13,37.015578566729,37.234942273189,36.549098401804,36.654899123049,50922412.712529
2019-05-14,36.839173143066,37.474509132449,36.80971907293,37.244831184823,36808559.007808
2019-05-15,36.985273837528,37.764796538477,36.924877043893,37.650063897047,30097749.198122
2019-05-16,37.674945674706,38.270407020405,37.625075787004,37.995431477552,30889958.4715
2019-05-17,37.605723293269,38.19927065607,37.600938336027,37.68919421405,27087994.403882
2019-05-20,37.054921548498,37.345634284059,36.852039361428,37.035356389997,29347863.813914
2019-05-21,37.424639244747,37.610827247661,37.340317664901,37.490139992774,29682253.008844
2019-05-22,37.244831184823,37.520019392442,37.225266026321,37.294913737291,23042160.132011
2019-05-23,36.790153914429,36.80971907293,36.369609339029,36.640012589406,32171390.298289
2019-05-24,36.839173143066,37.03110309467,36.608963533524,36.64990150104,23500037.577742
2019-05-28,36.765378469152,37.00079836547,36.525811609892,36.544419776945,51545537.089418
2019-05-29,36.274973518017,36.505183127559,36.085170214075,36.329734695344,29509609.459867
2019-05-30,36.415332263788,36.627040038661,36.304959250068,36.553777026663,22841058.648489
2019-05-31,36.115049613744,36.284756097267,35.930137599428,35.945768459752,24079564.699852
2019-06-03,35.999359980865,36.200221852655,35.071822602557,35.315430092377,39407396.650553
2019-06-04,35.764471746464,36.496038542607,35.582856036026,36.496038542607,30192346.908632
2019-06-05,36.97995721837,37.054921548498,36.549098401804,36.96985564197,28791682.354962
2019-06-06,37.07044607644,37.474509132449,36.897549621421,37.399119472788,23844922.164263
2019-06-07,37.595728049252,38.317512266145,37.520019392442,38.095596582489,23984133.753057
2019-06-10,38.370572125342,38.845346216153,38.370572125342,38.485623763921,26927559.74143
2019-06-11,38.875331948204,38.91488759474,38.265303066013,38.485623763921,23100250.619748
2019-06-12,38.299223096241,38.403109834589,38.180130827101,38.270407020405,15193883.104859
2019-06-13,38.405661811785,38.519224797,38.24467458368,38.386096653283,19735520.239725
2019-06-14,38.034030132639,38.175452202242,37.884952131448,38.04955466058,16883381.587452
2019-06-17,38.074755435389,38.267855043209,37.995431477552,38.079859389781,18702258.342131
2019-06-18,38.485623763921,38.960504187115,38.365361838567,38.769956556492,32362363.164658
2019-06-19,38.870227993812,39.008885421453,38.604928697827,38.909889972731,24742579.088363
2019-06-20,39.480256876003,39.609769718693,39.148925170076,39.480256876003,27783789.963062
2019-06-21,39.195203133277,39.494738817172,39.140212323252,39.155152023085,41430742.545031
2019-06-24,39.224022979764,39.35773859104,39.170515544191,39.229214790345,16432234.203945
2019-06-25,39.209719011839,39.244684266768,38.462416154212,38.511155600477,26245329.194761
2019-06-26,38.884542140996,39.19764010559,38.874370430471,38.925228983095,18138364.707512
2019-06-27,39.05428256038,39.160343833666,38.940168682929,39.024403160713,13675231.482394
2019-06-28,39.145298178514,39.189905367379,38.900011617419,39.019317305451,35566710.31034
2019-07-01,39.914745697596,39.964650652359,39.47503112803,39.640639290014,28581412.977505
2019-07-02,39.61997800301,39.76958691198,39.529492161465,39.744369546304,15568959.931786
2019-07-03,39.845344964327,40.050050638641,39.764501056718,40.050050638641,10683542.097851
2019-07-05,39.724979723116,40.044752872743,39.580456669408,39.974822362884,11848252.868079
2019-07-08,39.665432834418,39.717139029586,39.484673061965,39.669565091819,14919871.22799
2019-07-09,39.464647506869,39.840153153747,39.405100618171,39.809849932808,18499649.074679
2019-07-10,40.030025083545,40.364843888323,39.997072979657,40.125067003762,20217886.568482
2019-07-11,40.224982868606,40.42809921315,40.140006703596,40.275311644641,22704845.270075
2019-07-12,40.400232964525,40.594555017678,40.329348856804,40.570079339227,15506841.294173
2019-07-15,40.680060959278,40.754971369081,40.589469162415,40.705702146226,12572250.506625
2019-07-16,40.654843593601,40.659929448864,40.254650357637,40.324263001542,16011988.190304
2019-07-17,40.400232964525,40.489341386936,40.214493292127,40.219685102708,13416001.454804
2019-07-18,40.129729037753,40.57982722848,40.099319861496,40.519432697238,16044785.03398
2019-07-19,40.925347520373,40.940711041478,40.294807423147,40.34471237791,23359480.651577
2019-07-22,40.498983320871,40.908394669498,40.494427242198,40.810174089742,13849327.510359
2019-07-23,41.044653208405,41.074426652754,40.729859958722,41.034799363834,11011014.098932
2019-07-24,40.979914509126,41.389749679026,40.979914509126,41.3754457111,18514196.71636
2019-07-25,41.28474795892,41.28474795892,40.985742051615,41.204645738536,19846738.609566
2019-07-26,41.224671293632,41.3754457111,41.18514996003,41.295131580081,22240318.326604
2019-07-29,41.314839269223,41.340480456171,40.950988707321,41.270020169722,16946437.747901
2019-07-30,40.985212275025,41.182501077081,40.894620478162,41.005025919485,14733897.551747
2019-07-31,41.224671293632,41.270020169722,39.959458841779,40.384869443419,33738501.932362
2019-08-01,40.45575355114,41.310177235232,39.979908218147,40.180693545695,57666011.647079
2019-08-02,39.855516674852,39.871092106594,39.165535644246,39.524512261521,44743890.074887
2019-08-05,38.470044937106,38.525247657767,37.569636645015,37.874893916081,55653126.3659
2019-08-06,38.384221129552,38.644341435163,38.064342024607,38.506069745215,38301878.356253
2019-08-07,38.064342024607,38.849047109476,37.854974316303,38.745316853186,41164843.668596
2019-08-08,39.05428256038,39.70495416802,38.955638159352,39.694676502177,31983156.343606
2019-08-09,39.459561651607,39.569649226975,38.945254538191,39.244684266768,31145205.009941
2019-08-12,38.97608753572,39.120186768156,38.549829291535,38.725609164044,19422527.717068
2019-08-13,38.694670211197,39.850642730226,38.609905956823,39.699868312758,52165444.887634
2019-08-14,38.971107635775,39.145298178514,38.379135274289,38.480322602949,47138692.94903
2019-08-15,38.516347411058,38.609905956823,38.084473535021,38.409968271818,31337117.98222
2019-08-16,38.805499473792,39.221374096815,38.749766976541,39.140212323252,21724898.232102
2019-08-19,39.754859122783,39.855516674852,39.527055189152,39.734833567687,15756481.430292
2019-08-20,39.684292881016,39.885925851109,39.512009534001,39.534683972046,16675897.292265
2019-08-21,39.914745697596,40.099319861496,39.820127598651,39.999086130699,16806116.33426
2019-08-22,40.104511672077,40.194997513621,39.549517716561,39.905421629615,15188836.491335
2019-08-23,39.684292881016,40.050050638641,38.425331792923,38.584264769875,40798056.982043
2019-08-26,39.05947437096,39.135020512671,38.795115852631,39.120186768156,20717046.03508
2019-08-27,39.37543312914,39.444727907091,38.835272918141,39.05947437096,20066085.787657
2019-08-28,38.849047109476,39.160343833666,38.569854846631,39.095499179069,14279175.684793
2019-08-29,39.62516981359,39.895673740362,39.484673061965,39.774248945971,16242143.698
2019-08-30,40.035110938808,40.086181402068,39.480116983293,39.764501056718,20150886.627977
2019-09-03,39.43540383911,39.783573013952,39.140212323252,39.280073342969,23676101.852319
2019-09-04,39.70495416802,39.96984246294,39.665432834418,39.949287131254,15459812.036033
2019-09-05,40.475355284964,40.950988707321,40.45575355114,40.785062679384,20086717.125866
2019-09-06,40.874383012431,40.894620478162,40.640539625676,40.750097424454,18300153.660901
2019-09-09,40.940711041478,40.960842551892,40.229644902597,40.446005661887,25221408.903823
2019-09-10,40.259842168217,40.259842168217,39.784632567132,40.239816613121,19717336.89323
2019-09-11,40.364843888323,40.670207114707,40.280397499903,40.659929448864,18818542.931525
2019-09-12,40.909983999268,41.209307772527,40.708351029175,40.879045046421,25542039.341744
2019-09-13,40.814836123733,40.814836123733,40.534584307708,40.57982722848,33067097.217956
2019-09-16,40.244372691794,40.567536411596,40.20495731351,40.480547095544,15451764.304061
2019-09-17,40.509366942032,40.645625480938,40.417715591989,40.645625480938,15412093.808228
2019-09-18,40.57982722848,40.670207114707,40.090631525423,40.640539625676,17595575.528988
2019-09-19,40.76493116897,41.089472307905,40.674975104015,40.729859958722,16409234.886433
2019-09-20,40.735207984456,40.754115779885,40.025162169521,40.12963038002,30171582.067507
2019-09-23,40.134700626839,40.374269789033,40.050619033758,40.255118988788,15778680.852624
2019-09-24,40.520461905646,40.674576282913,39.694751085154,39.864604353588,35462006.647989
2019-09-25,39.809148529006,40.450217861175,39.445147059464,40.340890664142,23926905.243933
2019-09-26,40.326102444254,40.525109631897,40.070054979897,40.384515912813,18233820.975885
2019-09-27,40.384515912813,40.469548177173,39.544228132717,39.844534626597,25564606.345385
2019-09-30,40.014810415599,40.359904089713,39.96104467329,40.265048222142,22014374.444883
2019-10-01,40.445041984214,40.714821367039,39.874322326658,39.889744327399,22045171.525494
2019-10-02,39.624612670826,39.634858794605,38.848336756818,39.139559058481,39521142.531304
2019-10-03,39.12466520845,39.634858794605,38.640245376958,39.619436793865,34953055.330202
2019-10-04,39.899779190895,40.326102444254,39.859850997196,40.275294345922,22041273.017057
2019-10-07,40.1398765038,40.439866107253,40.075336487,40.104701666493,21242299.368502
2019-10-08,39.844534626597,39.967593742098,39.364551261071,39.369832768174,28962731.09459
2019-10-09,39.780417130366,40.102589063652,39.720524839817,39.955974426471,20557837.541705
2019-10-10,39.915306821778,40.389586159632,39.884462820296,40.230190275262,18960074.850992
2019-10-11,40.724856230534,41.144841675369,40.659893693167,40.784854151225,31993120.846549
2019-10-14,40.744820327384,40.929673075991,40.740383861417,40.759291656846,11332849.474984
2019-10-15,40.924391568888,41.310047217553,40.885308416325,41.210543623731,16238007.130647
2019-10-16,40.984917640289,41.003297285007,40.772706684888,40.924391568888,20251066.20383
2019-10-17,41.064879657829,41.18022777296,40.629894732821,40.844852071916,13732404.138588
2019-10-18,40.784854151225,40.847387195325,40.189522670569,40.454654327142,17452629.183562
2019-10-21,40.694857270189,40.909920239425,40.550143975565,40.890589923428,12690957.08708
2019-10-22,40.969495639548,41.115053975308,40.310574813371,40.340890664142,18470442.829385
2019-10-23,40.214768274521,40.379340035852,40.12963038002,40.374269789033,17907748.32912
2019-10-24,40.805452028927,41.000234010888,40.652077062654,40.964425392729,14617365.55373
2019-10-25,40.964425392729,41.510321966901,40.939285418918,41.459725128854,16305450.947923
2019-10-28,41.825205420385,42.004776661889,41.805769474246,41.985763236318,14459712.63691
2019-10-29,41.949954618159,42.024635128597,41.589967094015,41.605283464614,15520887.012072
2019-10-30,41.729821402104,41.909920794318,41.4497958955,41.859535216555,25558671.486378
2019-10-31,41.924603384065,41.970341235577,41.565460901057,41.835451544165,22461777.989722
2019-11-01,41.975517112538,42.334976485972,41.909920794318,42.334976485972,19841183.199271
2019-11-04,42.660422953663,42.685562927473,42.46553534156,42.554264660891,20363124.18055
2019-11-05,42.675422433835,42.690633174292,42.360010829641,42.505146644833,15799697.580962
2019-11-06,42.499970767872,42.522998138841,42.270753359599,42.484548767131,17077224.027172
2019-11-07,42.769644520554,43.059282370085,42.700456777504,42.819501947607,28084939.03457
2019-11-08,42.710808531426,43.059282370085,42.540638372565,43.059282370085,12573155.484647
2019-11-11,42.814326070646,43.139878168478,42.759926547484,43.079985877929,8488164.291979
2019-11-12,43.139878168478,43.38494009806,43.034353656559,43.22554421369,16563093.316559
2019-11-13,43.054845904119,43.359905754391,43.044388520055,43.319449409982,15372382.998976
2019-11-14,43.1502299224,43.304555559951,43.02981156045,43.270225763782,12182883.359706
2019-11-15,43.574757463344,43.620284054572,43.440395922642,43.620284054572,14124990.943745
2019-11-18,43.604967683973,43.814643515965,43.440395922642,43.750103499165,13024701.786387
2019-11-19,43.923970712998,43.963370755987,43.674155427023,43.834713242956,14087361.533025
2019-11-20,43.734681498424,43.862916490887,43.242022515851,43.569581586383,24759789.667672
2019-11-21,43.484971842592,43.535146160071,43.259768379717,43.349659630611,18755544.216284
2019-11-22,43.47462008867,43.54486413314,43.121921044328,43.294309436171,11780830.506502
2019-11-25,43.490042089411,43.923970712998,43.47462008867,43.923970712998,14739764.328811
2019-11-26,43.949427577235,44.075655596998,43.879817313616,43.964849577976,19454647.697157
2019-11-27,44.099739269388,44.209383356847,43.967384701385,44.209383356847,18696164.385134
2019-11-29,44.094563392427,44.164384916329,44.006045333379,44.080831473959,11360187.315714
2019-12-02,44.099739269388,44.099739269388,43.259768379717,43.449691375143,23174835.820851
2019-12-03,42.764996794303,43.094774097818,42.578982114133,43.064563877188,22501999.463603
2019-12-04,43.345011904361,43.379869851241,43.175264266069,43.240966214431,13830189.674028
2019-12-05,43.39518622184,43.435220045681,43.195756513628,43.400256468659,15620772.326946
2019-12-06,43.730033772174,43.919745507315,43.694647674583,43.879817313616,18411139.680892
2019-12-09,43.805981844316,43.944251700274,43.649754864207,43.649754864207,11606865.011035
2019-12-10,43.719998908678,43.914675260497,43.574757463344,43.684401550803,12351083.455373
2019-12-11,43.800805967355,44.017770279148,43.710069675324,43.980271578716,9878933.982651
2019-12-12,43.855205490516,44.514548837262,43.750103499165,44.450431341031,24194732.205518
2019-12-13,44.404904749802,44.844748661345,44.320295006011,44.744716916813,26257324.338301
2019-12-16,45.084740344108,45.299486422918,45.074916740896,45.145055155225,19746968.61425
2019-12-17,45.224594652197,45.245298160041,44.980060873325,45.040058794016,14919346.592262
2019-12-18,45.094880837746,45.209806432308,45.019566546456,45.034988547197,12971664.841717
2019-12-19,45.065304397968,45.36571652199,45.049882397228,45.360540645029,13725720.440297
2019-12-20,45.480349501305,45.529836966701,45.359157857324,45.475084877327,23415809.088697
2019-12-23,45.614070950354,45.71957401488,45.549842537819,45.605121089591,15530362.726147
2019-12-24,45.685143374062,45.685143374062,45.515306604521,45.619335574333,4890728.2089008
2019-12-26,45.714414683381,45.969854238809,45.685143374062,45.960167330689,8269296.1889246
2019-12-27,46.144745047369,46.144745047369,45.839712734065,45.95511329167,19332401.595864
2019-12-30,45.944899921152,45.95005925265,45.337257021575,45.69030270556,16491278.45742
2019-12-31,45.53510159068,45.885514962676,45.475084877327,45.834553402566,11603229.452211
2020-01-02,46.250563989333,46.695214130541,46.160223041865,46.695214130541,26577674.982362
2020-01-03,46.015340589982,46.490104380346,46.010286550962,46.169804657505,30024757.827167
2020-01-06,45.709360644362,46.329638641487,45.624389613352,46.28025646857,15631097.365921
2020-01-07,46.359962875602,46.487577360836,46.189810228623,46.260250897453,15424261.13137
2020-01-08,46.309738362849,46.960445886569,46.225504379196,46.754914966455,23266731.015271
2020-01-09,47.184824160524,47.315070957748,46.946126109348,47.284430846194,15555455.686355
2020-01-10,47.490488228705,47.55240020669,47.094799090495,47.175137252404,15332051.316956
2020-01-13,47.390355080638,47.821106614544,47.364558423144,47.764880430455,15525896.120346
2020-01-14,47.825739483644,47.870172910021,47.462375136661,47.540607448979,16137671.05684
2020-01-15,47.56956288086,47.825739483644,47.432156195026,47.595254245874,14417213.900297
2020-01-16,47.89976009678,48.244803552318,47.832267617378,48.235116644198,11543134.94189
2020-01-17,48.460021380552,48.605114417394,48.200370125941,48.559522773742,21661520.456111
2020-01-21,48.410428622676,48.819595198271,48.400215252158,48.539727787584,17975051.093828
2020-01-22,48.844760100887,49.054292135224,48.675555086224,48.715145058541,15491813.914145
2020-01-23,48.764632523937,48.98490439119,48.556048121916,48.945525003832,14956486.982609
2020-01-24,49.304888236592,49.415234755177,48.544887119082,48.715145058541,23617352.44761
2020-01-27,47.579776251378,47.929557868497,47.355082099983,47.55482193372,35574679.36389
2020-01-28,47.969779595691,48.594901046876,47.870172910021,48.465075419571,31184387.65546
2020-01-29,48.865292134403,48.935838095712,48.392950071068,48.590373470255,21130004.812919
2020-01-30,48.56984143674,49.054292135224,48.274390739076,49.009964001327,19933566.08796
2020-01-31,48.725253136579,48.749680991839,47.495436975245,47.664747282388,26964667.483325
2020-02-03,47.720447004078,48.412955642186,47.664747282388,48.295028065071,25085664.340699
2020-02-04,49.135051467051,49.665093809188,49.012385728357,49.558958989785,19097748.559847
2020-02-05,50.381293255198,50.401614703754,49.490518878067,49.849671525868,32697079.736186
2020-02-06,50.0556236159,50.324435316232,49.82977124723,50.309694369093,13505693.90955
2020-02-07,50.070364563039,50.268735594542,49.742904951588,49.844617486849,16597927.099813
2020-02-10,49.554747290603,50.527439216836,49.545481552401,50.517120553839,16347508.455399
2020-02-11,50.905018048561,50.951136154611,50.197557878355,50.35412779547,15105772.098363
2020-02-12,50.697486571336,50.915336711558,50.411933366752,50.894804678043,12152773.923367
2020-02-13,50.491429188824,51.027578494776,50.42204144479,50.758872086923,14802859.676399
2020-02-14,50.85900523499,51.068642561807,50.702645902834,50.981776266165,12392469.104865
2020-02-18,50.568187406428,50.899858717062,50.512066514819,50.789617490956,20636573.561095
2020-02-19,51.124763453416,51.461909972987,51.089069302843,51.395786295819,16615566.536245
2020-02-20,51.288387966662,51.405894373858,50.168075984076,50.85900523499,26324655.012562
2020-02-21,50.599985735257,50.644945624032,49.410075423679,49.72037236096,29899083.134591
2020-02-24,47.335076528866,48.355150070904,46.900113295777,47.664747282388,42365246.961359
2020-02-25,48.095604108773,48.269757869976,45.969854238809,46.13958571587,62934377.90899
2020-02-26,46.314897694348,47.354450345106,46.000599642842,46.349854797564,55759574.892557
2020-02-27,44.830273732463,45.780854237987,43.819676513586,43.850421917619,67825842.162861
2020-02-28,42.104988483848,44.602104929243,42.029914945918,44.185041417681,111859025.91062
2020-03-02,44.979999638406,46.749860927436,44.190306041659,46.740068726836,70008620.087236
2020-03-03,47.004352850548,47.330022489846,44.489863146025,44.965153398787,94989162.010402
2020-03-04,45.934791843113,46.910431958775,45.300404653726,46.895059256758,44727673.993418
2020-03-05,45.644816354388,46.514637528085,45.120565098627,45.415384041413,49019017.514448
2020-03-06,43.894750051516,44.720243091316,43.244884867633,44.455116627768,57631864.355319
2020-03-09,40.789464244147,42.999869267682,40.750506026708,41.080387365189,59119742.698058
2020-03-10,42.840456453619,43.824941137564,41.310240848082,43.819676513586,71164654.217132
2020-03-11,42.644717734105,42.909423027735,41.154829148242,41.749836950271,63346833.766986
2020-03-12,38.720467020669,40.949403520608,37.500653644894,37.674807406096,65490667.789414
2020-03-13,40.044835828654,42.189959514858,38.147044176951,42.09488040581,65849665.888382
2020-03-16,35.859880935812,39.605766188863,35.59580739706,36.280103221761,81244836.623053
2020-03-17,37.134446400962,39.219869251252,35.969911576959,38.750159499907,100814574.25757
2020-03-18,36.175231912113,37.909925512968,35.133573411764,37.289963393282,107412410.14159
2020-03-19,36.945446400141,38.694986240614,36.060252524427,37.425474814483,123454113.28086
2020-03-20,38.129249747905,38.519779554616,35.590753358041,35.709733859951,90443985.546031
2020-03-23,35.345500124908,36.110137074778,34.049911846424,35.199590635707,84958327.754198
2020-03-24,37.33041385094,38.834967980793,37.179581356719,38.804487247586,75329028.553767
2020-03-25,39.099762803981,40.545345618385,38.009579054084,38.754942963026,57480857.376157
2020-03-26,39.244729590093,41.255096299524,39.150564025993,41.15485553774,56425851.1799
2020-03-27,39.87958774806,40.629665172446,39.125320532168,39.294483364228,58485443.879766
2020-03-30,39.820197453461,41.045083000279,39.695132177003,40.949869988303,47480137.307237
2020-03-31,40.854761721113,41.589546406502,39.975848207914,40.185442528008,40002161.385495
2020-04-01,38.794641237547,39.625581638001,37.982659643657,38.270603064917,54984813.364257
2020-04-02,38.134225351392,39.214248856886,37.980041023966,39.165333041052,44223643.999629
2020-04-03,38.994599037177,39.416092062694,38.075673015094,38.559908168415,31571939.512096
2020-04-06,40.255621535736,42.122487886082,40.000672722588,41.849941948608,35987130.094471
2020-04-07,43.324329579617,43.339517573827,41.430439074056,41.475165098384,44298898.340935
2020-04-08,42.019733249394,42.762583283432,41.625264379092,42.59080183168,27428666.994937
2020-04-09,43.094938494656,43.311655460311,42.297830660614,42.600857331295,39261455.315645
2020-04-13,42.428971134756,42.754413189995,41.824907944359,42.694603916245,25301567.355981
2020-04-14,43.645058119412,44.565031589371,43.469820089668,44.484901826817,31778951.244955
2020-04-15,43.599913115933,43.869945178504,43.189627782695,43.515069837934,25858099.106209
2020-04-16,44.085509951494,44.154641511345,43.324329579617,44.044868973885,23667573.876837
2020-04-17,44.824798662752,44.834958907154,43.98526918971,44.630078102504,28284795.514637
2020-04-20,44.02454848508,44.609652868912,43.854652439506,43.915299671557,20407021.17869
2020-04-21,43.294372570348,43.400164805878,41.820089684127,42.074619518125,32765095.780775
2020-04-22,43.094938494656,43.934991691636,42.939497229779,43.695545107061,24038135.514027
2020-04-23,43.795157400119,44.289971776994,43.360047552207,43.395556035221,21169697.792866
2020-04-24,43.574564877321,44.323490109043,43.294791549499,44.315320015606,16885624.952077
2020-04-27,44.715026125291,44.845014406769,44.424673573916,44.695019870849,15598544.20066
2020-04-28,45.250376734987,45.280438489044,44.03973647929,44.100278966553,25267623.900849
2020-04-29,45.040258690955,46.067281333896,44.880103910633,45.909849918053,22925864.415769
2020-04-30,46.005377164393,46.005377164393,45.364758043105,45.704864368616,30861275.032578
2020-05-01,44.699628641506,45.325059768584,44.279706787804,44.449602833377,23990619.068469
2020-05-04,44.244826773515,45.085508439221,44.03973647929,45.040258690955,21458068.22806
2020-05-05,45.555917280572,46.240214978312,45.474635325353,45.659090896411,17374665.993141
2020-05-06,46.099961707644,46.460493266747,45.810656604145,46.015642153583,16941011.001636
2020-05-07,46.63981634321,46.967353294202,46.569113611544,46.706119793794,21091059.034942
2020-05-08,47.15044718302,47.454940280728,46.875282625854,47.389893767595,15224520.816034
2020-05-11,47.064870691507,47.984844161467,46.969762424318,47.704547109706,20768713.639468
2020-05-12,47.899267669954,48.034597935602,46.685485070626,46.720679319278,27042020.547822
2020-05-13,46.745084854801,47.104673710815,45.309871774375,45.914877667861,33942783.021959
2020-05-14,45.594568107217,46.530148550537,45.095249704473,46.50008679648,30475190.904613
2020-05-15,45.765406855879,46.745084854801,45.635313829614,46.735029355187,28033409.258672
2020-05-18,47.654688590783,48.150445670747,47.490029784592,47.879994629026,20035328.220289
2020-05-19,47.899267669954,48.444778524053,47.684855089627,47.704547109706,20092696.230045
2020-05-20,48.365591464587,48.839875863081,48.340138481187,48.750423814425,18191990.672659
2020-05-21,48.700565295502,48.845008357676,48.042244305101,48.070106418617,20581672.35141
2020-05-22,47.999927410889,48.304420508597,47.805311595429,48.243982766121,18490075.195044
2020-05-26,49.210567666587,49.245028701725,48.152854800863,48.195276439862,26001489.534854
2020-05-27,48.19003920048,48.489504548381,47.165216198079,48.47033625224,38856731.596692
2020-05-28,48.289756238326,49.259902461571,48.254247755311,48.375751708989,21158287.20121
2020-05-29,48.519671047225,49.099642936462,48.11546091167,48.984842649194,35557825.677445
2020-06-01,48.755032585082,49.072199802096,48.539467812091,48.970073634134,26723347.888801
2020-06-02,49.06979067198,49.430636465446,48.605038049162,49.430636465446,22415291.038343
2020-06-03,49.630594265077,49.976880533059,49.415448471237,49.815049836134,22036526.606348
2020-06-04,49.620434020674,49.966510799081,49.129599945731,49.405078737259,15138878.368319
2020-06-05,49.755031072809,50.853803895293,49.669559326084,50.706323234277,20756301.565998
2020-06-08,50.614881034656,50.980964067504,50.149709432687,50.960643578699,16130414.103192
2020-06-09,50.706323234277,51.448544799589,50.660549762072,51.194224455166,14707728.513403
2020-06-10,51.570467732417,52.445819922837,51.474207272564,52.048313453692,24389608.850551
2020-06-11,51.143737467517,51.219886928141,49.054916912134,49.06979067198,39742030.064305
2020-06-12,50.386537397571,50.635096778673,48.839875863081,49.704753574735,43286992.141356
2020-06-15,48.799130140684,50.413561552786,48.640546532177,50.184694191763,29926355.957425
2020-06-16,51.382660328155,51.697523159841,50.464362774798,51.250786640499,27937800.682586
2020-06-17,51.545224238593,51.733660111581,51.154002456707,51.240312161734,17324250.119298
2020-06-18,51.143737467517,51.530350478746,51.036897784111,51.474207272564,13717190.441539
2020-06-19,52.089373410452,52.150649111229,50.879152133905,51.118074994542,31279966.033653
2020-06-22,51.038624494108,51.98239724461,50.962579495507,51.93664489655,14737956.996649
2020-06-23,52.407852298599,52.915201966467,52.240407061294,52.317601091467,19027988.462221
2020-06-24,52.098344975994,52.39218368625,50.856241846363,51.130024732812,25425676.896001
2020-06-25,51.206174188829,51.839917329647,50.6583995011,51.788942110805,20534455.944721
2020-06-26,51.68793178986,51.763141129136,50.61797448124,50.774973976979,44275534.395645
2020-06-29,50.769960021027,51.327762620659,50.157108363341,51.322539749876,18547201.151124
2020-06-30,51.327762620659,52.457365113622,51.256522663178,52.245107644998,16499915.195926
2020-07-01,52.281563283064,52.636196209235,52.03775967491,52.332747416738,21709137.504885
2020-07-02,52.824010642594,53.11231310982,52.525157976387,52.636196209235,19144662.801929
2020-07-06,53.315169411035,53.802254340264,53.285503504987,53.559286391435,16046258.557956
2020-07-07,53.498283260689,54.035925579099,52.939749459147,52.996052006189,15863563.055879
2020-07-08,53.416388646811,53.862735183932,53.132160018796,53.858139057643,13327054.77332
2020-07-09,54.298740436903,54.309186178469,53.280802921282,54.056294775153,17768456.056916
2020-07-10,53.928543355799,54.066218229641,53.400720034461,54.040626162804,14724579.296357
2020-07-13,54.497418441491,54.856751951367,52.782749963408,52.919902550172,28910422.308233
2020-07-14,52.499043622471,53.609321493537,51.93664489655,53.533694324598,30053135.817314
2020-07-15,54.020779253828,54.28411639871,53.19368543662,53.816878378457,23779137.022208
2020-07-16,53.25051027074,53.395497163678,52.74681661242,53.157752085633,17180587.789152
2020-07-17,53.472168906774,53.569732133002,52.924603133876,53.416388646811,12710580.590111
2020-07-20,53.569732133002,54.907309340547,53.270357179716,54.775379624566,17018441.330782
2020-07-21,55.171691059586,55.192582542718,54.030702708316,54.23355900953,18794989.207492
2020-07-22,54.278893527927,54.832204458686,54.238781880313,54.659118520935,15028067.562836
2020-07-23,54.369144735059,54.730045106169,53.001274876972,53.25051027074,23349602.175726
2020-07-24,52.357190452003,52.94497232993,51.733579680504,52.600785145326,22911691.667311
2020-07-27,52.919902550172,53.487837519123,52.814087188106,53.43205725916,16907992.494508
2020-07-28,53.270357179716,53.43205725916,52.767081351059,52.80364144654,17825485.038174
2020-07-29,53.005975460677,53.715763600096,53.005975460677,53.574955003785,13187245.647204
2020-07-30,53.086825500399,53.902951288962,52.798418575757,53.867958054715,21556735.687368
2020-07-31,54.71437649382,55.237499231453,53.827324120023,55.217652322477,25188221.279825
2020-08-03,55.965985248276,56.753489704948,55.940915468517,56.580821596859,24331553.522602
2020-08-04,56.458815335367,56.723197054406,56.215220642044,56.718496470701,17971634.547075
2020-08-05,56.895238418,57.051715626661,56.64652531131,56.925531068542,12960542.738176
2020-08-06,56.879674263067,57.787618119996,56.753489704948,57.732255689696,16399333.538478
2020-08-07,57.499211195355,57.499211195355,56.424866675277,56.864527937796,27476252.229916
2020-08-10,56.977133031879,57.066339664854,55.9461383393,56.708050729135,16481346.863676
2020-08-11,56.530264207679,56.762786414942,55.571240674491,55.688546352279,18844470.615464
2020-08-12,56.144816343888,57.092454018769,56.074412045733,56.951123135379,14197798.122885
2020-08-13,57.027794878475,57.452205358307,56.768009285725,56.977133031879,11453668.391312
2020-08-14,56.997502227933,57.097676889552,56.627200689413,56.935976810108,8334272.8181341
2020-08-17,57.281730855948,57.446982487524,57.209237409479,57.317141919857,8174860.4882909
2020-08-18,57.426717748886,57.691099467925,57.042314459252,57.533577685108,8930087.864925
2020-08-19,57.680653726359,57.934589703832,57.361014034435,57.462651099874,14239414.124703
2020-08-20,57.245170760466,58.345525177044,57.183645342642,58.228741786335,12803080.485297
2020-08-21,58.28399975922,59.040166991193,58.253289279015,58.97498556382,15288691.471896
2020-08-24,59.815658845064,59.836028041118,58.990131889091,59.480350540791,16440596.286294
2020-08-25,59.344764815262,59.800512519793,59.252424459817,59.775024910372,18628253.319095
2020-08-26,60.403440722991,61.154385084182,60.267332710384,60.997385588442,16463080.089719
2020-08-27,61.249754704681,61.528238174834,60.49567662102,61.047942977623,18174289.378864
2020-08-28,61.285792513084,61.782800896801,61.204942473362,61.579840138171,13093342.309294
2020-08-31,61.828657702276,62.178590044742,61.444254412642,61.777578026018,19039959.847805
2020-09-01,62.330366669699,63.035872055076,61.940740509281,62.953559611535,25619958.93784
2020-09-02,63.857220714422,63.862443585205,62.401815542011,63.517734113523,40394899.426523
2020-09-03,62.493006865883,62.543146425401,59.399500501069,59.891808301081,54161930.6219
2020-09-04,59.557022283886,60.408559136359,56.530264207679,59.06575905803,62544294.807872
2020-09-08,56.808747677833,58.168783229745,56.296592968845,56.394156195072,47860392.374647
2020-09-09,57.767248923942,58.805555635618,57.128387369757,58.228741786335,36783870.016966
2020-09-10,59.03494412041,59.120494743837,56.575598726076,56.909862456193,32109870.599038
2020-09-11,57.446982487524,57.670207984793,55.759472937513,56.483258370632,37166300.50069
2020-09-14,57.416794294398,57.974805808862,57.143533695028,57.66498511401,24730150.402837
2020-09-15,58.547859191181,58.654823584818,57.84339837996,58.233964657118,18260457.507216
2020-09-16,58.497824089079,58.579196415879,57.276507985165,57.332288245128,19640115.419365
2020-09-17,55.997218015559,57.250393631249,55.906026691686,56.85408219623,30403639.415054
2020-09-18,56.951123135379,57.046492755878,55.192582542718,55.880956911927,41837595.467256
2020-09-21,54.746181548774,56.254138108581,54.548984022429,56.228602488098,38381762.316686
2020-09-22,56.851463173846,57.249506172319,55.894554881367,57.103379886941,25537456.01858
2020-09-23,57.134543766633,57.190722131696,55.160900870828,55.333605046913,23707775.04292
2020-09-24,54.812261480964,56.334288688792,54.740970197655,55.641700125071,31838630.944213
2020-09-25,55.672342869651,57.134543766633,55.323286571697,56.961318455435,19326620.428993
2020-09-28,57.918226747915,58.066020665651,57.432216142552,58.060809314532,17473220.076693
2020-09-29,57.988996896111,58.231950085281,57.741249263912,57.86725973397,24451556.245041
2020-09-30,57.837555032592,58.944862918367,57.812019412108,58.353687247422,22318866.517155
2020-10-01,59.15821563318,59.239408483615,58.596744663614,58.965187187731,27076327.573538
2020-10-02,57.512887857875,58.473444096138,57.234497481096,57.468591373363,37251687.81864
2020-10-05,57.882268425193,58.773617920595,57.846935464606,58.737242689784,12270549.141527
2020-10-06,58.596744663614,59.142581579823,57.614821885764,57.821920979235,26862289.03065
2020-10-07,58.429147611626,58.994787662087,58.378701732793,58.883994337296,12992427.194658
2020-10-08,59.395436336119,59.395436336119,58.985407230073,59.183125891529,10109504.003186
2020-10-09,59.461516268309,60.103658953198,59.445986441974,60.089067170064,14425329.11
2020-10-12,60.973120773899,62.137128159849,60.67503148989,61.732831540034,19163761.511869
2020-10-13,61.929507931266,62.041447753303,61.100590422271,61.338436487344,17613865.944387
2020-10-14,61.484666999745,61.808813039349,60.558922586957,61.00907909662,14555724.277103
2020-10-15,59.998076979526,60.857637233101,59.835691278656,60.741632557191,13187638.56629
2020-10-16,61.069947677691,61.318633353092,60.507955573013,60.564133938076,11544235.578396
2020-10-19,60.867538800227,61.095483298174,59.263797606852,59.445986441974,16616412.523718
2020-10-20,59.66861536178,60.285743561297,59.288290957112,59.648395319438,14566994.866756
2020-10-21,59.501643671925,60.1344059248,59.42566217261,59.557822036989,12171765.738099
2020-10-22,59.582315387248,59.780555183817,58.612378716971,59.283079605993,13486496.76341
2020-10-23,59.369483807546,59.379906509784,58.732031338665,59.219084214251,10313457.829309
2020-10-26,58.570687908019,59.030745984808,57.210525265948,57.937404520033,18189150.535948
2020-10-27,58.216837167036,58.468232745019,57.897381343438,58.226738734162,19064724.815203
2020-10-28,57.113698362156,57.15017781999,55.662545529547,55.757704800981,32756677.894171
2020-10-29,55.976268866914,57.335910373872,55.940414771214,56.678237862649,19408938.812499
2020-10-30,55.894554881367,56.248926757462,54.781514509361,55.428868545369,25850192.574373
2020-11-02,55.858179650556,56.313964419428,55.039684843799,55.570929976874,24039712.953163
2020-11-03,56.011184919411,57.041990170758,55.777507935233,56.546599133382,20970142.387953
2020-11-04,58.272077488898,59.187816107536,57.68559203396,58.75808809426,30763806.033735
2020-11-05,60.295645128423,60.755703205212,60.043311507239,60.579767991434,22189854.868421
2020-11-06,60.432495208809,60.983543476137,59.597324078471,60.791557300912,19455297.231742
2020-11-09,62.08199206501,62.679421357297,60.295645128423,60.351823493486,39768099.532307
2020-11-10,59.820578360411,60.244678114479,58.752876743141,59.22429556537,23538371.7577
2020-11-11,59.820578360411,60.796768652031,59.699362333382,60.634904086273,14488549.759017
2020-11-12,60.634904086273,60.92892851641,59.805465442166,60.089067170064,14354155.628973
2020-11-13,60.549125246854,60.731730990065,59.97202022393,60.604782476805,11853017.305676
2020-11-16,60.609472692812,61.298934445862,60.482941087642,61.186473488713,14864181.712283
2020-11-17,60.882651718472,61.176050786475,60.58966955856,60.847735665975,9939407.039894
2020-11-18,60.746322773198,61.029924501097,60.168696615163,60.194232235647,9543525.0597948
2020-11-19,60.073954251819,60.791557300912,59.805465442166,60.685454192128,12155252.745972
2020-11-20,60.741632557191,60.755703205212,60.033409940113,60.053734209477,9916768.9567357
2020-11-23,60.23946676336,60.640115437392,59.512066374163,60.03810015612,9808685.6618026
2020-11-24,60.270213734962,60.993966178375,59.830479927537,60.877440367353,13641328.011884
2020-11-25,61.085060595936,61.26297612314,60.775923247554,61.003867745501,12186368.477055
2020-11-27,61.333225136225,61.590248973416,61.216699325203,61.333225136225,7025852.6366012
2020-11-30,61.313422001973,61.82809503849,60.619791168028,61.743254242272,32229271.481282
2020-12-01,62.248546846774,62.87609774853,61.991001874471,62.527458358666,22664197.307364
2020-12-02,62.264180900131,62.502965008406,61.794221256216,62.431152589986,16038872.279116
2020-12-03,62.502965008406,62.814708032347,62.223011226291,62.390087143168,13775401.687605
2020-12-04,62.482640739042,63.033167871258,62.344748388432,63.023370531154,10358713.8473
2020-12-07,63.058703491741,63.387539747353,62.94791016695,63.199722653022,8905238.5724684
2020-12-08,63.139375207064,63.60454040795,62.865675046292,63.406821746493,7884638.5632765
2020-12-09,63.367319705011,63.553052258894,61.975367821114,62.187678265704,17269932.104764
2020-12-10,61.808813039349,62.571650616155,61.666230472732,62.279189591354,9997425.5830881
2020-12-11,61.904597672917,62.147550862087,61.449229812135,62.147550862087,13023262.768069
2020-12-14,62.334429913216,62.938008599824,62.294823644711,62.369241738691,11056029.172441
2020-12-15,63.053492140622,63.417244448731,62.642941899464,63.417244448731,9114573.9204577
2020-12-16,63.498958434278,64.070226743948,63.290817070583,63.841865337911,10309255.464222
2020-12-17,64.31328416014,64.49536876824,64.044274215375,64.353307336734,11504994.315367
2020-12-18,64.450134240526,64.460556942764,63.716376002965,64.125883973899,17693344.373405
2020-12-21,63.168140279564,64.0719623972,62.598208270043,64.041911247638,15232248.565027
2020-12-22,64.394830284368,64.883343435386,64.102117529979,64.596245774688,14335242.267681
2020-12-23,64.667890210842,64.71312291001,64.011236198777,64.107316690803,11300740.059687
2020-12-24,64.21785084992,64.687647021973,64.172202217886,64.531360247605,4384641.2472903
2020-12-28,65.166801683508,65.389013817124,64.863690607472,65.258202930793,8170925.354777
2020-12-29,65.615905195481,65.702003298726,64.834055390775,64.949788710717,8841397.0170383
2020-12-30,65.172000844332,65.308530807569,64.818977824386,64.914018484248,8141769.6880967
2020-12-31,64.945109465975,65.192277571546,64.485711615571,65.011034825223,11058331.709056
2021-01-04,65.337646108183,65.353139607439,63.12249164753,63.951029916435,21017109.048941
2021-01-05,63.805141463715,64.470114133099,63.764172076422,64.364259218723,12361492.013078
2021-01-06,63.445359534698,64.490910776394,63.062285365189,63.258501694685,27258001.78119
2021-01-07,63.863787997809,65.08111951313,63.839871858019,64.960187032364,19651956.04823
2021-01-08,65.277959741924,65.556114846006,64.636799229115,65.378615495476,12387622.191504
2021-01-11,64.743174059573,65.298652402004,64.570353953784,64.838734635517,17857383.747828
2021-01-12,64.758251625962,64.843413880258,63.91515570675,64.531360247605,17089170.350466
2021-01-13,64.616522501901,65.136230617864,64.490910776394,64.939910305151,13605162.909006
2021-01-14,65.096197079519,65.233246958838,64.278577048344,64.368938463465,15624730.172943
2021-01-15,64.278577048344,64.559955632137,63.582929330099,63.708021139524,12641125.601887
2021-01-19,64.152445406755,64.647197550762,63.925554028398,64.541758569253,11569544.016195
2021-01-20,65.034950965013,66.046187745272,64.945109465975,65.823039762708,11770035.025282
2021-01-21,66.171799470778,66.891883244896,65.823039762708,66.671230859527,8948204.6382686
2021-01-22,66.38881244357,66.751713869082,66.252282480333,66.414288331608,11243516.401856
2021-01-25,67.165983003535,67.39235446581,65.347940446615,66.97444591878,18205222.574368
2021-01-26,67.205912558663,67.307192211513,66.76211219073,67.019574634732,8593457.0044769
2021-01-27,66.697226663647,66.912679888192,65.151204201037,65.752955074801,24484534.968321
2021-01-28,66.079982290627,67.119814455418,65.863489233918,66.015096763545,16181650.818032
2021-01-29,65.692124893161,65.953850649038,64.117091113152,64.464914972275,19023608.491649
2021-02-01,65.228567714097,66.399210765218,64.748373220397,66.074783129804,11232673.305843
2021-02-02,66.721558736303,67.171182164359,66.626102143575,66.979645079604,8595390.9704265
2021-02-03,67.10941613377,67.252185089996,66.544579301856,66.747034624341,11574827.561161
2021-02-04,67.104216972946,67.811822761086,66.917879049016,67.811822761086,8134234.8182732
2021-02-05,68.013758167489,68.023636573054,67.463478985881,67.661774979707,9413747.0752036
2021-02-08,67.933275157934,68.39735225308,67.842393826731,68.371876365042,11713714.397797
2021-02-09,68.190737601936,68.613325393707,68.16994095864,68.289417674374,10552570.28158
2021-02-10,68.564037349096,68.648575704093,67.610927186849,68.190737601936,9464455.2584907
2021-02-11,68.648575704093,68.982465812207,68.387473847514,68.936713196957,7565718.0710354
2021-02-12,68.75557443385,69.341103925844,68.56923650992,69.295975209892,6755508.4732493
2021-02-16,69.573194465025,69.624042257883,68.886905236263,69.068563915452,9722110.3004021
2021-02-17,68.433226462765,68.608126232883,67.771269306659,68.458078451504,15275354.559934
2021-02-18,67.750472663364,68.242105310877,67.267782572468,68.124812242688,10956061.358512
2021-02-19,68.473675933975,68.533882216317,67.719381681636,68.023636573054,11686163.797835
2021-02-22,67.190419059407,67.407847965065,66.483853103432,66.52378265856,14262649.783474
2021-02-23,65.419064966687,66.751713869082,64.309772013288,66.33744473463,24198458.993685
2021-02-24,65.847891751446,67.413047125889,65.337646108183,67.352320927465,16472247.714562
2021-02-25,66.756913029906,67.200713397839,64.707923749186,65.001260402874,34313743.321439
2021-02-26,65.645956345044,66.347843056278,64.763450786786,65.342845269007,35511884.754437
2021-03-01,66.4552577189,67.48833097462,66.030694246016,67.447881503409,24775217.455587
2021-03-02,67.54385801222,67.590130543553,66.282437613112,66.378934038005,24802868.071689
2021-03-03,66.056066150837,66.247083319509,64.636799229115,64.707923749186,29889504.337711
2021-03-04,64.511187503608,64.98098367566,62.476131973896,63.28345766664,76955516.197285
2021-03-05,64.0719623972,64.652396711586,62.352079996637,64.475313293923,46085773.861064
2021-03-08,64.415626927664,64.723001315576,62.849951637138,62.916396912469,35242421.076078
2021-03-09,64.384535945936,65.454419260289,64.304572852464,65.050548447485,22987282.764824
2021-03-10,65.75711440346,65.766888825809,64.743174059573,64.794125835647,18458978.910184
2021-03-11,65.772087986633,66.589708017808,65.630878778654,66.17647871552,13362853.612822
2021-03-12,65.389013817124,65.726959270681,64.970585354012,65.70720245955,12442145.413539
2021-03-15,65.75711440346,66.444963380469,65.489669570676,66.404409926042,16588083.715869
2021-03-16,66.917879049016,67.54385801222,66.620902982752,66.907480727368,13106813.254565
2021-03-17,66.363440538749,67.252185089996,65.863489233918,66.852993521933,19366484.017212
2021-03-18,65.938773082649,66.046187745272,64.914018484248,64.99606124205,17584853.228389
2021-03-19,65.011034825223,65.29345324118,64.490910776394,64.798805080389,27225218.606025
2021-03-22,65.005199631923,66.255690745049,64.899461482038,65.932457833475,15984174.516233
2021-03-23,66.114256890001,66.405944759804,65.348667027529,65.524758921893,12929160.219609
2021-03-24,65.91844934453,65.92778833716,64.718700091359,64.728557916913,14209948.252557
2021-03-25,64.346178052016,64.976144988186,63.86231446721,64.689126614698,22573663.815523
2021-03-26,64.653949742459,66.405944759804,64.62852692919,66.335487248741,14883170.756231
2021-03-29,66.134491374032,66.321478759797,65.488959450145,65.987350356821,17317731.945147
2021-03-30,65.524758921893,65.595216432955,64.965768329709,65.363609415737,13235392.713131
2021-03-31,65.862000322412,66.814162504309,65.811258462457,66.405944759804,15430338.229488
2021-04-01,67.127641356915,67.746090202175,67.065900238974,67.741524472445,14351500.564719
2021-04-05,68.133658396311,69.262950138419,68.043485234141,69.141750767401,12866790.430587
2021-04-06,69.030409221938,69.25776180918,68.612333651878,68.843836902512,11316271.057239
2021-04-07,68.787906713318,69.332369983633,68.541876140816,69.21168944554,10085192.668404
2021-04-08,69.85774020235,70.223413647098,69.740587728139,70.208990091814,14144554.368633
2021-04-09,69.95247909425,70.904641276147,69.827129059842,70.883991725777,9401304.8816587
2021-04-12,70.596973352289,70.768395750337,70.198613433337,70.546750325257,15907056.24143
2021-04-13,70.812496548867,71.262117160698,70.682477018143,71.211894133666,11316227.690678
2021-04-14,71.201517475189,71.236694347428,70.319812804354,70.455020664316,11216209.9439
2021-04-15,71.100448821618,71.72003909931,71.090694762649,71.663590077193,11028859.65149
2021-04-16,71.72003909931,71.786345946982,71.347620826552,71.6485439224,11696020.473541
2021-04-19,71.326867509597,71.658401747954,70.632669057451,71.054895290902,10254646.062655
2021-04-20,70.904641276147,71.211894133666,70.027606101627,70.425966020579,9873485.7875462
2021-04-21,70.300615986171,71.161152273711,70.103251941928,71.135729460441,9254137.0816093
2021-04-22,71.010379426033,71.311821354805,69.98724090015,70.300615986171,11652108.456875
2021-04-23,70.431154349818,71.575596013303,70.415589362102,71.347620826552,8892809.7807135
2021-04-26,71.372524806898,71.791534276221,71.322198013282,71.714954536656,7735014.1352242
2021-04-27,71.831484411359,71.886376934705,71.282351644729,71.539796541556,10822090.776457
2021-04-28,71.120164472725,71.222270792144,70.703126568514,70.874133900223,10691170.981521
2021-04-29,71.45273637693,71.544984870795,70.092875283451,70.812496548867,13416558.933844
2021-04-30,70.092875283451,70.475773981271,69.684657538945,69.847363543873,10583460.970401
2021-05-03,70.223413647098,70.365885167994,69.478992167921,69.660376158108,10805739.655297
2021-05-04,69.136562438163,69.15627808927,67.645125315189,68.40614944793,19919605.183867
2021-05-05,68.965140040114,68.995128583114,68.109792081812,68.239811612536,6410649.4536869
2021-05-06,68.209304236612,68.965140040114,67.721808821338,68.924671072052,14339176.751588
2021-05-07,69.618869524198,69.921452885402,69.216877774779,69.519461135983,19197071.044747
2021-05-10,69.181182069616,69.216877774779,67.73685497613,67.761655189891,20281075.112566
2021-05-11,66.466544445312,67.695867175144,66.306536371589,67.553395654248,27046815.755578
2021-05-12,66.562424769645,66.930173546088,65.479205391177,65.655816118464,29414510.524875
2021-05-13,66.37543738388,67.127641356915,66.079080017762,66.527144130821,22615038.406479
2021-05-14,67.267414946607,68.224765457743,67.137395415884,67.987555044947,16823089.087707
2021-05-17,67.588676293071,67.609325843441,66.879950519057,67.490720637043,16267150.004571
2021-05-18,67.685490516666,67.821736042476,66.910042828642,66.949370364271,11737252.436694
2021-05-19,65.908591518976,67.231719241445,65.75221527572,67.182533880261,30581250.282787
2021-05-20,67.454506098957,68.693686654342,67.444129440479,68.470380963906,16828147.556202
2021-05-21,68.818517855827,68.884824703498,68.033108575663,68.095264759944,14148386.045284
2021-05-24,68.658406015519,69.549968511907,68.622710310356,69.307050936948,13229032.284083
2021-05-25,69.588880981198,69.745776057378,69.170805411138,69.327700487319,11245864.962485
2021-05-26,69.428250307966,69.629246182675,69.095159570837,69.32251215808,13311382.493628
2021-05-27,69.262950138419,69.549968511907,68.940236059768,68.955801047484,11354688.048688
2021-05-28,69.307050936948,69.603823369405,69.1656170819,69.201831619986,9223699.5375113
2021-06-01,69.514791639668,69.588880981198,68.733014189972,68.858883057304,12907305.39992
2021-06-02,69.000316912353,69.618869524198,68.869259715782,69.337558312872,10098131.323009
2021-06-03,68.772341725602,69.051058772308,68.270422755044,68.689017158027,12721361.14781
2021-06-04,69.110724558554,70.087686954212,69.110724558554,70.007371617596,11182544.00021
2021-06-07,69.947290765011,70.072744566004,69.655187828869,69.992429229388,11783939.913308
2021-06-08,70.330189462832,70.627999561136,69.801706246572,69.997617558627,8902697.3567788
2021-06-09,70.340047288385,70.460208993555,70.007371617596,70.047840585658,9763471.5664486
2021-06-10,70.193425104098,70.738407207337,69.942102435772,70.566881042704,11275847.639536
2021-06-11,70.657054204873,70.985475445687,70.59178502305,70.985475445687,12100663.259954
2021-06-14,71.054895290902,71.709766207418,70.763726254022,71.704577878179,11426927.10345
2021-06-15,71.6485439224,71.6485439224,71.135729460441,71.262117160698,15079913.282201
2021-06-16,71.39732502066,71.534608212317,70.183567278544,70.878803396538,19202852.289271
2021-06-17,70.67261919259,71.997199647245,70.67261919259,71.69938954894,15864366.198103
2021-06-18,71.352809155791,71.633082701269,70.960156399002,71.044518632424,20816601.073263
2021-06-21,70.945074640436,71.714546018728,70.488508502933,71.674668985394,12276641.153138
2021-06-22,71.629716693271,72.363454106627,71.547994669113,72.323162766452,9253164.1560278
2021-06-23,72.333520437448,72.493235724207,72.086282830774,72.248173228441,8270926.9326268
2021-06-24,72.709400317893,72.920903959631,72.554760289923,72.699042646897,12278986.274933
2021-06-25,72.764710281011,72.821573894779,72.493235724207,72.615766972089,14385717.605601
2021-06-28,72.915725124133,73.459192121292,72.900706501189,73.378505864234,12557646.410123
2021-06-29,73.419418664668,73.941652436285,73.248206363104,73.906022048059,9829112.1661848
2021-06-30,73.791673360264,74.0073200704,73.599849293418,73.8263715581,11013591.766353
2021-07-01,73.731184561647,73.952010107281,73.454531169344,73.952010107281,11636711.577988
2021-07-02,74.309349756643,75.003210136664,74.289670181751,74.927288408264,12780428.153325
2021-07-06,75.087521578572,75.569981893565,74.494959220891,75.213678011303,11870639.64936
2021-07-07,75.697174093395,75.780967651753,75.018228759608,75.626327623783,14883700.212115
2021-07-08,74.434470422275,75.113415756061,74.097846114905,74.907608833371,17086732.149395
2021-07-09,74.821225857265,75.671383492615,74.711641698127,75.600537023003,9775818.332058
2021-07-12,75.902981016086,75.937679213922,75.414823982045,75.661025821619,9620229.3004481
2021-07-13,75.53072632049,76.516258715758,75.466094453475,75.972273835049,15202838.559074
2021-07-14,76.576229630825,76.918032773692,76.199313983281,76.525580619654,12886729.07758
2021-07-15,76.440751294197,76.496164834026,75.495510239103,75.902981016086,12506682.250303
2021-07-16,76.053477975657,76.410299741469,75.071985072078,75.148528260738,15080946.291933
2021-07-19,74.254454100364,74.460261023055,73.685196502425,74.112346854299,24253972.741297
2021-07-20,74.485637316995,75.631506459281,74.052790246072,75.213678011303,14715528.235937
2021-07-21,75.183226458574,75.957358788815,75.042569286449,75.941822282321,12233954.916032
2021-07-22,76.104126986828,76.556135749093,76.104126986828,76.496164834026,9578159.9974002
2021-07-23,76.837450093344,77.300748716994,76.561314584591,77.26035380011,12576156.362802
2021-07-26,77.064386664866,77.360201748511,76.772300342779,77.219544576386,8993372.1621478
2021-07-27,77.123839696383,77.148698106773,75.525547484992,76.48632504658,18089897.822839
2021-07-28,76.51107988026,76.797573060009,75.666204657117,76.395281118525,13941161.102331
2021-07-29,76.315112745016,77.008558818197,76.30475507402,76.747441932388,12030695.901451
2021-07-30,76.264981617395,76.777479178277,76.244784158953,76.697310804768,10149455.417219
2021-08-02,77.043774899584,77.148698106773,76.320291580514,76.425836247963,12205868.486166
2021-08-03,76.561314584591,76.953248855079,75.947001117819,76.912957514904,10825226.061287
2021-08-04,76.852883023128,77.26035380011,76.606784760263,77.069565500364,11322780.965473
2021-08-05,77.209704788939,77.515877543581,76.978625149019,77.495680085139,6674663.6407723
2021-08-06,77.224723411884,77.515877543581,77.204525953441,77.431566101673,7602833.6901709
2021-08-09,77.515877543581,77.658088366356,77.10478158175,77.179771119761,7198128.8099306
2021-08-10,77.320428291887,77.391274761499,76.405120905971,76.621285499657,10421346.656195
2021-08-11,76.888616988064,77.029274160189,76.249962994451,76.631125287104,10832259.495736
2021-08-12,76.550956913595,77.119282321144,76.244784158953,77.074744335862,6948711.7352812
2021-08-13,77.123839696383,77.515877543581,77.039113947635,77.495680085139,5631219.6074383
2021-08-16,77.31110638799,77.85353761805,76.651737052386,77.843697830604,9494214.4849065
2021-08-17,77.370559419507,77.495680085139,76.722065638448,77.199347117943,19052668.314764
2021-08-18,77.018916489193,77.365380584009,76.053477975657,76.138825184664,13481180.28214
2021-08-19,75.717371551838,77.164234613267,75.605715858501,76.878259317068,19291341.661403
2021-08-20,77.169413448765,77.938884827057,76.983700407807,77.869074124544,14769720.920781
2021-08-23,78.074363163684,78.98956697289,78.069184328186,78.878947046653,10802473.842174
2021-08-24,78.979209301894,79.071288997048,78.717574532535,78.788421002148,9537024.3019176
2021-08-25,78.974030466396,79.175176437138,78.613169208896,78.742950826475,9430451.1156842
2021-08-26,78.648281713572,78.80861846059,78.180840021523,78.245471888538,12056660.232631
2021-08-27,78.315800474601,79.060931326052,78.180840021523,79.005103479384,14088762.817098
2021-08-30,79.230589976967,79.94568358253,79.230589976967,79.849046512137,10026813.946903
2021-08-31,79.899695523307,79.924968240538,79.276060152639,79.42759287931,21971110.11618
2021-09-01,79.703728388063,80.064589645563,79.382019126928,79.446650993943,20290355.822406
2021-09-02,79.744537611787,79.849046512137,79.050573655056,79.362443128745,21771397.265597
2021-09-03,79.265702481643,79.889855735861,79.240326187703,79.677834210573,21204800.778581
2021-09-07,79.774574857676,79.869140393869,79.322048211861,79.698549552565,19724355.994619
2021-09-08,79.688191881569,79.714086059059,78.83440906137,79.392376797924,11466302.612432
2021-09-09,79.446650993943,79.723822269795,79.035555032112,79.099772592287,11161145.207719
2021-09-10,79.5325160865,79.729001105293,78.235632101092,78.315800474601,17080212.343927
2021-09-13,78.913541667779,79.120384357569,77.823500372162,78.341176768541,22637733.916325
2021-09-14,78.67831895946,78.839587896868,78.028789411302,78.24081093659,18431550.88378
2021-09-15,78.506588774347,78.98956697289,78.064005492688,78.929078174273,16339293.849511
2021-09-16,78.648281713572,79.055752490554,78.155463727583,78.974030466396,16148501.923337
2021-09-17,78.768223543706,78.773402379204,77.622872284969,77.737635279605,22662994.421327
2021-09-20,76.463412972377,76.855183610597,75.173433958804,76.192926831025,35669302.77676
2021-09-21,76.653869957228,76.839777480986,75.926576563394,76.221877947072,18454968.683608
2021-09-22,76.633810969682,77.562418016884,76.298288214067,77.266599648991,27990666.014008
2021-09-23,77.662609557775,78.485958618778,77.420971135627,78.300568079236,19534669.927229
2021-09-24,77.823598442364,78.485958618778,77.788546912579,78.355265009195,11652499.87096
2021-09-27,77.693525213839,77.873642514388,77.100957906466,77.592920085576,15014941.990376
2021-09-28,76.599173027268,76.774740866724,75.233300730915,75.294201471457,38190688.26953
2021-09-29,75.605529365803,76.001952861959,75.068175972605,75.198766185345,25011956.113483
2021-09-30,75.639546927159,75.966797935331,74.621605007583,74.661412792147,33416518.328159
2021-10-01,74.926729091348,75.95139180572,74.170484581467,75.786163650567,45483857.750747
2021-10-04,75.348898401417,75.438750258005,73.442570806575,74.02903770021,50773039.547823
2021-10-05,74.180307281555,75.514643540785,74.110100825141,75.083065118001,32967542.337769
2021-10-06,74.218977700846,75.629724227071,73.969170928099,75.576061265542,40004757.195751
2021-10-07,76.232217631375,76.855183610597,76.127373232548,76.26726916116,19895611.31488
2021-10-08,76.559468639547,76.614165569507,75.855853122766,75.981790477569,18426985.23735
2021-10-11,75.639546927159,76.574461181786,75.509990682849,75.560551739088,14970526.707804
2021-10-12,75.855853122766,75.95139180572,75.04336073028,75.168264116653,17853315.884738
2021-10-13,75.49499814061,75.79650333487,75.003139358343,75.629724227071,19523488.734785
2021-10-14,76.3978593739,77.370927063603,76.293118371916,77.337840073835,15200417.672602
2021-10-15,77.602639388821,77.969181197342,77.370927063603,77.953671670889,12779234.465482
2021-10-18,77.518060771227,78.656770203455,77.306924417771,78.616548831518,11630264.182396
2021-10-19,78.827168200759,79.394403281591,78.666592903542,79.394403281591,13201413.699617
2021-10-20,79.469779580156,79.585377250657,78.832234646067,79.174478196478,12025334.271628
2021-10-21,78.939146981755,79.51982365218,78.771333905526,79.480119264458,10023165.791967
2021-10-22,79.449617195766,79.781107474503,78.877729256998,79.204463280955,12490009.967661
2021-10-25,79.504417522569,79.751122390025,79.153902224716,79.46512672222,10337111.547471
2021-10-26,80.001446146988,80.333350013096,79.65041386492,79.689704665269,13189516.81801
2021-10-27,79.825981704375,80.227058058467,79.539469052354,79.621049161501,17448022.079103
2021-10-28,80.103188640524,80.478932768075,79.9560549329,80.418549011748,12756879.817773
2021-10-29,79.630871861588,80.815489492119,79.534299210203,80.76492843588,20131751.019786
2021-11-01,80.76492843588,80.80525320466,80.232227900618,80.644160923228,24421236.917292
2021-11-02,80.754588751578,81.558292412407,80.754588751578,81.356978759038,26814595.290347
2021-11-03,81.497391671865,81.999693535278,81.021456003424,81.827847982171,25978617.155313
2021-11-04,82.140106448105,83.310351917456,81.994523693127,83.108521279872,28691398.240261
2021-11-05,83.720217003205,84.011382513162,83.017635454854,83.540513290028,24224127.417584
2021-11-08,83.811516415595,84.13783685218,83.616406572808,83.991220128772,12780912.466424
2021-11-09,84.117674467791,84.207009340164,83.218949108222,83.645357688855,16823117.119628
2021-11-10,82.997990054679,83.414058951009,82.014169093301,82.265009834479,25788784.473523
2021-11-11,82.852510696544,82.888079210544,82.515850575656,82.647061169454,10103806.551937
2021-11-12,82.923647724544,83.796110285985,82.7812702717,83.655697373157,12244553.730724
2021-11-15,83.991220128772,84.112504625639,83.093011753418,83.57101535872,12490391.023783
2021-11-16,83.4697898494,84.563625051755,83.419228793161,84.449061349684,13538818.585294
2021-11-17,84.288486052467,84.724717333187,83.931353356661,84.198737592722,15417872.087479
2021-11-18,84.679326119099,85.155778771756,84.072283253703,85.036045227534,19968009.076563
2021-11-19,85.33744702495,85.97912783276,85.056621199296,85.65332438039,17717568.026395
2021-11-22,85.988950532847,87.122490122924,84.648824050407,84.699902090861,28465003.513736
2021-11-23,84.378337909055,84.774761405211,83.433704351184,84.504275263859,29241353.135756
2021-11-24,84.001559813074,85.140786229518,83.59117774311,85.120623845128,18241039.521431
2021-11-26,83.906538114335,84.553905748511,82.662467299065,82.992820212528,24767868.390282
2021-11-29,84.232238169862,85.297225653014,83.965887902231,85.071613741534,24979763.641231
2021-11-30,84.750566543943,85.52170019922,83.640187846704,84.362828382602,54066712.64304
2021-12-01,85.251214057868,85.893928834108,83.128580267419,83.203439581769,39091239.942834
2021-12-02,82.437475768643,84.35765854045,82.254670150176,83.971057744382,46872494.925733
2021-12-03,84.212179182315,84.469740718289,81.527376756342,82.566515028738,48470053.373054
2021-12-06,82.801846243462,83.601517427413,81.944479621103,83.349539320962,37800346.564509
2021-12-07,85.010196016778,86.365728628828,84.995720458754,86.260470642629,28691097.457383
2021-12-08,86.290869314478,86.717277895111,85.693132164954,86.65637715457,23261574.818406
2021-12-09,86.441104927393,87.009477373498,85.648257935081,85.71794740728,17201019.373286
2021-12-10,86.621222227941,87.549415687772,86.365728628828,87.438884462579,24777047.587366
2021-12-13,87.621173096831,87.790433728862,86.01469634676,86.140116717349,20973985.632108
2021-12-14,85.101598826011,85.64308809293,83.705224460966,84.724717333187,27094774.057441
2021-12-15,84.794406805386,87.058487477092,83.991220128772,86.973805462655,28270824.471004
2021-12-16,87.295886628676,87.433714620428,84.006729655225,84.504275263859,31275605.767147
2021-12-17,83.575668216657,84.760389244031,83.138919951721,83.941176056748,44823251.507828
2021-12-20,82.499742443535,83.044843554077,82.178275203979,82.785192968291,32649522.001019
2021-12-21,83.672401269564,84.948569450736,82.894997508544,84.879012815276,16810832.402266
2021-12-22,84.762603490646,86.050123644966,84.538453620882,85.990370986313,13376197.339533
2021-12-23,86.105748313383,86.818342627713,86.096047536331,86.471591447967,9792569.6762912
2021-12-27,86.818342627713,88.345492615178,86.797702676537,88.324852664003,13279140.908393
2021-12-28,88.490178672917,88.52113859968,87.643218276436,87.863240155966,11423963.070293
2021-12-29,87.893580884193,88.295440733578,87.483465054339,87.939401575803,9687771.9477684
2021-12-30,87.97500549158,88.270775991923,87.252194401419,87.359831746798,10526423.156433
2021-12-31,87.272215154059,87.483465054339,86.892543252188,86.931139960886,10243081.400907
2022-01-03,87.04816848405,87.838988213334,86.672005373879,87.759627601065,20302867.79458
2022-01-04,87.909060847575,88.00028943177,86.176336946403,86.833306592315,16647995.77676
2022-01-05,86.326286191692,86.391714836918,84.132981780042,84.161361712908,23628488.064551
2022-01-06,83.491079298488,84.59882547807,83.235040704158,83.736797917231,23767125.020408
2022-01-07,83.682205246372,84.082001100639,82.418937034684,82.965586141563,30488669.021229
2022-01-10,81.727498670309,83.086123456428,80.646068428476,82.98044690641,32501410.216547
2022-01-11,82.765585014674,84.096965065241,82.147934475751,83.977459747936,19207590.009864
2022-01-12,84.59882547807,85.179943303412,83.952175807746,84.367967624174,18143980.904712
2022-01-13,84.803367394218,85.049086012961,81.973733287831,82.183435191773,20942676.478612
2022-01-14,81.622338119071,82.929466227007,81.622338119071,82.879517545162,22351359.074466
2022-01-18,81.671874001892,82.158151251583,80.666605179895,80.892303045998,24709834.614762
2022-01-19,81.14679364399,82.142774487958,79.678983516154,79.758860127203,24961323.581761
2022-01-20,80.470835242997,81.371975511314,78.626346006211,78.732538555008,37609054.081801
2022-01-21,78.542341404927,79.443997672023,77.145119910111,77.164727863727,48016524.437468
2022-01-24,75.882367697202,77.620148386412,73.121774227497,77.565039716774,67429643.034292
2022-01-25,76.047693706117,77.209000558999,74.900318820278,75.77153115939,48886296.843782
2022-01-26,77.830882287912,78.737698542802,75.309918651353,76.213122914787,53596266.318711
2022-01-27,77.449662389703,77.86122301614,75.416523999174,75.691138549562,39456127.249567
2022-01-28,76.628398732436,79.018401878787,75.490724623649,78.997865127367,44236089.138128
2022-01-31,79.018401878787,81.091684974352,78.636665981798,80.985595625311,29121081.483828
2022-02-01,81.096844962146,81.331830806277,80.020058709327,81.196845525591,23389883.817954
2022-02-02,81.371975511314,81.988697252433,80.821714412978,81.852679974188,25504815.177486
2022-02-03,80.69601711032,81.246794207435,79.182799089899,79.479085589021,27865351.76917
2022-02-04,79.053489795785,80.500247173422,78.72221857942,79.79848883346,29721824.183975
2022-02-07,79.859273489671,80.335333963531,78.96226121159,79.2688676863,14622678.001305
2022-02-08,79.018401878787,80.465675255203,78.837079907711,80.250813363468,21139768.999105
2022-02-09,81.286938912471,82.053093900101,80.949991709533,82.02884195747,17795578.917765
2022-02-10,80.400246609977,81.762999386331,79.464121624419,79.884557429861,31692205.782966
2022-02-11,79.965982037248,80.315210011135,77.149763899125,77.445018400689,34878823.786137
2022-02-14,77.238928488203,78.041100190633,76.518078193403,77.419734460499,41030385.818491
2022-02-15,78.586717299954,79.50839431969,78.311586750786,79.45431764761,24445413.446629
2022-02-16,78.911280532187,79.649571585729,78.056064155235,79.373409039003,20318226.358043
2022-02-17,78.636665981798,78.717574590406,76.853477400003,76.999298655057,24906424.227088
2022-02-18,77.264109228637,77.375461765228,75.636545878703,76.217766903802,25310802.121643
2022-02-22,75.421683986968,76.72365210711,74.690100917557,75.51549256506,26893501.602007
2022-02-23,76.297540315094,76.503114228801,73.542726031719,73.622086643988,37879354.13981
2022-02-24,71.092867026959,76.197642951406,70.857881182827,76.142534281767,50967780.449774
2022-02-25,76.252235622265,77.200228579749,75.320238626941,77.175047839315,28301660.940809
2022-02-28,76.352236185709,77.359981801846,75.716422489752,77.034386572055,34822291.675665
2022-03-01,76.743776059506,77.139959922317,74.905478808072,75.495368612664,29924981.641295
2022-03-02,76.052337695131,77.449662389703,75.46141589298,77.129639946729,25592398.718002
2022-03-03,77.779901608509,77.785061596303,75.821995840014,76.207962926993,23450697.9153
2022-03-04,75.616421926307,75.932316379046,74.279469088923,74.875034880088,26732740.562807
2022-03-07,74.809090236083,75.155841415829,72.095452655302,72.135184561315,32864270.57103
2022-03-08,71.93931142466,74.014142516564,70.726507893596,71.784821390113,36898431.276767
2022-03-09,73.733335980823,74.965231466725,73.147058167687,74.624672272331,35327335.506022
2022-03-10,73.307740187587,73.523118078102,72.209797984814,73.32218815341,27448469.000073
2022-03-11,73.968837823734,74.153255787486,71.91929067202,72.029508011297,21457721.30162
2022-03-14,71.698752793712,72.515372461965,70.49162524922,70.697199162927,27852442.823904
2022-03-15,71.252104250277,73.216614803148,71.017634404925,73.071825545653,22993883.850194
2022-03-16,73.994018564168,75.471735868568,72.821462937896,75.446967927158,27176072.037879
2022-03-17,75.040464088759,76.032213742735,74.634992247919,75.982265060891,18518844.194565
2022-03-18,75.711262501958,77.67525705605,75.340878578116,77.535111787569,27897887.698848
2022-03-21,76.975097342735,77.654426922432,76.22994644364,77.2450780597,22341419.228003
2022-03-22,77.300186676097,78.758556378805,77.195737821842,78.354872887852,17485817.500091
2022-03-23,77.624657968902,78.339936907707,77.073880825211,77.149487786773,12360625.69768
2022-03-24,77.579850028467,79.17511571471,77.320169987464,79.155029396584,14263465.867802
2022-03-25,79.279976596004,79.389060754442,78.120429502956,79.110324462909,14875575.21123
2022-03-28,78.744135432458,80.085386449476,78.544611339073,80.050364151205,18592911.834678
2022-03-29,80.985253501521,81.825067612707,80.4047074043,81.749975684944,18829725.419435
2022-03-30,81.329811112452,81.560237233723,80.234437230647,80.660782208717,18680355.610534
2022-03-31,80.650481532755,80.798605253089,79.344870854565,79.465182749801,19424119.420621
2022-04-01,79.544909981748,79.730013128786,78.345087245688,79.230121324347,28209559.360038
2022-04-04,79.434795755713,80.77388363078,79.404511768385,80.73587413648,23048295.167682
2022-04-05,80.385136119972,80.569312206174,78.758556378805,79.034717501347,23588151.971302
2022-04-06,77.720763275628,77.900304057647,76.480458883037,77.164938800716,34225317.959599
2022-04-07,76.755074904186,77.805125811757,76.22994644364,77.285250695952,23200187.141157
2022-04-08,76.939663017426,77.119615826483,76.040207992419,76.204812794293,26354583.039028
2022-04-11,75.249837125851,75.344397331183,74.184747231375,74.285590849044,21595329.356978
2022-04-12,75.205029185416,75.774862579637,73.67568782533,73.954424116864,22172227.418998
2022-04-13,74.000159118135,75.374269291473,73.724513029391,75.143843170202,14446723.743979
2022-04-14,75.225115503542,75.359333311328,73.28230501034,73.32031450464,17407031.40848
2022-04-18,72.959790845968,74.035181416406,72.9403225684,73.560011234277,14060569.474623
2022-04-19,73.376350181873,75.069781310034,73.104824363514,74.939683772634,13562149.757421
2022-04-20,75.664851360362,75.864375453747,74.649204710504,74.87025721665,15652589.266374
2022-04-21,75.600060108561,76.310188709385,73.376350181873,73.600080863769,18509227.03543
2022-04-22,73.519323564227,73.949273778883,71.440235128046,71.539945671359,22094881.038727
2022-04-25,71.225260020718,72.665191513453,70.779961798879,72.615336241797,28707545.125137
2022-04-26,71.955989973466,72.064559098106,69.875356435891,69.910275727403,25953287.044937
2022-04-27,70.690448924768,72.309303158964,70.534599697463,70.944463593993,40048595.987273
2022-04-28,72.059408760125,74.204318515703,71.674678512942,73.785184010807,27762415.88936
2022-04-29,72.979877164094,73.83050698504,70.575287367513,70.710020209096,29589849.357741
2022-05-02,70.629777943352,71.879867978106,69.830136468418,71.784792738977,37004311.309692
2022-05-03,71.775007096813,72.348857754659,71.245861372642,71.910254972195,27469815.674471
2022-05-04,72.19105139892,74.570507546154,70.995863967043,74.434229603176,28650487.704618
2022-05-05,73.340915856564,73.429913696876,70.010089277475,70.854435686084,36442235.575892
2022-05-06,70.211158472254,71.409848133958,69.229916080109,70.283675231027,34862119.857277
2022-05-09,69.015559013339,69.46034220138,67.255173491424,67.56584187844,41124655.465392
2022-05-10,69.174395436674,69.564173015078,67.576142554402,68.594364373251,36370407.280087
2022-05-11,67.974160673576,69.26493837838,66.225208901979,66.430398367143,34781839.688961
2022-05-12,65.445035704613,66.700379084108,64.215444015023,65.745403415667,36506601.254654
2022-05-13,66.640635163528,68.263712674869,66.210272921834,67.930382800737,24495703.090708
2022-05-16,67.420293327096,68.234870782175,66.754354626149,67.330265419188,17423479.843575
2022-05-17,68.779982554087,69.384220206021,67.999294322923,69.280389392323,18602227.728154
2022-05-18,68.364968319576,68.565522480557,65.859534905326,66.109944337964,23670143.677779
2022-05-19,65.615305878266,66.509507558531,65.075241437575,65.384879756995,20874897.996226
2022-05-20,66.294635457963,66.474073233222,63.517573218594,65.52991327454,20252547.57732
2022-05-23,65.735102739704,67.119410582245,65.52991327454,67.035666086673,17219681.567838
2022-05-24,66.1001586958,66.435445698364,64.884987952556,66.040002748181,17122033.607286
2022-05-25,65.605520236102,67.305646803638,65.555046923888,66.809875269585,13656627.052269
2022-05-26,66.420097691181,68.710040964304,66.27918444402,68.415853658828,15556629.544542
2022-05-27,69.179545774655,70.745454534406,69.050993338648,70.730003520463,16281785.837927
2022-05-31,70.455387499314,70.914694640462,69.540069433327,70.225579418601,19420895.360363
2022-06-01,70.98051595986,71.457231243384,69.494746459094,70.015239615456,13304795.773103
2022-06-02,69.519983115201,71.714851149194,69.1944817548,71.709700811213,13868329.663634
2022-06-03,70.350011584223,70.834967408516,69.669651936929,69.994638263532,11263737.489408
2022-06-06,70.87452200421,71.314772894828,69.652655821592,69.999788601513,12589555.333821
2022-06-07,69.255152736216,70.970215283898,69.114239489055,70.834967408516,11016669.237832
2022-06-08,70.624627605371,70.965064945917,69.84033413762,70.035325933582,8814287.5607865
2022-06-09,69.525133453182,70.206008134273,68.150508246046,68.165959259989,9765205.7370388
2022-06-10,66.991373180036,67.200167881787,65.524762936559,65.545364288484,20886301.131364
2022-06-13,63.479563724294,64.085346477622,62.408911464799,62.640264646906,36332693.250306
2022-06-14,63.109769457257,63.454842101985,62.450011161887,63.034265502455,18250343.054434
2022-06-15,63.820516098638,65.314938167212,62.955053304307,64.36562787055,25069569.312865
2022-06-16,62.729777521016,62.785298164452,61.232265249653,61.745959959881,32690811.869102
2022-06-17,61.735762290679,62.900459721708,61.300146704243,62.310127982322,27684873.405455
2022-06-21,63.05551167624,64.180306771609,63.05551167624,63.729998322303,17244995.320365
2022-06-22,63.035991118319,64.339861647669,62.85958691858,63.459689964985,15163481.197446
2022-06-23,64.005443668547,64.532190513081,63.419621451358,64.410135656185,16042175.908393
2022-06-24,65.149759321837,66.739760134399,65.149759321837,66.724451907397,25492125.225711
2022-06-27,66.939280784308,67.138390475103,65.975581661677,66.274554417206,13917295.914303
2022-06-28,66.335068146761,66.994760264715,64.2593136613,64.289621895967,15262199.533663
2022-06-29,64.211128705169,64.805581063755,63.689416109783,64.420409634038,13607149.246135
2022-06-30,63.565306457316,64.35938220559,62.554347036561,63.56016946839,15720321.992875
2022-07-01,63.160100770786,63.864895651516,62.615374465009,63.704827076563,13930633.494153
2022-07-05,62.840580059551,64.52037543855,62.480477135797,64.50496447177,14341069.457735
2022-07-06,64.644998789909,65.580649953,64.324964379782,65.059451056507,16166923.111309
2022-07-07,65.344656681712,66.554623053484,65.344656681712,66.404828456384,13082247.394383
2022-07-08,65.694485627614,66.648527211062,65.489827988778,66.435136691051,12626921.320409
2022-07-11,65.854965161681,66.140170786886,65.069725034361,65.519006085881,11416687.058893
2022-07-12,65.759622647203,66.129896809032,64.244930092306,64.625067272874,16553391.727139
2022-07-13,63.409963912176,64.869690685559,63.129381577005,64.455752117853,15162655.811201
2022-07-14,63.940306648958,65.274896372089,63.113970610225,65.04455378862,13728815.850624
2022-07-15,65.670855478551,66.220205074362,65.395410132307,66.190513278366,13529291.379257
2022-07-18,66.841369775367,67.080342500232,65.299553918937,65.549828019441,9897691.1818347
2022-07-19,66.279691406132,67.620445515975,65.880136407421,67.550171507459,12330543.418538
2022-07-20,67.55993178642,68.890000959295,67.380445393324,68.605309032983,12537131.366295
2022-07-21,68.689966610493,69.585446520178,67.975411450803,69.570138293177,12957539.124781
2022-07-22,69.539316359617,69.825035683715,68.212945818769,68.609932323017,10583611.484632
2022-07-25,68.580651486135,68.6545213869,67.661027728495,68.17441840182,13951165.950327
2022-07-26,68.119555360084,68.139589616897,66.821335518553,67.07068496105,10167833.870446
2022-07-27,68.17441840182,70.320035936682,68.074966296201,69.954796024001,17073503.808005
2022-07-28,70.035857709263,71.180173362552,69.410069718224,71.020104787599,12408083.978911
2022-07-29,71.239659694322,72.334762993695,70.939043102338,72.109557399153,10177349.17225
2022-08-01,71.460241998831,72.675345359529,71.284762457098,71.955242251798,12516005.177092
2022-08-02,71.334591249686,72.271167070784,70.830858115543,71.445344730943,15921799.943244
2022-08-03,71.794659977952,73.549352655501,71.780276408958,73.344695016665,14243529.827582
2022-08-04,73.319010072032,73.715585617165,72.85020846259,73.680654092465,11679825.644417
2022-08-05,72.499865817796,73.715585617165,72.440379486026,73.509386881652,7921027.3919988
2022-08-08,73.445277259848,74.014558372694,72.490721977507,72.884626288398,11102825.17929
2022-08-09,72.295721877853,72.440379486026,71.765892839963,72.153735503922,8565723.1558636
2022-08-10,73.870414463413,74.1849009255,73.279044298183,74.124387195944,19273103.643911
2022-08-11,74.59010661203,75.025517793449,73.700688349278,73.835071979598,11025813.138647
2022-08-12,74.319798254712,75.310209719761,74.090483069029,75.305072730834,8093917.5836441
2022-08-15,75.005072577521,75.890278509353,74.919901301118,75.780038726988,7162565.5662736
2022-08-16,75.43483307112,75.929833324087,74.869661549416,75.574867389259,10990681.663267
2022-08-17,74.884969776417,75.610312612853,74.494661357774,75.034764373517,12632759.370759
2022-08-18,75.110689069852,75.724148287466,74.82034645572,75.42507279216,9976865.9680395
2022-08-19,74.80493548894,74.89524375427,73.889421322442,74.055654284106,10146529.561334
2022-08-22,73.04407842468,73.069763369313,71.810070944732,71.990584735613,10744247.415873
2022-08-23,71.849009320796,72.559968588237,71.702296917052,71.799796966879,14777365.901435
2022-08-24,71.750584612962,72.148598514995,71.449968020977,71.843872331869,8983271.2624777
2022-08-25,72.031064208354,73.064626380387,71.935207994984,73.05948939146,7126615.517979
2022-08-26,73.029283896572,73.205174397418,69.889659004412,69.939898756114,14321889.934204
2022-08-29,69.184350424789,69.690138354502,68.749966641156,69.014624310654,13231527.451428
2022-08-30,69.404932729298,69.523391693945,67.67541129749,68.29544586093,13268781.765722
2022-08-31,68.704247439709,68.923802346432,67.595377010013,67.630205794936,14171323.13115
2022-09-01,66.969589018975,67.385582382251,65.890410385274,67.299897406955,15988607.562436
2022-09-02,67.995959406509,68.380103438441,66.074006369511,66.424862713198,16606527.913317
2022-09-06,66.51568467742,66.800890302625,65.549828019441,65.985341940638,14990207.512663
2022-09-07,66.114588582031,67.310171384808,65.890410385274,67.040376726383,11656949.402775
2022-09-08,66.545376473416,67.620445515975,66.24486262121,67.270205610959,11210601.350879
2022-09-09,67.829212745952,68.785309124971,67.699966104559,68.600172044056,11418629.831233
2022-09-12,69.024384589615,69.730104128351,69.014624310654,69.699898633463,10180953.423742
2022-09-13,67.710240082412,68.088836166302,65.820136376758,65.999622769854,20148713.863101
2022-09-14,66.309485941906,66.724451907397,65.605718458962,66.240239331176,13229161.279304
2022-09-15,65.709382895501,66.109451593105,64.324964379782,64.714759099532,14885285.15295
2022-09-16,64.149587577828,64.487601449198,63.439655708172,64.354245216664,20762119.89629
2022-09-19,63.555154708811,64.780047611406,63.514775876513,64.719684331651,15683273.239076
2022-09-20,64.114411784569,64.745202933788,63.780825238556,64.339979829968,12109643.562614
2022-09-21,64.674181282057,65.624211168858,63.324872383499,63.335120818092,16808703.654322
2022-09-22,62.979602622049,63.380726352032,62.335386023513,62.690494282171,16034247.816436
2022-09-23,62.119963928361,62.214659464003,61.05525405846,61.870312061667,19396677.432997
2022-09-26,61.680511052999,62.714578103466,61.264527092855,61.441005136553,17194089.340695
2022-09-27,62.254525874571,62.839916458542,60.95041257257,61.519303176846,18714717.672572
2022-09-28,61.109980699188,62.469435547993,60.639270098316,62.170693679598,18933393.996218
2022-09-29,61.279387323016,61.420610751712,59.834972951432,60.550313686046,31096685.752124
2022-09-30,60.305683552303,61.199552017534,59.279815249511,59.390395858773,19512911.769973
2022-10-03,59.859569194456,61.594526686761,59.630311712603,61.229682415238,17332279.225902
2022-10-04,62.469435547993,63.355105265549,62.424957341858,63.284493551201,17779079.169669
2022-10-05,62.430081559155,63.954228751875,62.064212444173,63.495816272515,14600311.748818
2022-10-06,63.329996600795,64.025352887953,62.900792160027,62.974478404753,14348219.590111
2022-10-07,61.690247065862,61.695371283159,60.059618637718,60.384494014326,15748925.216836
2022-10-10,60.384494014326,60.469965958834,58.775387298827,59.370411411316,16706191.41302
2022-10-11,59.030163382817,59.436923751827,58.024279527482,58.460145450736,21044811.091477
2022-10-12,58.505238562947,58.903800184282,58.180875608068,58.279568033202,14111641.995951
2022-10-13,56.705203510974,60.402428774864,56.485272104602,60.089236613692,38114617.061048
2022-10-14,60.579931662021,60.710394234394,58.304676697956,58.399782170982,22484423.147898
2022-10-17,59.830361155865,60.480214393428,59.669768185787,60.179832775497,14599527.238762
2022-10-18,61.740361911024,61.960395801743,59.926081534966,60.689897365207,13997983.662145
2022-10-19,60.15984832804,61.115104916485,59.90558466578,60.515469008429,10983989.698608
2022-10-20,60.535965877616,61.865187844371,60.250444489845,60.550313686046,12429647.556408
2022-10-21,60.399866666216,62.300643830241,60.195205427387,62.170693679598,17125905.26891
2022-10-24,62.435205776452,63.259384886447,61.675386835702,63.03022988894,13385181.780764
2022-10-25,63.185288704337,64.280641393673,63.185288704337,64.235138344078,10264989.159267
2022-10-26,62.615783193986,64.129784436459,62.514426175858,62.805071780925,15169379.146077
2022-10-27,63.040478323534,63.425204558167,61.945023149853,62.089321108927,11694841.676406
2022-10-28,62.435205776452,64.925370413939,62.435205776452,64.790296045999,14935443.906683
2022-10-31,64.145054604003,64.320610288587,63.555154708811,63.934244304418,13292265.15127
2022-11-01,64.729932766244,64.845022686727,63.125847783696,63.400095893414,9413279.5717679
2022-11-02,63.355105265549,64.170163268757,61.18930358294,61.209800452127,18095239.649642
2022-11-03,60.353748710546,60.464841741538,59.365799615749,59.409765400154,16010697.878365
2022-11-04,60.644394315613,60.809189143874,59.110511110029,60.495484560972,17896287.313904
2022-11-07,60.599916109478,61.604775121354,60.170096762634,61.503930524956,10427627.656378
2022-11-08,62.014610020741,62.845040675839,61.179567570077,62.094445326223,12721945.855501
2022-11-09,61.519303176846,61.544411841599,60.389618231623,60.480214393428,11962547.927054
2022-11-10,63.465070968735,65.519882104698,63.145319809423,65.450295233809,27932115.621471
2022-11-11,65.389931954055,66.789765635158,65.070180794743,66.569731744439,15977825.540943
2022-11-14,66.045319346298,66.825122734505,65.684676932959,66.000328718434,14526559.997454
2022-11-15,67.501006995935,67.775255105653,66.129766447347,66.799501648021,12716115.696812
2022-11-16,66.285337684474,66.47923806698,65.608941001314,65.88523879795,10095985.787657
2022-11-17,64.834774252134,66.275089249881,64.809768071726,65.970095836383,8160309.6783604
2022-11-18,66.714029703513,66.73401415097,65.490674066107,66.045319346298,11912341.234967
2022-11-21,65.670329124528,65.939453016949,65.205255162683,65.334180469867,8363845.1530716
2022-11-22,65.619189435908,66.635834147566,65.149913615879,66.599964626489,9019193.0443847
2022-11-23,66.454641823956,67.389913964943,66.409651196091,67.189864521681,9480605.9515888
2022-11-25,66.73401415097,67.00467530858,66.605088843786,66.799501648021,3262931.4941192
2022-11-28,66.045319346298,66.469502054116,65.105435409744,65.369435084868,13040249.101748
2022-11-29,65.284987983819,65.48052811586,64.464908247661,64.729932766244,11570225.571539
2022-11-30,64.699699884194,67.989652357345,64.635749652332,67.979403922752,23334453.454543
2022-12-01,68.045403841533,68.400409615846,67.235982477351,68.075021817507,15165809.820472
2022-12-02,66.935088437691,67.905205256296,66.676212979864,67.679534726551,8934381.0672886
2022-12-05,67.159734123977,67.537798876125,66.114906217187,66.555486420354,11526567.196601
2022-12-06,66.484362284277,66.585104396329,64.709948318787,65.129519231038,11799695.738771
2022-12-07,64.894625110159,65.299848213979,64.334958097017,64.800544480592,10413889.948564
2022-12-08,65.159649628743,66.050443563595,64.769799176812,65.859617711467,8965785.8635108
2022-12-09,65.564360310833,66.375318940204,65.21037937998,65.455419451106,10402947.789644
2022-12-12,65.559748515266,66.88548601426,65.539354130426,66.88548601426,14806195.874904
2022-12-13,69.31938674583,69.665783835084,66.990327500149,67.674410509254,18607505.201243
2022-12-14,67.608923012203,68.400409615846,66.320079877745,67.105007483249,19540955.07721
2022-12-15,66.00545293573,66.249468163397,64.350228264561,64.595370820034,19226175.295906
2022-12-16,64.374824507585,64.754938946652,63.415468545304,63.740343921912,23999243.763536
2022-12-19,63.564816277908,63.665371851855,62.29448463184,62.710809233729,14276567.104686
2022-12-20,62.380222565317,63.12509002314,62.077125174742,62.80472241712,12622073.830268
2022-12-21,63.09494378908,64.142908637478,62.940840328195,63.845431731219,14670551.390639
2022-12-22,63.044461620859,63.112316195148,61.177745493538,62.234805307465,15324905.943226
2022-12-23,61.79048047462,62.359784440531,61.333279623159,62.299594163037,8231591.7806695
2022-12-27,62.084789471537,62.194542201637,61.344520591791,61.710873978578,9530209.9405066
2022-12-28,61.56034718953,62.135782592878,60.644617008497,60.714515395265,10362963.443007
2022-12-29,61.309877970279,62.515420760776,61.302213673484,62.304703694233,10954285.794083
2022-12-30,61.659778666614,62.255243432251,61.276155064382,62.219476713876,8905869.8832037
2023-01-03,62.884737675657,63.300551324427,61.189906177786,61.629223670059,15196139.726777
2023-01-04,61.950102229198,62.184834092364,61.109379966129,61.79048047462,11813003.518133
2023-01-05,61.480229740369,61.639442732452,60.484893063296,60.590966930934,11341029.689758
2023-01-06,61.124606369095,62.644487518799,60.404775614135,62.364893971728,13825479.732602
2023-01-09,62.925613925229,64.236719630245,62.905175800443,63.089834257884,21427265.201057
2023-01-10,62.935832987622,63.580144871498,62.599625834894,63.479691488175,17209053.359067
2023-01-11,63.680189492325,64.579569173529,63.484187875628,64.579569173529,13757971.582297
2023-01-12,64.680124747476,65.354582865411,63.890293415124,65.06017167787,15358669.314731
2023-01-13,64.445392884309,65.339254271821,64.294866095261,65.24534108843,10153163.373533
2023-01-17,65.15459581438,65.924908737561,65.074989318339,65.54077418221,10425717.732524
2023-01-18,65.910091097092,66.26009398405,64.655088044613,64.694329244202,13935921.371629
2023-01-19,64.189814133862,64.550036083213,63.705124004564,63.93985586773,14645025.565474
2023-01-20,64.259712520629,65.717768342856,64.02957923554,65.669840940233,14127871.466909
2023-01-23,65.934616846835,67.550352801785,65.785111964026,67.164685387075,23472875.570792
2023-01-24,66.785558172296,67.390220094087,66.685104788973,67.134028199896,12575677.205826
2023-01-25,65.999916655526,67.164685387075,65.384626908846,66.99474237948,14342293.291118
2023-01-26,67.650397422612,68.095233208577,66.950391648694,68.064576021398,11161739.268627
2023-01-27,67.636090735262,68.829370650887,67.605433548083,68.349279099666,13549319.367641
2023-01-30,67.565681395374,67.860603536035,66.987078082685,67.045837691445,9705913.9269348
2023-01-31,67.045837691445,68.01000622822,66.999851910676,67.979962184785,8871605.4872605
2023-02-01,67.930399732179,70.135469015331,67.605433548083,69.580369546145,18852749.165404
2023-02-02,70.770583743053,71.880782681424,70.446128512077,71.479275720004,18824051.816399
2023-02-03,70.249718132884,72.045003014078,70.145688077724,70.88493505123,16145325.633175
2023-02-06,70.099702296955,70.649692234944,69.754297988074,70.020095800914,12977457.706044
2023-02-07,70.125249952938,72.039995673506,70.094592765759,71.769088329469,15708143.646394
2023-02-08,71.910315771739,72.295574423954,70.760466871284,70.904760032272,12577077.52999
2023-02-09,72.000141330173,72.120010932043,70.234900492414,70.514494039486,12624027.042729
2023-02-10,69.989540804359,70.430799918487,69.525288799847,70.190549761629,9861569.107306
2023-02-13,70.466055683743,71.560926028524,70.420683046718,71.405289708279,8411827.4940036
2023-02-14,71.07010446179,72.115412353966,70.624757722705,71.70930681447,12621945.638469
2023-02-15,71.275201044017,72.050112545275,71.105258036422,72.045003014078,10492453.79634
2023-02-16,70.999695121903,71.80475285722,70.741050652737,70.795109492796,13001291.595165
2023-02-17,70.289572476217,70.370098687873,69.299754092835,69.910445261438,10606677.582742
2023-02-21,68.974787908739,69.389579651269,68.18761353261,68.249336669463,12277713.470709
2023-02-22,68.389644396118,68.699792939745,67.82483681766,68.150313954875,14338387.844761
2023-02-23,69.419112741585,69.540617393437,68.304928368881,69.279826921169,13120415.048295
2023-02-24,68.049349618433,68.339570990393,67.650397422612,68.044751040356,14347583.404626
2023-02-27,68.730450126923,69.080861776378,68.285001197214,68.40998033028,9388975.8483266
2023-02-28,68.190168298208,68.919707162441,68.069685552595,68.259555731856,10486297.654262
2023-03-01,68.289599775291,68.399863458511,67.550352801785,67.759537008969,15069353.143999
2023-03-02,67.574878551528,68.809443479221,67.458994383992,68.594740978345,10971263.868326
2023-03-03,69.034978186233,70.072213019118,68.969678377542,70.06965825352,14439667.195077
2023-03-06,70.519092617562,71.360428024374,70.347207988113,70.405354453129,15999229.059675
2023-03-07,70.349762753711,70.619648191509,69.355345792253,69.530398331044,14120109.502362
2023-03-08,69.774736112859,70.190549761629,69.365564854646,70.104811828152,13246947.204601
2023-03-09,70.215075511372,71.004804653099,68.964568846346,69.099767041805,15624589.992725
2023-03-10,69.000335564721,69.172220194171,67.615652610476,67.885027095154,30556803.353629
2023-03-13,67.458994383992,69.200322615751,67.040728160248,68.25444620066,34439491.263173
2023-03-14,69.134511853941,70.074767784717,68.849808775673,69.830327812277,21202101.686879
2023-03-15,69.065635373412,69.954795992223,68.727895361325,69.87018215561,23060033.390387
2023-03-16,69.625231230051,71.929731990286,69.394689182465,71.830300513202,26089095.041027
2023-03-17,71.970097286738,72.59039437399,71.309843665529,71.729233986136,23079061.554863
2023-03-20,71.445781697644,71.855072871733,70.910766553038,71.764425175229,11981615.876553
2023-03-21,72.154852655446,72.474107928508,71.403057980169,72.344815151043,13066399.966969
2023-03-22,72.344815151043,73.784879737904,71.584251407263,71.624425976917,14224491.889315
2023-03-23,72.539773976369,73.775192976186,72.104991324073,72.789692428709,17595817.565395
2023-03-24,72.560065193022,73.014731198319,72.080111641343,72.979552958394,11875409.795523
2023-03-27,73.090593837463,73.340002460238,72.244480692821,72.415579494545,10810585.316545
2023-03-28,72.29026338768,72.315754865887,71.422839367258,72.075013345702,9968015.5045583
2023-03-29,72.979552958394,73.750313293456,72.875241829571,73.584822616937,14256585.948097
2023-03-30,74.26544508506,74.545443481684,73.939663993576,74.440112693733,11202417.242451
2023-03-31,74.349974826794,75.572240223856,74.255248493777,75.505044687303,15069765.54607
2023-04-03,75.045382352277,75.490259629943,74.685442679996,75.384826876079,21142119.363449
2023-04-04,75.495357925584,75.754963139643,74.690540975637,74.970539372261,15824729.610682
2023-04-05,74.614678336494,74.685442679996,73.579724321296,74.115249295465,15737559.302943
2023-04-06,73.574626025654,74.629973223418,73.254453059376,74.535246890401,15696013.065749
2023-04-10,73.795076329187,74.509755412194,73.390373621175,74.494562491183,9517175.6236089
2023-04-11,74.364759884154,74.374854509524,73.669862188235,73.795076329187,12750793.514699
2023-04-12,74.295525029344,74.494562491183,73.25241374112,73.375078734251,13235771.274705
2023-04-13,73.659665596952,74.854910027115,73.540059581206,74.739892477446,13641795.198308
2023-04-14,74.31989488251,74.934341473208,73.674450654312,74.324993178151,13003695.678618
2023-04-17,74.419719511168,74.759775830447,74.014506973592,74.594794983492,8306423.9461442
2023-04-18,75.164478538459,75.365045488991,74.499660786824,74.824932048744,9213059.285706
2023-04-19,74.149917705826,74.749579239164,74.050093077168,74.609580040852,8623211.1851765
2023-04-20,73.924369106652,74.854910027115,73.789978033546,74.119837761542,11416251.448368
2023-04-21,73.795076329187,74.012977484899,73.400570212458,73.880115900485,12237747.551107
2023-04-24,73.584822616937,73.944762289218,73.0050444366,73.55535446813,9079935.3855358
2023-04-25,73.194395136721,73.334904164597,71.95989383012,71.984875478762,11022645.400159
2023-04-26,73.250374422863,73.810371216111,72.880340125212,73.055415597537,13603395.110559
2023-04-27,73.400570212458,74.657911883533,73.219886614928,74.604481745211,12084767.995808
2023-04-28,74.604481745211,75.429691877723,74.525050299119,75.414906820363,11791939.743974
2023-05-01,75.354848897708,75.824197994452,75.235242881961,75.460179685659,8194377.6781003
2023-05-02,75.550317552598,75.634337464768,74.364759884154,74.754677534806,12058869.144646
2023-05-03,74.844713435832,75.329357419501,74.090369612735,74.12442622762,11630197.456353
2023-05-04,73.830254569113,74.270543380701,73.464706771626,73.770094680544,10860909.977578
2023-05-05,74.4843658999,75.875078984953,74.379442975601,75.619042577844,12229995.941005
2023-05-08,75.475474572583,75.644534056051,75.114515241174,75.579887667318,6795685.7422824
2023-05-09,75.164478538459,75.304987566335,74.920066245412,75.000007521069,12473399.832676
2023-05-10,75.654628681421,76.089921163281,75.179773425383,75.914845690956,10551819.428334
2023-05-11,75.790549243219,75.790549243219,75.049868852441,75.574789371677,8957091.3913747
2023-05-12,75.70510180827,75.815021062298,74.890088267041,75.475474572583,7907955.488663
2023-05-15,75.550317552598,76.114902811923,75.277966599436,76.100117754563,6796921.4493585
2023-05-16,75.9946850007,76.594856363602,75.970315147534,76.180568859784,9398475.1710323
2023-05-17,76.500231996498,77.32544212901,76.147429938115,77.195129692417,11916611.800031
2023-05-18,77.289754059521,78.889701197696,77.289754059521,78.775703307155,15491207.367248
2023-05-19,78.795586660156,78.929977733262,78.470315398236,78.740117203578,9805101.2566555
2023-05-22,78.505391672249,79.093836955176,78.375079235656,78.889701197696,10794177.87259
2023-05-23,78.495195080966,78.818936854193,77.694456767533,77.724536711817,11690951.092821
2023-05-24,77.110090121119,77.465441327322,76.734855561914,77.155362986414,10925503.132461
2023-05-25,79.204877834245,80.430100242779,78.790488364514,80.115025572142,18077997.331522
2023-05-26,80.319671159187,82.534574717624,80.309984397468,82.390496882799,15159995.699902
2023-05-30,83.600016540757,84.019504306129,82.655200392499,82.829358171608,18123689.07174
2023-05-31,82.354910779222,83.130157614449,82.095305565163,82.140578430459,19301019.776396
2023-06-01,81.879953557272,83.325626269339,81.614740218008,82.975985154254,17419455.686201
2023-06-02,83.464095978959,83.834742072086,82.859336149979,83.449412887511,14270541.592297
2023-06-05,83.39995941979,83.954857917397,82.823240216838,82.970886858612,10908995.655076
2023-06-06,82.769810078517,83.130157614449,82.354910779222,82.950493676047,9975663.1583514
2023-06-07,82.789591465605,83.434627830151,81.540407067557,81.709874414676,13703759.043135
2023-06-08,81.830092225899,82.72341558818,81.773093280629,82.594632640279,10667443.362579
2023-06-09,82.995766541342,83.855135254652,82.725454906437,83.005963132625,14415563.586314
2023-06-12,83.575646687592,84.843184949949,83.405057715431,84.81004602828,13792039.525802
2023-06-13,85.565511476418,85.730492323373,84.634970555956,85.325279785797,16595879.47655
2023-06-14,85.224945327575,86.234407864566,84.92975400994,86.203920056631,16769035.382386
2023-06-15,85.854686805197,87.705062225276,85.835823111324,87.315144574624,17732671.143352
2023-06-16,88.145453002777,88.150551298419,86.509817795113,86.594347536847,17366667.456775
2023-06-20,85.920768962077,86.449579469234,85.370081553046,85.830412269686,14139161.970131
2023-06-21,85.499613162746,85.665775863956,84.309916712933,84.559313394296,12057925.707227
2023-06-22,84.179367572913,85.284812512254,84.164613383277,85.249707716224,15225169.903838
2023-06-23,84.199718179307,84.822039722846,83.970570351307,84.325179667729,14728913.438339
2023-06-26,84.400883923516,85.140017947758,83.659714838634,83.720156139625,10890261.238682
2023-06-27,84.054923614812,85.565142115336,83.975658002906,85.370081553046,13832903.774221
2023-06-28,84.894589634642,85.88067826748,84.829569447212,85.419940538712,11371683.748172
2023-06-29,85.509788465943,85.724182104308,85.054647153934,85.570229766935,9128291.1378816
2023-06-30,86.419664077834,87.150657859519,86.355152655564,86.929141508917,11398443.638735
2023-07-03,86.913878554121,86.95457976691,86.305293669898,86.745273780144,6182199.0736832
2023-07-05,86.14025025204,86.854963548609,86.064545996253,86.210358091069,9396397.1537061
2023-07-06,85.360516768041,86.059458344655,85.09728167433,85.979683967589,12116419.295915
2023-07-07,85.840485819851,86.639043614765,85.555577330331,85.605843328125,11622509.689232
2023-07-10,85.294987815451,85.835398168253,84.970802655589,85.830412269686,16877101.023165
2023-07-11,86.009192346861,86.110233107608,85.175020990756,86.014279998459,9997359.098673
2023-07-12,86.874805389844,87.397510715083,86.3998222366,86.990091575068,16104563.846859
2023-07-13,87.584431034815,88.315526569531,87.410229844079,88.124943140648,9349221.1638905
2023-07-14,88.345441960931,89.035327517699,87.740927197987,87.994902765789,11543821.124922
2023-07-17,88.159539171519,89.376708939964,88.059922953218,89.119680781204,11860559.598219
2023-07-18,88.914953680877,90.565896624618,88.44912830051,90.129986635651,16406769.092287
2023-07-19,90.355064342373,90.730533030348,89.561085433897,89.905010681962,20989929.819425
2023-07-20,89.330920075577,89.706897528713,87.83240317373,88.110290704044,24356045.731285
2023-07-21,88.670542898081,89.114593129605,87.96040848795,88.065010604817,14871415.334539
2023-07-24,88.454114199077,88.670542898081,87.879616580565,88.21947170735,11308259.593875
2023-07-25,88.503973184743,89.525471872707,88.488710229947,89.229879314829,10802205.87732
2023-07-26,88.295175963137,88.509060836342,87.410229844079,88.030007561819,15501527.270838
2023-07-27,89.219704011632,89.489960064549,87.374718035921,87.775523228858,13856949.249354
2023-07-28,88.590259755855,89.234966966428,88.405883261922,88.970307330269,11287747.182996
2023-07-31,89.049572942175,89.285741729382,88.665455246482,89.175034430597,10139703.751401
2023-08-01,88.884936536445,89.515398322542,88.650802809878,89.325832423979,8848613.9680857
2023-08-02,88.539484992901,88.595347407454,86.800627429537,87.115044298329,15826847.306601
2023-08-03,86.404401123039,87.270014166022,86.350065003966,86.76053673494,11321865.085261
2023-08-04,86.46484242403,86.98246009767,85.444768278513,85.580405070132,14431701.655909
2023-08-07,85.940610803312,86.23569459603,85.200459248749,85.820236966489,9535995.9423097
2023-08-08,85.219792324824,85.270058322618,84.304829061334,85.160368554152,11461801.947329
2023-08-09,85.274637209057,85.274637209057,83.770422137419,84.06001126641,14301781.202987
2023-08-10,84.700546602672,85.435101740476,83.654627187035,84.070186569607,12731313.995244
2023-08-11,83.400651619234,83.940146194748,83.160310957716,83.449900086708,10771911.939731
2023-08-14,83.365038058043,84.789478752616,83.165398609315,84.780320979738,10328005.757038
2023-08-15,84.529906768056,84.829569447212,83.750173284056,83.945233846346,9366345.9607269
2023-08-16,83.76533448582,84.245405290663,83.141079634674,83.145658521112,9779463.8716672
2023-08-17,83.515429039298,83.667346316031,82.230695257623,82.354630450564,12614733.685349
2023-08-18,81.519543317172,82.815876944492,81.469175566346,82.480091938985,13658667.197124
2023-08-21,82.904809094435,84.225054684268,82.826052247689,84.054923614812,13132845.027866
2023-08-22,84.80982935901,84.859586591644,83.775509789017,83.96039504811,11365559.114951
2023-08-23,84.164613383277,85.724182104308,84.159525731679,85.474276657785,10113241.640662
2023-08-24,86.550721983014,86.555809634613,83.439724783511,83.5052537361,13928905.827533
2023-08-25,83.839512446128,84.819495897047,83.095799535446,84.35519681216,15686579.250471
2023-08-28,84.995223383262,85.224879976423,84.390708620318,85.044980615897,8964297.990192
2023-08-29,84.799654055813,86.835223460407,84.710721905869,86.750361431742,13713877.34557
2023-08-30,86.765624386538,87.493056812104,86.46484242403,87.40514219248,12266659.536464
2023-08-31,87.604272876049,88.164626823117,87.510354827539,87.829350582771,11963489.209229
2023-09-01,88.380546756961,88.493797881546,87.649451222245,88.100624166007,9244659.1690897
2023-09-05,87.879616580565,88.690893504475,87.594097572852,88.416058565119,10060369.506086
2023-09-06,88.070098256416,88.290088311538,86.939316812114,87.480846448267,18143225.457038
2023-09-07,85.855240009487,86.404401123039,85.540314375535,86.215445742667,12513845.291155
2023-09-08,86.210358091069,86.949492115311,86.16965687828,86.394734585001,8584961.8735962
2023-09-11,87.155745511118,87.234502357864,86.084896602647,86.845297010572,8272767.736631
2023-09-12,86.120408410806,86.424242964273,85.114579689765,85.270058322618,12243413.054721
2023-09-13,85.234953526588,85.943154629111,84.995223383262,85.484451960982,10008759.250369
2023-09-14,86.009192346861,86.316995268575,85.469189006187,86.10514545601,9473261.6937443
2023-09-15,85.794798708496,85.820236966489,84.225054684268,84.44962362583,13116817.987016
2023-09-18,84.024681176673,84.954852316369,83.999297180939,84.674511467477,9943805.8389153
2023-09-19,84.314566407962,84.844888846847,83.854811477218,84.629937170967,8237333.9558823
2023-09-20,84.860017708305,84.97008271381,83.264785880365,83.300323474393,10766129.094021
2023-09-21,82.424880229501,83.010336707122,81.989900078594,82.030514471769,14742823.742716
2023-09-22,82.390357995302,82.96119329138,82.020360873475,82.204851754474,12537865.524737
2023-09-25,81.994976877741,82.595156072888,81.785609680922,82.469962205925,10577337.894632
2023-09-26,81.929080024814,81.974669681153,80.704860678529,80.984693847506,14925955.86457
2023-09-27,81.37499816592,81.535221946997,80.305925801565,81.109887714469,11665141.418111
2023-09-28,80.724660195202,82.204851754474,80.345017154996,81.684784449865,12829317.866494
2023-09-29,82.489761722598,83.255139961985,81.684784449865,81.964617618842,15883815.306964
2023-10-02,82.005130476034,83.083848758769,81.878921249242,82.844528446984,13656153.807514
2023-10-03,82.375635277776,82.940886094792,81.01972376162,81.440387338933,14838715.856214
2023-10-04,81.50526883203,82.675775643341,81.50526883203,82.454731808484,15194223.322192
2023-10-05,82.449655009337,82.699636599331,81.574211764445,82.564796813989,12022955.455546
2023-10-06,82.000053676887,84.470728749721,81.760834901085,84.11027601029,16625531.670176
2023-10-09,83.595285504828,84.674511467477,83.210565665476,84.545256161197,13139159.748059
2023-10-10,84.604553175233,85.355310233077,84.369903518663,84.674511467477,20403201.309064
2023-10-11,84.934545119782,85.499795936798,84.664357869184,85.460196903452,10389271.561422
2023-10-12,85.534216635014,86.414736679054,84.889970823272,85.539293434161,15405833.033137
2023-10-13,85.710686173361,85.854054981269,84.019604377526,84.314566407962,15191937.43306
2023-10-16,84.454990672365,85.509949535092,84.439861810907,85.125128159757,14544177.908832
2023-10-17,84.055040435572,85.167773272591,83.450292121193,84.729747042196,15318271.956337
2023-10-18,84.13515232611,84.820520210942,83.51517361429,83.859888276365,12862901.03476
2023-10-19,84.195464699975,84.760207837077,83.23594966121,83.379826149033,19991729.446666
2023-10-20,83.340328651671,83.399625665706,81.883998048389,81.969592882006,15350451.681253
2023-10-23,81.460186855606,82.9003732376,81.004493364179,82.065950529814,15158933.36984
2023-10-24,82.390357995302,82.754872174049,81.740527704498,82.630693666916,11180349.735639
2023-10-25,83.025059424648,83.124361615961,81.413074159522,81.654323654983,15529613.781954
2023-10-26,81.800840078363,82.159769778049,79.749914758996,80.095035565003,20646479.596083
2023-10-27,80.585251290628,81.37499816592,80.205100570508,80.559867294893,16231559.02282
2023-10-30,80.984693847506,81.71260530919,80.739890592643,81.425258477475,14180951.996866
2023-10-31,81.465263654752,82.075596448193,80.830054545492,82.005130476034,10893519.400646
2023-11-01,82.149616179755,83.699258351357,82.149616179755,83.590208705681,20945767.583658
2023-11-02,84.345027202843,85.080046183332,84.229986934174,85.005011091941,16192667.391639
2023-11-03,84.919822402256,86.224661318993,84.734823841343,85.879438977004,15661727.537215
2023-11-06,85.994986925587,86.474541373004,85.725815034819,86.444182114106,11099141.086632
2023-11-07,86.675278011273,87.6445405044,86.545007345163,87.390091331157,13029783.744807
2023-11-08,87.689622480825,88.029260343753,87.290687603861,87.885282319946,10722659.775339
2023-11-09,88.014537626227,88.657361934208,87.359630536276,87.474670804945,14374673.46812
2023-11-10,88.004891707847,89.817105931327,87.905589516534,89.760854996779,13350357.782287
2023-11-13,89.385273395891,89.459800807368,88.85962161222,89.234695533194,11725035.45591
2023-11-14,90.599846823797,91.248154074857,90.320013654819,91.018987361365,16508431.311702
2023-11-15,91.424014397305,91.565961701453,90.78484538471,91.135144525846,13147707.456712
2023-11-16,90.955628908012,91.689632528671,90.789922183857,91.590330337358,11554075.373605
2023-11-17,91.385024579857,91.749437222622,91.003858499907,91.399747297383,13278419.738368
2023-11-20,91.515295245967,92.965026010357,91.505141647673,92.72529955464,11119661.890585
2023-11-21,92.304534441345,92.45054318481,91.637443033441,91.974542496796,13350781.277473
2023-11-22,92.553906815441,93.174393207175,92.135781637702,92.385154011798,11213669.94294
2023-11-24,92.230007029868,92.309611240492,91.855948468724,92.205232250031,4193851.1617064
2023-11-27,92.075469263836,92.732914753361,91.909661003698,92.200155450884,8420185.3890665
2023-11-28,91.89036916694,92.619295988453,91.89036916694,92.375000413504,11012337.376805
2023-11-29,93.050214700042,93.449657256921,92.387692411371,92.445466385663,10765423.925292
2023-11-30,92.829678545101,92.954872412063,91.805282013238,92.578783131261,13744007.391454
2023-12-01,92.339564355458,92.954872412063,91.894938286172,92.790688727652,13992109.584106
2023-12-04,91.865594387103,91.865594387103,90.660666877577,91.659780949688,18221853.440152
2023-12-05,91.170072903977,92.314688039638,91.170072903977,92.210309049178,10841329.035746
2023-12-06,92.785611928505,92.919944033933,91.359640584123,91.429091196452,14731345.053425
2023-12-07,91.865594387103,92.695346439673,91.669934547981,92.539285633898,13928805.917623
2023-12-08,92.339564355458,93.405590640326,92.224930230721,93.33004786902,12808849.260786
2023-12-11,93.055291499189,94.164369040822,92.839832143394,94.144671060132,37795383.360193
2023-12-12,93.799448718143,94.800085829998,93.719844507519,94.769625035116,15055389.781687
2023-12-13,94.995237989205,95.835651319983,94.769625035116,95.604555422816,29394993.9089
2023-12-14,95.680098194122,96.039941717655,94.664738364741,95.369296550349,15427441.136358
2023-12-15,95.271009718865,96.400902137,95.271009718865,95.850374037509,18131391.913762
2023-12-18,95.620721725818,96.140150685035,95.215066654099,95.925672216796,10138375.337866
2023-12-19,95.905409725701,96.299413865041,95.850295749923,96.289383931949,9003671.8163521
2023-12-20,96.18057435477,96.519971080609,94.819441515472,94.834131821515,13734893.636568
2023-12-21,95.800247396919,96.114822571167,95.09460614454,95.900344102928,11335947.733401
2023-12-22,96.175508731996,96.304479487815,95.549904319442,96.024249235973,10215415.223668
2023-12-26,96.085036709257,96.62270191046,96.085036709257,96.424838684918,6207557.570837
2023-12-27,96.475494912656,96.620169099073,96.009660242384,96.4198743746,11764567.292533
2023-12-28,96.760182912539,96.859874368725,96.48815896959,96.53516794893,9615351.7890646
2023-12-29,96.585216301934,96.780445403633,95.759722414729,96.239740828767,12190649.157768
2024-01-02,94.930277341761,95.080523713229,93.125092010118,93.719897436208,23545467.226421
2024-01-03,92.865630811648,93.374928525318,92.600597428127,92.764926230907,18190045.74878
2024-01-04,92.195448918685,92.832704263619,91.995154194213,92.084106530119,12127295.644422
2024-01-05,92.190383295912,92.855499566101,91.709858319597,92.059386290983,16350521.683083
2024-01-08,92.525220961255,94.435062059402,92.429582003287,94.370323400354,16434661.386933
2024-01-09,93.645027531613,94.79016221584,93.445239369417,94.519556647267,10633897.825846
2024-01-10,94.564539377498,95.530148390624,94.36525777758,95.325801167932,9785433.5417901
2024-01-11,95.795181774145,96.274693625905,94.464949233767,95.810378642466,13297019.539131
2024-01-12,95.964576199698,96.339432284954,95.64037634218,96.119888193941,8834635.344777
2024-01-16,95.999528996837,96.762715723925,95.444640678204,96.359593463593,11775603.447908
2024-01-17,95.645441964954,95.999528996837,94.844263067063,95.885248547062,14108959.192699
2024-01-18,97.164824859703,97.916968529145,96.800201332451,97.829941129892,18918729.104191
2024-01-19,98.470337160946,100.1055201923,98.254339005875,100.08535901366,18333143.652509
2024-01-22,100.57490079851,101.1399203627,100.14553861221,100.52485244551,14968921.569408
2024-01-23,100.6199848412,100.99423305172,100.03470278593,100.93050751723,13263825.200051
2024-01-24,101.62449783723,102.64471426386,101.33474421457,101.62449783723,17651225.524313
2024-01-25,102.56062492581,103.07326595051,101.57688098316,102.05001015022,17071493.252254
2024-01-26,101.33474421457,101.78254526777,100.64470508034,100.87488697917,10553187.11795
2024-01-29,100.9992986745,101.82104400085,100.80001707458,101.80078150975,7639593.733821
2024-01-30,101.76633527489,101.92033020721,100.64977070311,100.96039469159,12251507.420171
2024-01-31,99.999851301242,100.41057199574,98.78947139569,98.839519748695,16295207.655071
2024-02-01,99.235550137144,100.22243476592,99.169798353541,100.08535901366,14303487.100524
2024-02-02,99.404539312875,101.44010916827,99.372625889401,101.1196578716,12872551.493236
2024-02-05,101.53027725364,101.64070783011,100.40044075019,101.34994108289,10086507.085583
2024-02-06,101.46037165936,101.63462908278,100.2349975104,100.88501822472,12677115.503581
2024-02-07,101.59410410059,102.24453006473,101.18946215342,102.21920195086,11365887.783574
2024-02-08,102.39548562339,102.8139060645,102.2698581786,102.54036243472,9948187.4689632
2024-02-09,102.96992724593,104.05498364406,102.85037854847,103.92023807828,11612251.371182
2024-02-12,103.9151724555,104.23430669025,102.98005849148,103.13000092558,10753231.622894
2024-02-13,100.89514947027,102.06014139577,100.58756485545,101.38033481954,19459341.803227
2024-02-14,102.13511261282,102.52111306818,101.41376792984,102.4400631038,11791679.457441
2024-02-15,102.57582179413,102.67409487594,101.65489157387,102.22528069819,10796389.198925
2024-02-16,102.50085057708,102.70448861259,101.14751879686,101.28459454911,11090417.212169
2024-02-20,100.6902956853,101.04985358978,99.250747005465,100.25424687694,17447585.21273
2024-02-21,99.285193240326,99.625096528443,98.534569257717,99.625096528443,15966357.664771
2024-02-22,102.19893945977,103.16242091133,101.96389456307,102.88482478333,18551697.234063
2024-02-23,103.7003900499,103.83006999291,102.32051440634,102.64471426386,12323939.777729
2024-02-26,103.09555469072,103.34984895396,102.63964864108,102.74501359478,18248883.529111
2024-02-27,103.02463597189,103.02463597189,102.07027264132,102.83416855559,9984453.4935383
2024-02-28,102.49477182975,102.62951739554,101.97909143139,102.35090814298,8329079.5396178
2024-02-29,102.89495602888,103.73281003565,102.32051440634,103.48966014251,11986745.305045
2024-03-01,103.75509877586,105.53009299577,103.70444254812,105.37913743711,13136717.4329
2024-03-04,105.23020812756,105.98194654718,104.99516323086,105.37913743711,20443827.862054
2024-03-05,104.33967164394,104.39032787168,102.12498136727,102.78959107518,18042885.165906
2024-03-06,103.86451622777,104.38424912435,102.9101528972,103.60515634175,14303187.038701
2024-03-07,104.4906272026,105.55947360785,103.96886805691,105.24033937311,12120811.742744
2024-03-08,105.42979366485,106.17444021258,103.60920883997,103.67506193603,14912099.335922
2024-03-11,103.20091964441,103.61934008552,102.64471426386,103.38936081159,15648377.019162
2024-03-12,104.38526224891,105.51996175022,103.39442643437,105.50983050467,17382879.447094
2024-03-13,105.19069626993,105.25047061866,103.9354349466,104.37006538058,12815487.433611
2024-03-14,104.8107745619,105.18056502438,103.75307252675,104.39032787168,16023243.069167
2024-03-15,102.89090353066,103.35998019951,102.39548562339,102.8139060645,19633359.893278
2024-03-18,103.54551279637,104.21003764089,103.07114117982,103.14902308701,14176565.9671
2024-03-19,102.64430787025,103.70026515742,102.12947812009,103.68509335732,13390279.572671
2024-03-20,103.76600962454,104.88063120544,103.39986351538,104.84421888519,13357415.970685
2024-03-21,105.96490918613,105.96490918613,104.83005853843,104.92108933905,12312033.096384
2024-03-22,104.92513515241,105.33983102189,104.54988596319,104.95547875261,11506955.919182
2024-03-25,103.96020866586,104.70261541756,103.66081847716,104.2606103079,8777877.9772853
2024-03-26,104.63585949711,104.80477220492,103.74578055773,103.82973118497,8538359.2665637
2024-03-27,104.48414149608,104.53977142979,103.55967314314,104.35973273523,12495055.874245
2024-03-28,104.11496102691,104.43559173575,103.92480779895,104.13519009371,8854309.5801358
2024-04-01,104.35568692187,105.03538356649,104.04517074643,104.42547720235,11654789.728274
2024-04-02,103.2643287678,103.5687762232,102.57957485648,103.42009258219,11418377.438654
2024-04-03,102.90020556533,104.23026670769,102.87491923182,103.69520789072,10669963.280617
2024-04-04,104.68440925744,105.05055536659,102.00001209255,102.05463057292,16464723.915682
2024-04-05,102.50068149595,103.74982637109,102.21646310735,103.22387063419,12808781.666022
2024-04-08,103.2896151013,103.63047487695,102.72522413747,103.10451914005,8126135.6044052
2024-04-09,103.63452069031,103.84996025177,102.32974588145,103.62440615691,9401155.3692754
2024-04-10,102.44404010889,102.73533867087,101.91505001197,102.3560436683,13836753.949739
2024-04-11,102.81018621805,104.56910357666,102.31255117467,104.40019086884,10563605.433227
2024-04-12,103.15509180706,103.64058941035,102.32974588145,102.71005233737,16186813.913482
2024-04-15,103.34018776831,103.40593223543,100.60491450041,100.76047602413,17189071.713925
2024-04-16,100.98016368962,101.50541140919,100.47969657689,100.87962522761,14914021.636436
2024-04-17,101.24951371412,101.41943787527,99.350105486554,99.425357615065,13090377.453667
2024-04-18,99.395115160193,99.650102547258,98.185214674645,98.290203531358,15280725.650609
2024-04-19,97.915561214148,98.235686196321,96.020401090613,96.269825484307,21876247.890593
2024-04-22,97.005050917299,97.709528168749,96.040630157417,97.124806992779,13293441.689887
2024-04-23,97.529792910195,98.709855522207,97.384851646544,98.564914258557,12151637.165547
2024-04-24,99.294576698177,99.702596975614,98.469938789912,99.014808704278,9160163.5307872
2024-04-25,97.779723030559,98.984566249406,97.344899239606,98.800684032157,11567983.944447
2024-04-26,99.579907685448,100.64486690735,99.190093568135,99.915204467725,10104167.531813
2024-04-29,100.42973078188,100.57972931224,99.757620037321,100.34537557331,7494845.9792473
2024-04-30,100.00006540297,100.40495017505,98.104399552763,98.134642007635,14929053.471713
2024-05-01,97.610506886743,99.249668169872,97.109635192676,97.12986425948,20453587.10852
2024-05-02,98.36950147323,98.664441267232,97.12986425948,98.530120263654,13339989.56128
2024-05-03,101.19489523375,101.61464836993,100.83421097263,101.27480004762,13316493.667742
2024-05-06,101.66117522358,102.4642691757,101.50541140919,102.4642691757,8020933.5196715
2024-05-07,102.76568227108,102.81524348475,102.11936358669,102.12947812009,10021019.850494
2024-05-08,101.76535491762,102.52900218947,101.74006858411,102.42077668207,7175941.5007313
2024-05-09,102.25489833428,102.47033789574,101.8806605984,102.39043308186,9589685.0744244
2024-05-10,102.92549189883,103.38570316862,102.44404010889,102.77073953778,8754013.3074675
2024-05-13,103.52528372957,103.61024581015,102.92953771219,103.2542142344,6581987.260706
2024-05-14,103.21982482083,104.31320588159,103.15913762042,104.16957950728,9825163.0648898
2024-05-15,104.82500127173,106.54851776343,104.75015372455,106.51412834986,14308639.286442
2024-05-16,106.57683845695,106.9075836992,106.10044393372,106.14494788069,12066505.210787
2024-05-17,106.38971958902,106.45445260279,105.32971648849,105.91029070576,7616033.9719388
2024-05-20,106.0144703998,107.35464607557,105.92040523916,107.15437831421,6277267.3218319
2024-05-21,106.74473971143,107.50434116992,106.55458648347,107.3303711954,6140481.9709896
2024-05-22,107.63583010415,107.96252953303,106.93489293939,107.56907418369,11782913.285584
2024-05-23,108.80001289872,108.81012743212,106.35533017545,106.69517849776,9400431.6581847
2024-05-24,106.96523653959,107.82497187876,106.60920496384,107.59537197054,5906411.8556514
2024-05-28,108.20527833468,108.29024041525,107.37285223569,108.04951452029,8786427.061713
2024-05-29,106.91061805922,107.87959035913,106.91061805922,107.36476060897,8569075.4635104
2024-05-30,106.17023421419,106.33004384195,104.58933264346,104.91502061901,10459703.457898
2024-05-31,105.22452534111,105.24475440791,102.76568227108,105.0808989668,12081011.070243
2024-06-03,105.88399291892,105.98008098624,104.0846174267,105.34488828859,9628061.535757
2024-06-04,105.29026980822,105.73328637123,104.75015372455,105.56538511675,6405329.5812084
2024-06-05,106.39983412242,107.90993395934,106.22990996127,107.90993395934,8788863.1602477
2024-06-06,107.97062115975,108.04344580025,107.26361527495,107.54884511689,7057671.0919587
2024-06-07,107.66617370435,108.26090826839,107.26968399499,107.79968554526,6398623.3895034
2024-06-10,107.43556234279,108.36508796243,107.36476060897,108.07480085379,6735391.2723722
2024-06-11,107.79968554526,110.11490224098,107.75113578493,110.08455864077,12719203.6337
2024-06-12,111.17692824819,113.65600038502,110.97463758015,112.52013828397,17821255.102506
2024-06-13,113.5649695844,113.8795315732,112.71939459199,113.41021722335,12693593.950119
2024-06-14,113.24939614226,113.89976064001,113.17454859508,113.8340161729,7864553.5921816
2024-06-17,114.11520020147,115.96211400068,113.72579066549,115.55955557128,11602697.359891
2024-06-18,115.67486125206,116.08449985484,115.24398212914,115.70520485227,8677721.1079829
2024-06-20,116.22509186913,116.2948821496,114.02012358749,114.40447585677,13242925.271611
2024-06-21,114.43077364361,114.87884747332,113.68533253189,114.20521954875,13560785.707898
2024-06-24,112.82086212688,113.32974187801,111.18012880229,111.21041926367,13748559.812826
2024-06-25,112.02523267471,113.30954823709,111.39519107807,113.24997699638,9129081.8108776
2024-06-26,113.08035041267,113.65485949679,112.24029495048,113.12073769451,9459595.7596548
2024-06-27,112.9006270085,113.73563406046,112.76532961435,113.17526052499,7923533.9803084
2024-06-28,113.57105588698,115.19462461679,112.95918856716,113.11467960223,12488203.639151
2024-07-01,113.28430618594,114.15970051974,111.63852445113,113.96988029511,9281667.4695268
2024-07-02,112.97938220808,114.5504474715,112.97938220808,114.54035065105,7076519.8103801
2024-07-03,114.37476279552,116.13968701175,114.2798526832,116.08516418127,6249127.6591658
2024-07-05,116.21541316519,116.95450042279,115.7337948293,116.43956257938,6671837.9586437
2024-07-08,116.81516430046,117.57545488102,116.61524725537,117.23519203155,7671037.6612592
2024-07-09,117.83292380273,118.11563477558,116.46985304076,117.13927223719,8684663.6875467
2024-07-10,117.94499850982,118.92237073025,117.2846664518,118.83957680249,8749383.0715006
2024-07-11,119.02030988871,119.070793991,115.52882937398,115.86505349527,14110385.598957
2024-07-12,116.18613238586,118.13986714468,115.78024020341,116.89997759231,9767551.1217041
2024-07-15,117.4956899994,118.26405803633,116.44461098961,117.11100113991,8627989.4104985
2024-07-16,117.38563465639,117.44419621506,115.88524713618,116.72025418814,7652213.9136476
2024-07-17,114.05065485878,114.16575861202,112.12519119725,112.17971402773,12440481.685299
2024-07-18,113.41051644168,113.4307100826,110.77524630188,112.18981084819,10837173.984055
2024-07-19,111.59409844111,112.27967255027,110.18963071526,110.43498345241,8472825.7125442
2024-07-22,111.89498369079,113.18030893522,111.42043312921,113.0500599513,10601499.792396
2024-07-23,112.58055779995,113.61447221495,112.44929913399,112.60075144087,5530745.0723456
2024-07-24,111.13065438204,111.48000436992,107.67956114915,107.94005911699,14300719.774731
2024-07-25,107.82394568172,109.43337886288,105.22906282375,106.78599253853,21157925.989411
2024-07-26,108.22579913598,108.99921558314,107.2252042285,108.13997616208,11697861.765449
2024-07-29,108.99921558314,109.47073709858,107.34434670991,107.65936750823,7343813.8571503
2024-07-30,108.06021128046,108.16521821323,104.15072239873,104.95442930727,10694517.193647
2024-07-31,108.19550867461,109.79484503531,107.43521809404,109.40005935537,14614085.750965
2024-08-01,109.10018378773,110.36531539125,104.20019681898,105.31993420788,16991429.202546
2024-08-02,102.5200858946,103.36518976702,100.62541753547,102.3595464493,18621697.866511
2024-08-05,95.95260902704,100.85976473832,95.372344755261,98.950355021318,31429905.215059
2024-08-06,100.21508275201,102.32319789565,99.149969161793,100.29464569723,24575709.849203
2024-08-07,102.72505134992,103.22484396264,98.534971827635,98.670572126399,17653499.012259
2024-08-08,100.45498320612,102.60994759668,98.999728473363,102.35449803907,14442739.730995
2024-08-09,102.29492679836,103.40456736681,101.67498202218,102.81592273405,9535505.7952063
2024-08-12,103.13498226055,104.45463669455,102.6543736067,103.65496851419,8580199.1183011
2024-08-13,104.94029375862,106.87282519448,104.8100447747,106.84051536901,9999537.0235541
2024-08-14,107.50084742703,107.96933989632,105.9802662659,107.42512127358,8922463.3007763
2024-08-15,108.81545345079,110.62480367704,108.58019753409,110.51474833404,9480169.5631451
2024-08-16,109.93014242946,110.91357274217,109.63026686183,110.70052983049,6706301.2831539
2024-08-19,110.4390221806,112.53007369766,109.98971367017,112.52502528743,13004211.626136
2024-08-20,112.23019813002,112.90567541873,111.46990754946,112.12922992543,7221577.3565597
2024-08-21,112.19990766865,113.18030893522,111.84449958849,112.7905716655,7538727.6924503
2024-08-22,113.42061326214,113.68514995817,109.96548130107,110.19568880754,9083637.8018588
2024-08-23,111.29018414529,112.46747341081,110.55008720565,111.97979698264,10680963.421888
2024-08-26,111.8798384601,112.30087587324,110.00990731109,110.57431957475,6268871.498408
2024-08-27,109.88975514763,111.48000436992,109.34957525307,111.24474845323,7656001.2445361
2024-08-28,111.10036392066,111.31441651439,108.79021139964,109.70902206141,9002259.708296
2024-08-29,109.73931252279,111.28412605302,108.43985172971,108.72054333847,13283653.061334
2024-08-30,109.90490037832,110.59047448748,108.72054333847,110.16539834616,10048445.489542
2024-09-03,108.99921558314,109.07999014682,104.50512079684,105.1048719321,14765757.260449
2024-09-04,104.03965737368,106.02974068615,103.71050102672,104.8362965079,12329999.380049
2024-09-05,104.08004465552,105.97521785567,103.9851345432,104.67474738055,8875231.6002686
2024-09-06,104.5899340887,104.84033523608,101.49021020778,101.96072204117,12441079.89342
2024-09-09,103.22484396264,103.74483021628,102.26968474722,103.62972646304,10921975.927743
2024-09-10,104.34458135154,105.40474749974,103.35004453633,105.18059808555,10122905.563686
2024-09-11,105.54004489389,108.93459593221,103.87003078997,108.77001775872,12768731.554993
2024-09-12,108.6902528771,110.13510788478,107.92491388631,109.66964446162,10606109.164246
2024-09-13,109.80494185577,110.49455469312,109.35967207353,110.21992117664,8047323.445029
2024-09-16,109.42530140651,110.14924343342,108.78516298941,109.79989344554,6897781.36422
2024-09-17,110.90044687557,111.07007345929,109.02950604452,109.58483116977,6989919.2806836
2024-09-18,109.8604743683,110.63086176932,108.4792293295,108.58423626228,12741685.416943
2024-09-19,111.63448572294,112.50180260037,111.02362808517,111.81017039893,13934077.620893
2024-09-20,111.36994902692,111.76574438891,110.26939559689,111.2639324121,14492707.936536
2024-09-23,111.16546170777,111.31059554175,110.70486335967,111.04451684613,7490525.7459726
2024-09-24,111.50914668961,112.03122534239,110.30977681163,111.80546160065,7025805.879124
2024-09-25,111.58473722814,112.61478429983,111.53535140964,112.12495761016,6111535.7026534
2024-09-26,114.31506747979,114.44004383683,112.41522527811,113.61056366071,9244745.2895988
2024-09-27,113.76980772854,113.80508331319,112.1299969794,112.55028037361,6093759.668428
2024-09-30,112.04533557624,112.95040629089,111.49906795114,112.8798551216,5501887.9756089
2024-10-01,112.54524100438,112.61075280444,109.47424939243,110.13037526685,11295303.507827
2024-10-02,110.15456423918,111.4466585111,109.52968245401,110.94574520912,4532303.3367546
2024-10-03,110.62020195652,112.21969775178,110.60609172266,111.40432780952,5784879.7417268
2024-10-04,112.84457953695,112.92520944472,111.45875299726,112.64502051524,5015343.9488573
2024-10-07,112.14007571787,112.88489449083,111.58977659738,111.86996552686,4430411.6165747
2024-10-08,112.67525673065,114.14977616888,112.4172410258,113.96029588563,7864789.8476805
2024-10-09,114.04898878417,115.39349249614,113.69522506386,115.23525630215,7579781.9562251
2024-10-10,114.46624855685,115.50234287162,114.14574467349,115.20502008674,5692235.2105947
2024-10-11,114.92987052649,115.66561843484,114.75953984634,115.40357123461,8848913.0124058
2024-10-14,116.13931914295,117.15021661154,116.08590182906,116.91034263594,9810123.5873584
2024-10-15,117.00004340833,117.28325595935,113.91494156252,114.33925645212,14179307.30306
2024-10-16,114.70007528937,114.87040596952,113.46139833135,114.69604379398,5758843.7451814
2024-10-17,116.29553958924,116.36004351545,115.04476814506,115.04476814506,6051181.9191137
2024-10-18,115.6454609579,115.88029556426,115.21106732982,115.45396492696,4537055.9156751
2024-10-21,115.09415396356,116.01031129053,114.88451620338,115.99620105667,6322383.5191957
2024-10-22,115.37938226228,116.26933486922,115.04980751429,115.87525619502,6169169.8998004
2024-10-23,115.44388618849,115.61925623787,113.24067395884,114.21428009509,6083639.3542341
2024-10-24,114.67991781243,114.83412251102,113.87059511325,114.55090996,4832721.8870395
2024-10-25,115.20098859135,116.43764980168,114.979256345,115.14454765591,8314781.6808139
2024-10-28,115.96999633665,115.96999633665,115.08508309894,115.11027994511,5899139.0811644
2024-10-29,115.32999644377,116.99500403909,114.90064218493,116.66038992187,7451663.7394678
2024-10-30,115.59506726554,115.90549241044,114.72930363093,114.80388629561,8341133.1930372
2024-10-31,113.54505186065,113.54505186065,111.07979243077,111.11909951081,12110205.097352
2024-11-01,111.24004437245,112.78914647536,111.08987116924,111.95462693001,11565789.740602
2024-11-04,112.0594458101,112.67525673065,111.39424907105,111.86996552686,6311969.5174526
2024-11-05,112.21465838255,113.53497312218,112.21465838255,113.44426447595,7272965.7798693
2024-11-06,115.63538221943,116.890185159,115.29068936374,116.67550802958,10967819.070199
2024-11-07,117.48483072876,118.84546042227,117.42939766717,118.71040532677,10462921.556001
2024-11-08,118.56023212356,118.97043677931,118.14901959396,118.5803896005,7236375.8831198
2024-11-11,118.56426361895,118.64086203132,117.22076778083,117.92527159992,7267209.1070308
2024-11-12,117.91821648299,118.22461013249,117.1451772423,118.07443692928,7530783.7605236
2024-11-13,117.8476653137,118.53503527738,117.30038981475,117.66423227353,6329837.8251309
2024-11-14,117.82549208906,118.06032669542,117.07462607301,117.26612210395,6601983.987871
2024-11-15,115.80974439497,115.96596484126,113.97541399334,114.35538243368,11229831.028118
2024-11-18,114.36546117215,115.21106732982,113.86051637478,114.72527213554,6172119.6737316
2024-11-19,114.08224862113,115.76035857646,114.00565020875,115.66561843484,6906799.913892
2024-11-20,115.75027983799,115.80470502573,114.02580768569,115.56483105013,8874797.2042384
2024-11-21,116.70070487576,117.28627958089,114.90064218493,116.74001195579,10591735.296312
2024-11-22,116.6160434726,117.06958670377,116.11009080139,116.79947651277,7090837.8275093
2024-11-25,117.65012203967,117.88596451988,116.26530337383,116.79443714353,11137287.700128
2024-11-26,117.35481500249,117.7448621813,116.88010642053,117.37900397482,6229915.5974682
2024-11-27,116.59991749105,116.65535055264,114.76457921558,115.79059479187,6369323.9176777
2024-11-29,116.07481521674,117.10990165766,115.94580736432,116.86498831282,4168341.1195836
2024-12-02,116.94964971598,118.41509828958,116.91941350056,117.97465741842,9398225.8074763
2024-12-03,117.48987009799,118.43122427114,117.24596462701,118.40098805572,5575907.1598734
2024-12-04,119.88054686319,120.62536563616,119.52980676442,120.56489320533,10840577.947339
2024-12-05,120.35021607591,120.51449951298,119.78983821696,119.95512952787,5637935.7561934
2024-12-06,120.10429485723,120.93982227644,120.03475156179,120.41975937136,6654833.8560922
2024-12-09,120.02064132793,120.39960189442,119.33125561655,119.63462564451,8032485.4382499
2024-12-10,119.22038949337,119.55500361059,117.59972834732,117.97465741842,11234993.380545
2024-12-11,119.00470449011,120.0649877772,118.49975969273,119.68501933686,8689539.8919795
2024-12-12,118.80917696378,119.45220047819,118.63078329285,119.01478322858,7218389.5051092
2024-12-13,120.08917674953,120.56086170995,118.57434235742,119.52476739518,8676909.3429903
2024-12-16,119.73541302921,120.82492465787,119.42498788432,120.71909790393,9443269.1431408
2024-12-17,119.86542875548,120.46007432524,119.40483040738,119.99040511252,8144903.2773792
2024-12-18,120.36029481438,120.72514514702,115.85005934885,116.12016953986,16927155.169252
2024-12-19,117.23991738393,117.68035825509,116.09497269368,116.24514589689,13385793.310864
2024-12-20,115.49226413315,118.93012182542,115.09415396356,117.98070466151,14924891.68567
2024-12-23,118.00003703635,119.08575409922,117.49491195242,119.03544283588,7973319.9560789
2024-12-24,119.4500076458,120.27008123823,119.27995557571,120.26505011189,4653313.879646
2024-12-26,119.87865960945,120.78526857482,119.4952877828,120.34554813324,7150975.2711352
2024-12-27,119.53553679347,119.69049548456,117.57641619903,118.74464373378,8726511.1400157
2024-12-30,117.04613548344,118.17008910644,116.29046030808,117.23429960833,7950319.1422812
2024-12-31,117.62069011077,117.63477726451,115.87992039923,116.26027355007,9381229.344521
2025-01-02,117.17895721865,117.51000533143,114.88979473671,115.98456782697,12770311.404527
2025-01-03,116.61446484398,118.00003703635,116.4655435045,117.87526510327,9121129.5352257
2025-01-06,119.19140775223,120.53069358233,118.9046335512,119.37454075079,8975321.2308207
2025-01-07,119.95211405392,119.99940664146,116.56918470698,116.97972461583,10007297.90073
2025-01-08,117.24939298733,117.26951749266,115.81552198215,116.93947560516,10023789.237758
2025-01-10,115.71489945547,115.72999283448,113.7145236251,114.38970077911,11665791.336624
2025-01-13,112.55032099142,113.66018746069,112.22531023025,113.57968943935,10655947.881547
2025-01-14,114.53157854173,114.77206638049,112.97494805401,113.87954456885,7220435.8604355
2025-01-15,115.43013770497,116.48566800984,115.05481568046,116.14556386966,10465305.680112
2025-01-16,117.07330356564,117.16487006492,115.22486775055,115.24901715695,5368521.5212673
2025-01-17,117.43554466168,117.46975632075,116.54000417424,117.0561977361,6743383.6377938
2025-01-21,117.49994307876,118.32001667119,116.62955822299,118.03022379436,6744151.855434
2025-01-22,119.61402236428,120.97544515025,119.45503877213,120.69470830081,10243753.899057
2025-01-23,119.7649561543,120.93519613958,119.65024647389,120.91004050791,7604469.1507474
2025-01-24,121.28938743349,121.28938743349,119.26184352091,119.65024647389,6607603.9028682
2025-01-27,114.47019880046,115.48749254518,112.73546644051,113.78495939377,20705509.678249
2025-01-28,114.62415126628,117.08034714251,113.34423272692,116.82074102368,11260677.279708
2025-01-29,116.64465160199,116.64465160199,114.74489829829,115.86985814656,9050005.3025493
2025-01-30,115.6655944174,116.48566800984,114.86967023137,116.08519035365,8840269.9610055
2025-01-31,117.15078291118,117.8652028506,115.09506469113,115.4049820733,10744627.825239
2025-02-03,113.08060170702,114.54365324493,112.24744718612,113.85036403611,13752869.716897
2025-02-04,114.2508416923,115.66961931847,114.20053042896,115.49051122098,8371283.5266796
2025-02-05,115.55088473699,117.12059615318,115.22889265162,117.09644674678,5398083.4901244
2025-02-06,117.09644674678,117.65490176984,116.57421583331,117.41542015635,6808073.9235065
2025-02-07,117.93966352035,118.45485085694,116.01877948605,116.41020111483,8553265.6394766
2025-02-10,117.37315869514,118.4045395936,117.29467312433,118.10971559043,6054165.2064051
2025-02-11,117.37718359621,118.63999630603,117.37517114568,118.16505798011,6456565.1593422
2025-02-12,116.45548125183,118.04934207443,116.36995210415,117.90947676234,8555659.7355896
2025-02-13,118.16002685377,119.65527760022,117.95475689935,119.57981070521,7829569.8389092
2025-02-14,119.43491426679,120.08191711334,119.25983107037,119.98531948773,4557223.0705685
2025-02-18,120.6041480268,121.095185957,120.04468677847,121.08109880326,6023965.2094432
2025-02-19,120.87482262357,121.57012428292,120.10002916814,121.09015483066,5604291.7884532
2025-02-20,120.99053852925,121.13543496767,119.42988314046,120.70477055348,5987747.6732683
2025-02-21,120.75005069049,120.78929347589,117.37517114568,117.43554466168,9057583.1285606
2025-02-24,117.94972577301,118.22040036978,115.61025202773,115.76521071881,7447555.977116
2025-02-25,115.55088473699,115.61528315406,113.4750420116,114.25486659336,10434291.750101
2025-02-26,115.3898886943,116.58930921231,114.61408901361,115.50057347365,7630669.0493886
2025-02-27,116.12946426539,116.25021129741,111.24424059513,111.29455185847,10100009.744767
2025-02-28,110.79445790088,112.88036287893,109.85061860063,112.76565319852,14172157.538347
2025-03-03,113.56761473615,113.57566453828,108.52541992427,109.33442503877,12516181.431409
2025-03-04,108.59384324241,111.18084840332,107.1307917045,109.24990211636,17720981.164487
2025-03-05,109.56988175119,111.14563051899,108.11991114175,110.78439564821,11931085.807764
2025-03-06,108.5455444296,110.22493439987,107.1881465447,107.71037745817,16431977.555843
2025-03-07,107.58560552509,109.54472611952,106.31474301313,109.26902039642,11263989.659262
2025-03-10,107.11066719916,107.30989980199,103.53957372733,104.62428456493,21561805.011351
2025-03-11,104.33449168809,105.95451436762,103.14513342275,104.19965750234,14832707.438988
2025-03-12,106.08431742704,106.75949458105,104.57497952685,105.83980468721,10981695.018712
2025-03-13,105.5399495577,105.7703751438,103.42385782165,103.83037282943,12383065.115987
2025-03-14,105.15456528052,107.08048044116,105.15456528052,106.96979566181,10041531.785663
2025-03-17,106.88426651413,108.48013978726,106.57434913196,107.71641480977,10148779.142256
2025-03-18,106.8943287668,107.06035593582,105.68484599612,106.07425517437,11487379.994825
2025-03-19,106.63472264797,108.71459027442,106.17487770105,107.4547962404,8838649.051599
2025-03-20,106.29562473306,107.86533614925,106.07425517437,106.68905881238,7145273.7645349
2025-03-21,105.35681655915,107.12576057816,104.9704260567,106.97985791448,10425691.290258
2025-03-24,108.56427941267,109.07253726674,108.28604339375,108.81539495322,8200133.6736555
2025-03-25,108.75010491268,109.32063942079,108.69084164511,109.17398794512,7481703.4259354
2025-03-26,108.8796805316,109.09965774511,106.32031094236,106.74017612615,7888661.5129509
2025-03-27,106.03705261263,106.61060050723,105.19430885856,105.75379428289,6577749.0171104
2025-03-28,105.17421961532,105.63024543695,102.83984955041,103.19040684501,10667579.530075
2025-03-31,101.47980778282,103.47567409907,100.36445299794,103.24062995312,14219081.15385
2025-04-01,102.84587632339,104.08538263151,101.99007456121,103.99498103692,9480113.1974341
2025-04-02,102.50938149906,105.63024543695,102.43002898824,104.76540351531,9291957.7774331
2025-04-03,99.779655127116,100.35039052767,97.53508397951,97.614838275187,19451383.771
2025-04-04,94.764978228652,95.320144465688,91.149918906968,91.184974636428,33804575.501706
2025-04-07,87.550328302582,95.904841890293,86.224940479587,91.730096251843,44557863.586311
2025-04-08,95.159631412172,96.419829640842,88.219802333675,89.865111355325,25811425.234522
2025-04-09,90.032052966679,102.48929225581,89.935323260461,101.92980683148,36988887.584762
2025-04-10,98.425238347634,99.099734689537,93.865381916204,97.185129362207,19747555.206024
2025-04-11,96.699170568145,99.600157738735,95.975053795429,99.174968905484,14423197.35426
2025-04-14,102.22511870716,102.31552030175,98.999891150616,100.08008975982,11904497.202817
2025-04-15,100.25255591307,101.20458515038,99.975223910093,100.44460907848,7200059.1682899
2025-04-16,97.710161734378,98.789757666289,95.26992135758,96.955408865717,13222483.135834
2025-04-17,97.604793653565,97.649994450864,96.020154146511,96.429874262464,7480755.6550428
2025-04-21,94.850257066221,95.145066710821,92.592627910507,93.94011390107,8973361.4061117
2025-04-22,95.204731763254,96.784951636795,94.635101271082,96.229785399758,9312867.4749716
2025-04-23,99.985268531714,100.97456331524,98.614780357637,99.01998039386,13413709.851217
2025-04-24,99.940168180633,102.85592094501,99.834900546036,102.7152962423,9316953.2436093
2025-04-25,102.32556492338,104.42689976666,102.30547568013,104.23504749368,6518459.5762112
2025-04-28,104.09944510178,104.61272526666,102.50938149906,104.06529338827,5574411.0737344
2025-04-29,103.59821848286,104.98538072883,103.56607569367,104.54944415044,9144445.9989122
2025-04-30,102.49431456662,105.37511204775,101.89967296661,104.98538072883,10203729.305007
2025-05-01,107.27454999643,108.27599877213,106.42979731804,106.52421676129,11532767.919167
2025-05-02,107.74162490185,108.80936818024,107.45535318563,108.30613263699,8125413.0890223
2025-05-05,107.3498846586,108.49999383429,107.31975079373,107.7295713559,6757275.9388699
2025-05-06,106.00691874776,107.62008498022,105.804017391,106.83560003156,7958151.4376372
2025-05-07,106.81952863697,108.37443606402,106.09932926668,107.90434777212,8171377.9861965
2025-05-08,108.98012674781,109.96751305324,108.00479398834,108.93593041268,8704343.8062713
2025-05-09,109.40300531809,109.61996914512,108.23983813429,108.79932355862,7330445.363939
2025-05-12,113.36058623708,113.88993779655,112.27174925328,113.84975931006,13478205.063121
2025-05-13,114.26962449385,116.6903783047,114.13100871547,116.30968714524,12757349.636941
2025-05-14,116.80287806687,117.52307743715,116.37899503443,117.0650426912,10247901.202835
2025-05-15,116.48948587227,117.88468381553,116.29060236416,117.22575663715,9536351.2541046
2025-05-16,117.4447293885,117.60544333445,116.42921814254,117.4447293885,8111659.4599458
2025-05-19,115.67486705874,117.53814436958,115.66984474793,117.27497528309,11863047.159632
2025-05-20,116.57988746686,116.8551100993,115.95008969118,116.83502085606,10273645.328371
2025-05-21,115.83758992901,117.3543277939,114.17520505061,114.6402710317,18643571.360984
2025-05-22,114.68446736683,115.69997861279,114.41527150737,114.67040489656,11372043.09938
2025-05-23,112.6243154722,114.14507118574,112.55098973436,113.40478257221,12003919.564117
2025-05-27,115.21482338846,116.26046849929,114.78491358305,116.1007590155,14208307.22885
2025-05-28,116.31973176686,116.70243185065,115.44986753441,115.62062610198,10789123.182586
2025-05-29,117.3703991885,117.49093464796,115.21984569927,115.81448729928,14013149.056267
2025-05-30,115.75421956955,115.81448729928,113.70913460736,115.45488984522,13494117.061205
2025-06-02,115.0651585263,116.54473129119,115.00890864522,116.475423402,12878765.858071
2025-06-03,116.63011057497,118.31459362095,116.54473129119,118.22519648851,14312341.013232
2025-06-04,118.37486135068,118.76760605609,117.81537592634,118.39997290473,10899199.006408
2025-06-05,118.75053019933,119.78512622638,117.55522022634,118.06548700473,15887009.586679
2025-06-06,119.2055515588,119.7288763453,118.84093179393,119.17943554258,9026021.4285512
2025-06-09,119.64450152367,120.50532559666,119.55510439124,119.76503698313,11100937.815126
2025-06-10,119.74494773989,120.61481197234,119.29494869123,120.43501324531,9832435.0800545
2025-06-11,120.72530281018,121.21146249667,119.55108654259,120.17083969666,9600037.0776315
2025-06-12,120.1828932426,121.56503317776,120.12463443719,121.28478823451,11210373.495372
2025-06-13,119.89561706422,120.79260177504,119.14528382907,119.5852382561,13193707.537222
2025-06-16,120.40487938044,121.87942983452,120.30443316422,121.52083684262,13866251.536823
2025-06-17,121.0196102237,121.86536736425,120.37474551558,120.66001276964,10525355.158288
2025-06-18,120.94025771288,121.56503317776,120.1909289399,120.80565978315,11065959.89229
2025-06-20,121.2345651264,121.64438568857,119.7047692534,120.27028145071,11490653.839023
2025-06-23,120.18986165009,121.54464749861,119.37558621781,121.43935326168,12277029.614011
2025-06-24,122.63569635368,123.76986570578,122.53040211675,123.62044816956,11329481.885788
2025-06-25,124.25923320695,124.85991175859,124.14892495873,124.67539614339,9228679.8718784
2025-06-26,125.25501584765,125.73535812851,124.73957548781,125.53479767721,11289293.503942
2025-06-27,125.82962154062,126.35508992302,124.81478565705,125.38437733874,12196513.241539
2025-06-30,126.53860273596,126.95977968369,125.87575044442,126.61481570746,13365119.50704
2025-07-01,126.22973964096,126.47442339155,124.62525603057,125.48465756439,15144753.516077
2025-07-02,125.11763193851,126.89459753702,125.07751984825,126.81036214747,11950193.492655
2025-07-03,127.47522004353,128.86510397103,127.44914718486,128.48002790454,7112817.0621818
2025-07-07,127.98564639209,128.3195795435,126.88958352574,127.45917520743,11560829.59018
2025-07-08,128.13004991702,128.39077850371,127.61561235944,128.14408914861,15715163.082165
2025-07-09,128.60036417532,129.39959757375,127.95857073116,128.91524408386,12933509.98762
2025-07-10,129.23513800368,129.34945746092,127.81517000848,128.4900559271,9994225.6163429
2025-07-11,127.79812237012,128.67557434456,127.71990379412,127.9254782567,9238973.0278153
2025-07-14,127.58953950077,128.13406112605,126.60077647587,127.82018401977,8125247.9710904
2025-07-15,129.33541822933,129.61419725664,128.90922727032,128.95535617412,15657053.918946
2025-07-16,129.05964760879,129.42767603693,127.40502388558,129.3544714722,17782657.432691
2025-07-17,129.50489181068,130.7353301794,129.25519404881,130.53075851907,11955063.84468
2025-07-18,131.03015404281,131.07528014435,130.0945395375,130.44552032727,10281073.794173
2025-07-21,130.57789022513,131.50447951013,130.43749790922,130.61499390862,9246617.6057471
2025-07-22,130.60797429282,130.60797429282,128.47501389326,129.40461158503,13448893.750123
2025-07-23,129.74055034096,130.31515603393,128.96939540571,130.14467965032,10091791.212517
2025-07-24,130.46256796563,130.94992986229,129.96116683738,130.69521808914,12159625.610144
2025-07-25,130.65610880114,131.32497790622,130.38234378511,130.99505596383,8001969.4291853
2025-07-28,131.45433939731,132.07507399408,131.22269207606,132.03897311284,11517531.921354
2025-07-29,132.90038025117,133.63543430519,131.82036222093,132.04498992638,13739047.664432
2025-07-30,132.20944949645,132.79007200296,131.30091065206,132.33981378979,13934615.632822
2025-07-31,133.99945152429,134.00446553558,130.72931336586,131.37010400776,16414359.75375
2025-08-01,129.94111079225,129.98523409154,127.89038017772,128.53518202865,19438015.694249
2025-08-04,129.76060638609,131.17054635872,129.74456154998,131.14447350005,12376903.74109
2025-08-05,131.62982979219,131.74515205169,129.75759797932,130.05944145852,11176051.836141
2025-08-06,130.18479174058,131.69501193887,130.09955354878,131.52453555526,10167087.213808
2025-08-07,132.98461564072,133.20523213715,130.54981176195,131.64487182604,10318097.045527
2025-08-08,132.11518608434,133.10996592278,131.79529216452,132.96054838656,11016471.022513
2025-08-11,132.86427936994,133.47498594415,131.75518007426,132.05902915797,9425421.5512294
2025-08-12,132.71987584501,134.1398438402,131.98582459325,134.10474576123,11154955.952219
2025-08-13,134.82977179267,135.02531823269,133.66250996611,134.15488587405,13990173.944183
2025-08-14,133.45492989902,134.3243594554,133.1671256514,133.86507602192,15484333.924671
2025-08-15,133.63543430519,133.68557441801,132.31975774466,132.85024013835,13373125.07339
2025-08-18,132.68176935926,133.25336664546,132.55541627494,133.13503597919,12233765.850174
2025-08-19,133.10996592278,133.11497993406,130.56585659805,130.80953754638,17366905.476311
2025-08-20,130.40941944604,130.47961560399,127.92046424541,129.92506595615,23064291.938088
2025-08-21,129.61018604761,130.12963761648,128.89518803873,129.45475169785,15148557.855343
2025-08-22,129.23513800368,132.06504597151,128.95535617412,131.21065844898,13756013.122866
2025-08-25,131.20464163544,131.73512402913,130.55482577323,130.91483178331,10691773.907114
2025-08-26,131.02514003153,131.68999792758,130.83460760279,131.5145075327,11081001.192425
2025-08-27,131.64487182604,132.37491186877,131.04018206537,132.22549433255,11538637.777332
2025-08-28,132.38493989134,133.55521012467,131.72509600656,133.27041428382,12380567.474369
2025-08-29,132.66973573218,132.70984782244,130.74435539971,131.22469768057,17481145.346892
2025-09-02,128.90421325904,130.01932936826,128.14007793959,129.89999589974,18226029.989065
2025-09-03,130.56585659805,130.93488782844,129.7004382507,130.67516204401,15636627.159964
2025-09-04,130.13966563904,131.37210961227,129.61018604761,131.32096669719,24397395.240698
2025-09-05,132.52533220724,132.61558441033,130.0945395375,131.43027214315,38561883.710869
2025-09-08,132.19942147388,132.89436343764,132.08911322567,132.41502395903,20556491.438329
2025-09-09,132.70984782244,132.81012804809,131.73011001784,132.66973573218,19354905.590078
2025-09-10,135.31512808482,135.9839971899,134.43065649459,135.07545834551,25957145.420624
2025-09-11,135.92483185677,136.11436148324,135.30911127128,135.52972776771,23429235.273256
2025-09-12,135.71524618516,135.93084867031,135.1496657125,135.43947556462,15612227.533974
2025-09-15,135.67012008362,136.68896717622,135.48961567745,136.65888310852,16268021.830147
2025-09-16,136.97576862157,137.06802642917,136.02009807113,136.1845576412,16081461.619709
2025-09-17,136.05419334785,136.25976781044,134.31032022381,135.71524618516,18948525.371685
2025-09-18,137.47416134305,138.46593277473,136.809303447,138.05979786085,20883329.554096
2025-09-19,138.50002805145,139.59007410426,138.16509209778,139.45970981092,15670761.506768
2025-09-22,139.09950584896,141.44505547995,139.02038611333,141.32988118124,15771161.582465
2025-09-23,141.13759017819,141.36493422868,139.48809391763,140.11003513063,16457121.912932
2025-09-24,140.47959440212,140.48460198032,138.31531910214,139.24472561689,13471011.783576
2025-09-25,137.93474315859,139.34487718098,137.12451700511,139.00035580051,21349697.525228
2025-09-26,139.15258617793,139.54518030916,138.19012964702,139.41999085405,16534047.321637
2025-09-29,140.23021700754,140.96032190975,139.83962590759,140.16511849088,16107477.847778
2025-09-30,140.12005028704,141.07048863025,139.86967137681,140.93027644053,18215139.389742
2025-10-01,140.21018669472,142.40951504213,140.17012606908,142.31036499369,17411243.806767
2025-10-02,143.6353701866,143.66541565582,142.43455293316,143.0795290059,17607827.855941
2025-10-03,143.20972603921,143.93983094143,141.86969811169,142.36044077573,17457913.072918
2025-10-06,144.28034625934,144.72001162569,143.72450507864,143.7996187517,17945643.848207
2025-10-07,144.53973881033,144.75005709492,142.08502397448,142.84016676772,15588377.617319
2025-10-08,143.14963510076,145.34996496382,143.09154719359,145.34495738561,14038683.397261
2025-10-09,145.27985886895,145.41005590227,144.34544477599,145.09958605359,11989431.327512
2025-10-10,145.40204377714,145.6704499689,139.1395664746,139.19464983485,44574581.940511
2025-10-13,142.41452262034,143.06050020872,141.55522220045,142.58478027929,22030323.939996
2025-10-14,140.71495057773,142.19018311678,139.11953616178,140.75501120337,26956775.208961
2025-10-15,142.73000004722,143.28984729049,140.39847163521,142.15012249114,20937567.166855
2025-10-16,143.19169875768,143.80963390811,141.2848129774,142.25528163344,23166203.354698
2025-10-17,141.5051464184,142.9303031754,140.50963987135,142.50465902802,25511537.670085
2025-10-20,143.30186547818,144.70999646928,143.23476393024,144.09506586577,13805139.366146
2025-10-21,144.00492945809,144.68195403134,143.47512768405,144.17017953884,12503877.611683
2025-10-22,144.10508102218,144.42055844906,140.95030675334,142.74502278184,20723261.976567
2025-10-23,142.18517553857,144.77509498594,142.18517553857,144.54474638853,11923497.259882
2025-10-24,146.25032752499,147.28188863511,146.03500166219,146.79014445543,14359557.068002
2025-10-27,148.85026212876,149.63044281302,148.60989837495,149.50024577971,15166989.290701
2025-10-28,150.19029005629,151.57037860945,149.70956254865,150.98048589696,15055149.799209
2025-10-29,152.34755474679,152.99453385081,150.93541769312,152.06512733605,21506187.34286
2025-10-30,151.19981782231,151.97999850657,150.14522185245,150.19529763449,19218541.592324
2025-10-31,151.70958928353,151.81975600403,149.47020031048,150.33951588678,16303827.252589
2025-11-03,151.77969537839,152.11019553989,150.13019911783,150.95544800593,13983639.823553
2025-11-04,148.22231182192,149.19979108744,146.72504593877,146.97041727079,16722507.683404
2025-11-05,146.70802017288,148.74009540826,146.48468218496,147.54528724867,14447041.473059
2025-11-06,147.30993107306,147.4701735756,143.83467179914,144.57979943596,24797371.090163
2025-11-07,143.34493065074,144.11509617859,140.79907789157,144.08004313116,25546967.970473
2025-11-10,146.78513687723,148.04504355348,145.89478947247,147.76461917403,18286347.463872
2025-11-11,146.80516719004,147.05454458463,145.53023777918,146.50471249777,14871585.0175
2025-11-12,147.69751762609,147.7295661266,146.07506228783,146.96040211438,13179215.042651
2025-11-13,146.14016080449,146.34046393267,142.51467418443,143.29485486869,22385815.142989
2025-11-14,140.64985206107,145.38001043304,140.14508817806,144.07503555295,27429541.664785
2025-11-17,142.72499246902,144.28535383754,140.6748899521,141.81962232964,24675353.025732
2025-11-18,140.59476870082,141.31986602484,138.23519785086,139.51513483993,36747557.898274
2025-11-19,139.57222123146,142.05998608346,139.16460436562,140.48460198032,27668895.889732
2025-11-20,143.72049901607,144.2573113996,135.7604527022,136.07492861344,56551771.82166
2025-11-21,136.31529236726,138.42047824443,133.7403956545,136.59972280927,44958907.441063
2025-11-24,137.52011568326,140.34839585316,137.43498685378,139.8546486422,20124881.905876
2025-11-25,138.54166163698,140.58976112262,136.65480616952,140.23021700754,21303329.802046
2025-11-26,141.8847208463,142.49464387161,140.7900642508,141.88972842451,13359393.956121
2025-11-28,142.17516038216,143.13461236615,141.80459959503,143.10957447512,6792181.4919306
2025-12-01,141.74150410965,143.60232017045,141.2848129774,143.17467299178,12846539.259675
2025-12-02,144.06502039654,145.51521504457,143.64538534301,144.64990553083,15719055.556489
2025-12-03,143.94483851963,145.09457847539,143.22775332075,144.99542842694,11623231.355168
2025-12-04,145.18972246127,145.79463790838,144.49467060649,145.53524535738,9995267.7633714
2025-12-05,146.14016080449,147.30993107306,145.69048028172,146.59985648366,6627968.3800393
2025-12-08,147.43011294997,148.37954977754,146.92034148875,147.63041607815,8272770.4507485
2025-12-09,147.33496896408,148.25035425986,146.96040211438,148.02000566246,6978175.5916659
2025-12-10,147.67047670378,149.21982140025,146.82018992466,148.73008025185,8961058.2536036
2025-12-11,147.05955216283,148.13017238296,145.10960121,147.96992988041,9769252.3216189
2025-12-12,146.93736725464,147.07958247565,143.25980182126,143.69045354685,14873171.612791
2025-12-15,144.41955693342,144.62987521801,142.01992545782,142.30034983728,10790252.851457
2025-12-16,141.90975873733,142.97036380104,141.29983571202,142.55974238827,10790904.863241
2025-12-17,142.74001520363,142.84016676772,139.31983928996,139.38994538482,18178745.549734
2025-12-18,141.85968295528,142.41953019854,140.7900642508,141.54019946583,12319523.027032
2025-12-19,142.5897878575,144.6198600616,142.56975754468,144.59982974878,14265936.962463
2025-12-22,146.01,146.01,144.645,145.16,8864472
2025-12-23,144.74,145.98,144.36,145.95,7546050
2025-12-24,145.79,146.5,145.68,146.3,3676257
2025-12-26,146.62,146.98,146.24,146.53,5052923
2025-12-29,145.35,146.38,145.04,145.87,9822319
2025-12-30,145.87,146.26,145.375,145.41,6387446
2025-12-31,145.7,145.8,143.9,143.97,9528387
2026-01-02,145.75,146.52,143.405,144.3,15299454
2026-01-05,146.13,146.39,144.245,144.62,17476328
2026-01-06,145.21,146.765,144.63,146.65,14985672
2026-01-07,146.53,147.3799,146.04,146.53,13957071
2026-01-08,145.88,145.93,143.5,144.24,16870541
2026-01-09,144.6322,146.58,144.025,146.15,15652618
2026-01-12,145.19,147.285,145.05,146.79,12867188
2026-01-13,146.85,147.52,145.845,146.48,16552152
2026-01-14,145.5,145.93,143.32,144.7,22104224
2026-01-15,146.93,147.57,145.31,145.46,17370878
2026-01-16,146.72,146.95,145.02,145.62,14156676
2026-01-20,143.09,144.1,141.61,141.84,20029177
2026-01-21,142.66,145.04,141.96,143.81,27892847
2026-01-22,145.61,145.7,144.16,144.88,12971563
2026-01-23,144.47,145.825,143.75,145.09,14654456
2026-01-26,145.2385,146.71,144.89,146.08,10195625
2026-01-27,147.42,148.62,147.03,148.05,12436175
2026-01-28,149,149.9,148.61,149.23,19497406
2026-01-29,147.84,147.93,143.27,146.87,25580964
2026-01-30,146,146.75,142.99,143.88,18342641
2026-02-02,143.53,146.145,143.39,145.26,16337576
2026-02-03,145.875,145.97,140.17,142.08,30464494
2026-02-04,140.83,141.0101,136.1051,138.12,45649454
2026-02-05,137.19,138.48,135.075,135.63,42950873
2026-02-06,138,141.47,137.42,141.13,37131922
2026-02-09,140.595,144.025,139.91,143.35,24629514
2026-02-10,143.82,144.15,142.385,142.55,22564318
2026-02-11,144.495,144.755,141.32,142.97,18905713
2026-02-12,143.31,143.77,138.915,139.21,32154746
2026-02-13,139.605,140.91,137.93,139.56,26637122
2026-02-17,138.48,140.45,137.02,139.48,25743800
2026-02-18,140.055,142.115,139.27,140.91,13705785
2026-02-19,140.075,140.71,139.275,140.21,13483972
2026-02-20,139.16,141.75,138.97,140.88,14942420
2026-02-23,140.165,140.65,137.89,138.52,22021923
2026-02-24,139.15,140.94,138.19,140.32,13030621
2026-02-25,141.36,143.34,141.21,143.01,13296046
2026-02-26,142.94,143.01,139.26,141.01,19353247
2026-02-27,138.375,139.765,137.94,138.76,15325681
2026-03-02,137.03,139.96,136.56,139.54,20156667
2026-03-03,136.355,138.33,134.99,137.5,34153036
2026-03-04,138.53,140.63,138.04,139.84,15201380
2026-03-05,139.22,141.26,138.09,140.18,19424199
2026-03-06,137.9099,139.83,136.79,137.29,19677214
2026-03-09,135.97,140.21,135.46,139.76,22760857
2026-03-10,139.8727,141.39,139.02,139.76,24338517
2026-03-11,140.55,141.59,139.52,140.43,14017700
2026-03-12,139.27,139.745,137.65,137.84,32372780
2026-03-13,138.425,139.705,136.515,136.8,15701792
2026-03-16,138.695,140.08,138.52,138.78,16626428
2026-03-17,139.49,140.27,138.93,139.54,12034647
2026-03-18,139.3,140.07,137.93,137.96,12634543
2026-03-19,136.055,139.17,135.44,138.43,18087931
2026-03-20,137.98,137.98,134.3224,135.29,27251819
2026-03-23,137.605,139.2,136.22,136.95,21818519
2026-03-24,136.105,136.92,134.87,136.15,16843862
2026-03-25,137.23,137.995,136.28,136.76,13872406
2026-03-26,135.18,135.52,132.42,132.5,15434571
2026-03-27,131.53,132.045,129.575,129.92,15895156
2026-03-30,131.27,131.55,126.68,127.5,18830030
2026-03-31,129.15,133.215,128.98,132.9,19405309
2026-04-01,134.115,136.045,133.76,134.91,17050137
2026-04-02,131.905,136.04,131.3546,135.99,12266188
2026-04-06,136.48,137.25,135.71,136.78,10147634
2026-04-07,136.17,137.49,134.11,137.43,8585455
2026-04-08,143.13,143.56,140.735,141.69,13358980
2026-04-09,141.76,142.185,140.35,142.07,8235144
2026-04-10,142.5,143.56,141.9201,142.62,9310141
2026-04-13,142.33,145.67,142.1307,145.61,10407699
2026-04-14,146.9,147.94,146.08,147.94,10183303
2026-04-15,148.27,150.37,147.96,150.3,10622480
2026-04-16,150.99,152.1798,149.745,152.02,11778014
2026-04-17,154.06,154.805,153.51,154.35,10630441
2026-04-20,154.3,154.75,153.035,154.56,8131598
2026-04-21,155,156.07,154.15,154.69,12657267
2026-04-22,156.22,158.16,155.52,158.09,13830378
2026-04-23,156.77,157.795,153.95,155.84,12151377
2026-04-24,158.43,160.4,157.6,160.22,11059778
2026-04-27,160.02,160.62,158.81,160.57,8963915
2026-04-28,157.11,158.64,156.16,157.85,9252973
2026-04-29,158.83,159.15,157.75,159.11,7506934
2026-04-30,159.65,159.8,156.88,159.5,9276361
2026-05-01,160.39,162.285,160.14,161.87,10161809
2026-05-04,162.705,163.24,160.88,162.05,10739960
2026-05-05,163.87,166.02,163.52,165.63,9813549
2026-05-06,167.88,170.08,166.84,170.03,11304664
2026-05-07,170.26,171.95,168.7,169.69,11031513
2026-05-08,171.59,175.6,171.3,175.52,11222155
2026-05-11,176.15,178.3,175.87,177.88,10461797
2026-05-12,176.15,176.99,171.195,175.2,15950695
2026-05-13,177.27,177.74,174.26,176.85,9817869
2026-05-14,177.36,180.215,176.865,179.5,11424870
2026-05-15,176.21,178.7,174.63,176.26,14518963
2026-05-18,177.62,177.85,171.91,174.36,19162640
2026-05-19,172.68,175.18,170.831,173.24,15751423
2026-05-20,174.66,177.25,173.95,177.14,12630253
2026-05-21,175.83,178.98,175.83,178.6,10873195
2026-05-22,180.03,181.73,179.56,180.39,10742209
2026-05-26,183.2,186,182.585,185.14,12500330
2026-05-27,186.18,186.265,182.54,184.43,12300345
2026-05-28,184.83,187.58,183.79,186.85,11167566
2026-05-29,189.33,191.63,189.195,191.02,15040309
2026-06-01,192.32,196.4999,191.15,195.76,18968777
2026-06-02,196.45,198.38,195.75,198.21,10175184
2026-06-03,198.37,198.73,194.525,196.23,11582093
2026-06-04,191.52,194.74,189.69,193.17,13142622
2026-06-05,188.885,189.22,179.8,180.3,26816074
2026-06-08,185.22,186.71,183.1701,184.18,14684968
2026-06-09,185.91,187.08,172.88,180.77,29884444
2026-06-10,178.16,182.41,176.15,176.63,20059836
2026-06-11,177.79,183.66,176.495,183.21,18238394
2026-06-12,183.24,185.84,181.6443,184.8,15014349
2026-06-15,190.371,192.08,189.75,191.79,13097839
2026-06-16,191.227,192.25,186.43,186.44,10077157
2026-06-17,189.005,189.99,185.3,185.8,14396140
2026-06-18,190.42,191.995,189.38,191.44,12101594
2026-06-22,192.95,194.3,190.86,192.15,11313040
2026-06-23,184.68,187.25,183.7,184.19,14633591
2026-06-24,184.065,185.66,180.79,183.05,12323693
2026-06-25,188.145,188.41,180.375,184.57,13230220
2026-06-26,181,183.11,179.76,181.11,13433883
2026-06-29,183.12,185.66,178.67,185.41,11857031
2026-06-30,185.76,190.94,185.6,190.52,10729882
2026-07-01,186.83,187.98,185.38,185.62,9960304
2026-07-02,185.49,187.38,178.72,180.59,14192634
2026-07-06,182.66,185.71,182.04,183.57,8923121
2026-07-07,179.84,180.72,176.36,179.18,12254781
2026-07-08,177.48,181.63,177.15,181.4,10528340
2026-07-09,184.76,186.4,183.56,185.35,7756590
2026-07-10,184.005,186.23,183.09,185.78,6162013
2026-07-13,183.1,183.9,180.54,181.28,8595097
2026-07-14,183.71,184.43,181.33,183.62,6399550
2026-07-15,185.11,185.29,178.22,181.58,9256842
2026-07-16,179,179.4796,176.41,177.52,8666508
2026-07-17,172.85,177.92,171.34,175.59,12036704
