Date,Open,High,Low,Close,Volume
2005-02-25,30.298045218679,30.630875847905,30.298045218679,30.588679198895,448200.09644562
2005-02-28,30.698487769662,30.698487769662,30.01945005187,30.129258622638,779798.86916404
2005-03-01,30.298045218679,30.440322104391,30.287100842855,30.37283178681,390799.45475471
2005-03-02,30.399341497139,30.620053076257,30.256943007251,30.399341497139,758497.70080233
2005-03-03,30.597191491202,30.620053076257,30.276399675383,30.37283178681,312900.24214766
2005-03-04,30.519972839555,30.670762017575,30.500637775599,30.652642995377,333799.282657
2005-03-07,30.597191491202,30.878218741528,30.597191491202,30.7189172712,438598.77576411
2005-03-08,30.800878485705,30.800878485705,30.482640357578,30.519972839555,731197.77983866
2005-03-09,30.630875847905,30.630875847905,30.276399675383,30.3306351378,385998.79441395
2005-03-10,30.500637775599,30.546482549884,30.342673951206,30.440322104391,577604.0102111
2005-03-11,30.546482549884,30.546482549884,30.100316828792,30.200275461318,428699.79755888
2005-03-14,30.248673923295,30.267887383075,29.998898946156,30.248673923295,1195703.538851
2005-03-15,30.319690761975,30.342673951206,29.878389207916,29.897602667696,688100.4527485
2005-03-16,29.82877470418,29.90854704352,29.557475787921,29.609400770997,2245902.2963792
2005-03-17,29.720303779347,29.752893698467,29.520143305943,29.709359403523,196196.93548057
2005-03-18,29.578026893635,29.741949322643,29.401944047044,29.578026893635,1285201.4453279
2005-03-21,29.661204149897,29.680417609677,29.329589562429,29.459827634735,667402.89073015
2005-03-22,29.649165336491,29.709359403523,29.410334735176,29.470650406383,233001.16896343
2005-03-23,29.470650406383,29.848231372312,29.470650406383,29.791563826379,274798.42085249
2005-03-24,29.950622088354,30.01945005187,29.772107158247,29.799832910335,612299.76714014
2005-03-28,29.950622088354,29.950622088354,29.780619450555,29.780619450555,243501.26612324
2005-03-29,29.799832910335,29.897602667696,29.661204149897,29.680417609677,525699.66858908
2005-03-30,29.720303779347,30.148472082418,29.720303779347,30.148472082418,304699.32134794
2005-03-31,30.148472082418,30.148472082418,29.820505620225,29.857838102202,898599.87370022
2005-04-01,30.042311636925,30.100316828792,29.540572807481,29.598456395173,344700.67853959
2005-04-04,29.752893698467,29.897602667696,29.598456395173,29.752893698467,215800.04643678
2005-04-05,30.030272823518,30.360792973403,30.01945005187,30.352280681096,456798.99944976
2005-04-06,30.408948227029,30.577856427246,30.352280681096,30.37283178681,1220796.3168393
2005-04-07,30.352280681096,30.691191519113,30.158200416483,30.681584789223,1007503.5582904
2005-04-08,30.652642995377,30.706878457794,30.399341497139,30.459657168347,552901.75226083
2005-04-11,30.597191491202,30.597191491202,30.399341497139,30.429499332743,417202.25749927
2005-04-12,30.342673951206,30.652642995377,30.148472082418,30.630875847905,373103.34186133
2005-04-13,30.681584789223,30.901080326582,30.500637775599,30.770720650101,420600.03056946
2005-04-14,30.848060905924,30.848060905924,30.588679198895,30.652642995377,1147999.5677447
2005-04-15,30.750291148563,31.101240799986,30.750291148563,30.800878485705,4044298.4777817
2005-04-18,31.399292634927,31.399292634927,30.37283178681,30.588679198895,1153800.9875037
2005-04-19,30.641820223729,30.729861647024,30.37283178681,30.568249697356,926898.89582291
2005-04-20,30.652642995377,30.652642995377,30.12074633033,30.189574293846,433100.81743604
2005-04-21,30.546482549884,30.630875847905,30.3306351378,30.597191491202,429499.07848609
2005-04-22,30.729861647024,30.729861647024,30.352280681096,30.493463129226,795199.12221571
2005-04-25,30.597191491202,30.698487769662,30.429499332743,30.558521363291,344498.37091901
2005-04-26,30.597191491202,30.681584789223,30.37283178681,30.37283178681,345200.64368389
2005-04-27,30.3306351378,30.670762017575,30.189574293846,30.597191491202,339101.56640123
2005-04-28,30.429499332743,30.652642995377,30.399341497139,30.451266480215,347798.30669729
2005-04-29,30.577856427246,30.901080326582,30.408948227029,30.901080326582,429801.71078736
2005-05-02,31.049437421086,31.049437421086,30.867274365704,31.028886315372,502703.75934023
2005-05-03,31.049437421086,31.150733699546,30.878218741528,31.010767293174,2936297.7798398
2005-05-04,31.150733699546,31.330464671411,30.999944521526,31.320736337346,532499.36037742
2005-05-05,31.399292634927,31.399292634927,31.18089153515,31.310035169873,637001.19596083
2005-05-06,31.552392292287,31.552392292287,31.170068763502,31.170068763502,1699700.7403556
2005-05-09,31.261636707896,31.418506094707,31.091634070096,31.399292634927,1036099.4088071
2005-05-10,31.448663930311,31.448663930311,31.141126969656,31.200226599106,550001.45694615
2005-05-11,31.150733699546,31.369134799323,31.018063543724,31.330464671411,573503.96437603
2005-05-12,31.399292634927,31.501683350969,31.220777704819,31.290578501742,716500.62868146
2005-05-13,31.278661292511,31.350894172949,30.848060905924,31.07959525669,1828503.5351665
2005-05-16,31.200226599106,31.448663930311,31.150733699546,31.448663930311,653500.0457226
2005-05-17,31.448663930311,31.459486701959,31.141126969656,31.428234428773,1428899.5532687
2005-05-18,31.561999022177,31.629610943934,31.418506094707,31.501683350969,628701.60873959
2005-05-19,31.552392292287,31.59945310833,31.320736337346,31.490860579321,490297.49324719
2005-05-20,30.568249697356,31.552392292287,30.568249697356,31.469093431849,311397.859326
2005-05-23,31.459486701959,31.629610943934,31.359406465257,31.530625144815,508602.1872615
2005-05-24,31.59945310833,31.651256487231,31.501683350969,31.571727356243,540201.14516243
2005-05-25,31.59945310833,31.59945310833,31.249719498665,31.369134799323,748698.21814821
2005-05-26,31.399292634927,31.552392292287,31.399292634927,31.490860579321,820996.66035772
2005-05-27,31.651256487231,31.651256487231,31.340193005477,31.389564300861,791099.07638065
2005-05-31,31.501683350969,31.501683350969,31.220777704819,31.290578501742,1182501.3083491
2005-06-01,31.340193005477,31.469093431849,31.200226599106,31.369134799323,591904.00829348
2005-06-02,31.350894172949,31.448663930311,31.249719498665,31.369134799323,408898.52463007
2005-06-03,31.399292634927,31.399292634927,31.191714306798,31.261636707896,1874897.4815165
2005-06-06,31.238775122841,31.359406465257,31.18089153515,31.270149000203,537100.20048637
2005-06-07,31.359406465257,31.552392292287,31.249719498665,31.278661292511,453803.35423195
2005-06-08,31.369134799323,31.369134799323,31.010767293174,31.057828109217,494899.99161534
2005-06-09,31.068772485041,31.290578501742,31.018063543724,31.191714306798,373199.52089405
2005-06-10,31.150733699546,31.278661292511,31.010767293174,31.119359822184,966002.3056658
2005-06-13,31.200226599106,31.369134799323,31.03970908702,31.249719498665,363300.54268884
2005-06-14,31.350894172949,31.59945310833,31.249719498665,31.522234456683,1039798.985049
2005-06-15,31.651256487231,31.651256487231,31.261636707896,31.399292634927,885799.77105075
2005-06-16,31.552392292287,31.610275879979,31.448663930311,31.59945310833,979499.70630266
2005-06-17,31.399292634927,31.76945574613,31.399292634927,31.65855273778,536296.77391121
2005-06-20,31.747688598658,31.747688598658,31.501683350969,31.619882609869,484500.21913622
2005-06-21,31.700749386791,31.700749386791,31.511411685035,31.571727356243,400800.41589982
2005-06-22,31.501683350969,31.65855273778,31.428234428773,31.459486701959,507299.62467162
2005-06-23,31.501683350969,31.530625144815,31.238775122841,31.249719498665,561799.97104787
2005-06-24,31.350894172949,31.350894172949,31.101240799986,31.101240799986,358199.73743558
2005-06-27,31.101240799986,31.109753092294,30.901080326582,30.972218769438,869398.7585809
2005-06-28,31.200226599106,31.290578501742,31.091634070096,31.278661292511,529200.25372874
2005-06-29,31.399292634927,31.399292634927,31.200226599106,31.238775122841,403099.59225991
2005-06-30,31.270149000203,31.301522877566,30.972218769438,31.028886315372,625899.97984643
2005-07-01,31.101240799986,31.101240799986,30.867274365704,30.989121749878,483899.10018163
2005-07-05,30.878218741528,31.191714306798,30.848060905924,31.101240799986,443900.23037876
2005-07-06,30.989121749878,31.150733699546,30.848060905924,30.901080326582,1084000.7127565
2005-07-07,30.597191491202,30.930022120428,30.597191491202,30.890135950758,387401.68168452
2005-07-08,30.962612039549,31.340193005477,30.848060905924,31.261636707896,667899.53935608
2005-07-11,31.350894172949,31.448663930311,31.191714306798,31.359406465257,545799.4281712
2005-07-12,31.399292634927,31.418506094707,31.229046788775,31.340193005477,583601.10455388
2005-07-13,31.310035169873,31.350894172949,31.091634070096,31.170068763502,728299.14278317
2005-07-14,31.350894172949,31.448663930311,31.249719498665,31.359406465257,1118501.6242313
2005-07-15,31.399292634927,31.552392292287,31.359406465257,31.511411685035,454498.99396008
2005-07-18,31.552392292287,31.552392292287,31.301522877566,31.320736337346,626499.44054183
2005-07-19,31.448663930311,31.469093431849,31.220777704819,31.330464671411,322596.91273231
2005-07-20,31.501683350969,31.810436353382,31.501683350969,31.77906247602,1248397.2118451
2005-07-21,31.747688598658,31.77906247602,31.369134799323,31.440151638003,709000.32238743
2005-07-22,31.501683350969,31.501683350969,31.290578501742,31.399292634927,838701.06454708
2005-07-25,31.501683350969,31.501683350969,31.200226599106,31.212265412512,506398.36080455
2005-07-26,31.399292634927,31.469093431849,31.220777704819,31.359406465257,431400.27264176
2005-07-27,31.501683350969,31.689805010966,31.389564300861,31.651256487231,424600.58085342
2005-07-28,31.700749386791,31.998679617555,31.689805010966,31.94906511382,1833601.8530309
2005-07-29,31.998679617555,31.998679617555,31.729691180636,31.729691180636,958002.86335708
2005-08-01,31.94906511382,32.04075466239,31.822596770965,31.891181526128,1020699.9848851
2005-08-02,31.96973782371,32.069696456236,31.85153856481,32.009380785028,725301.01017659
2005-08-03,31.94906511382,32.089153124367,31.900909860194,32.089153124367,723601.29451189
2005-08-04,32.009380785028,32.058995288763,31.76945574613,31.76945574613,694698.66604586
2005-08-05,31.739297910526,31.739297910526,31.522234456683,31.552392292287,598300.74309986
2005-08-08,31.651256487231,31.669375509428,31.359406465257,31.428234428773,416499.15560481
2005-08-09,31.501683350969,31.788790810086,31.501683350969,31.788790810086,394401.19370467
2005-08-10,31.810436353382,32.04075466239,31.689805010966,31.739297910526,1930401.0746997
2005-08-11,31.747688598658,31.98895128349,31.71996284657,31.931067695798,432599.19403257
2005-08-12,31.900909860194,31.91063819426,31.651256487231,31.747688598658,204701.31771116
2005-08-15,31.71035611668,31.85153856481,31.629610943934,31.76945574613,521497.63981413
2005-08-16,31.832081896679,31.85153856481,31.542785562397,31.552392292287,431802.40049415
2005-08-17,31.552392292287,31.747688598658,31.511411685035,31.610275879979,403498.40359392
2005-08-18,31.619882609869,31.76945574613,31.530625144815,31.619882609869,375997.83326885
2005-08-19,31.85153856481,31.85153856481,31.389564300861,31.399292634927,1864598.0337181
2005-08-22,31.411209844157,31.561999022177,31.261636707896,31.399292634927,1283000.1062598
2005-08-23,31.389564300861,31.389564300861,31.159245991853,31.200226599106,2521402.1608669
2005-08-24,31.301522877566,31.440151638003,31.091634070096,31.101240799986,1617803.4648534
2005-08-25,31.150733699546,31.249719498665,31.109753092294,31.141126969656,966898.5947554
2005-08-26,31.200226599106,31.200226599106,30.989121749878,31.028886315372,718300.66902685
2005-08-29,30.989121749878,31.369134799323,30.750291148563,31.340193005477,1147399.2779197
2005-08-30,31.249719498665,31.330464671411,31.109753092294,31.301522877566,394699.68035798
2005-08-31,31.278661292511,31.651256487231,31.191714306798,31.619882609869,691499.88407788
2005-09-01,31.700749386791,31.998679617555,31.561999022177,31.629610943934,485301.15832261
2005-09-02,31.729691180636,31.77906247602,31.577685960858,31.610275879979,816998.59746252
2005-09-06,31.610275879979,32.128917689861,31.610275879979,32.108366584147,641900.52272308
2005-09-07,32.200056132717,32.399122168539,32.178288985245,32.321781912716,1813799.7509725
2005-09-08,32.338806497331,32.449709505681,32.150563233158,32.301352411177,1928897.8627485
2005-09-09,32.347197185462,32.490811717109,32.280801305463,32.408607294253,664998.41491181
2005-09-12,32.500296842823,32.522063990295,32.269978533815,32.301352411177,566501.13583752
2005-09-13,32.301352411177,32.301352411177,31.91063819426,31.958793447886,776401.09609384
2005-09-14,31.998679617555,32.09985429184,31.841810230744,31.869535982832,1536901.1448622
2005-09-15,31.85153856481,32.04075466239,31.822596770965,31.85153856481,650600.57953751
2005-09-16,31.900909860194,32.02154120261,31.758632974482,31.998679617555,509399.80992951
2005-09-19,31.94906511382,31.98895128349,31.67776619756,31.76945574613,688398.93940181
2005-09-20,31.76945574613,31.869535982832,31.469093431849,31.530625144815,614798.76373203
2005-09-21,31.340193005477,31.589724774265,31.340193005477,31.377403883279,1017399.2199772
2005-09-22,31.459486701959,31.552392292287,31.261636707896,31.448663930311,1725697.2695998
2005-09-23,31.249719498665,31.619882609869,31.238775122841,31.469093431849,1253301.5133849
2005-09-26,31.65855273778,31.65855273778,31.229046788775,31.418506094707,463302.69197357
2005-09-27,31.418506094707,31.440151638003,31.200226599106,31.238775122841,472204.22727898
2005-09-28,31.350894172949,31.418506094707,31.159245991853,31.261636707896,470498.70770715
2005-09-29,31.119359822184,31.369134799323,31.010767293174,31.330464671411,700099.61621161
2005-09-30,31.350894172949,31.377403883279,31.229046788775,31.350894172949,956999.6165501
2005-10-03,31.448663930311,31.490860579321,31.249719498665,31.377403883279,1464101.0792491
2005-10-04,30.429499332743,31.788790810086,30.429499332743,31.511411685035,618701.47672407
2005-10-05,31.511411685035,31.522234456683,30.989121749878,30.989121749878,1116095.4901538
2005-10-06,30.999944521526,31.109753092294,30.540523945269,30.781665025925,2054399.8926515
2005-10-07,30.951667663725,30.951667663725,30.729861647024,30.750291148563,450902.22978768
2005-10-10,30.800878485705,30.878218741528,30.568249697356,30.706878457794,1276299.080893
2005-10-11,30.750291148563,30.901080326582,30.408948227029,30.451266480215,712398.92458721
2005-10-12,30.399341497139,30.800878485705,30.399341497139,30.519972839555,1276499.7302544
2005-10-13,30.482640357578,30.781665025925,30.440322104391,30.670762017575,1285297.6243607
2005-10-14,30.750291148563,30.930022120428,29.848231372312,30.810606819771,1362303.035267
2005-10-17,30.750291148563,30.848060905924,30.652642995377,30.800878485705,895502.24554253
2005-10-18,30.848060905924,30.930022120428,30.729861647024,30.760019482628,1029895.8611959
2005-10-19,30.620053076257,31.109753092294,30.597191491202,31.057828109217,1051798.1485122
2005-10-20,31.150733699546,31.150733699546,30.352280681096,30.419892602853,1750097.7243784
2005-10-21,30.698487769662,30.698487769662,30.148472082418,30.229217255164,1361698.5997941
2005-10-24,30.200275461318,30.482640357578,30.17984595978,30.482640357578,937699.96702484
2005-10-25,30.500637775599,30.500637775599,30.06164670088,30.287100842855,1216501.42555
2005-10-26,30.211219837142,30.308989594503,29.90854704352,29.90854704352,1346899.4656969
2005-10-27,29.97725340286,30.01945005187,29.780619450555,29.799832910335,2871100.0034607
2005-10-28,29.848231372312,30.256943007251,29.848231372312,30.248673923295,1076599.0728839
2005-10-31,30.451266480215,30.519972839555,30.308989594503,30.390950809007,1238900.3614922
2005-11-01,30.451266480215,30.451266480215,30.200275461318,30.298045218679,1293600.5281003
2005-11-02,30.17984595978,30.399341497139,30.13995979011,30.298045218679,1188900.5305443
2005-11-03,29.500808241987,30.698487769662,29.500808241987,30.493463129226,1788802.3228873
2005-11-04,30.482640357578,30.681584789223,30.482640357578,30.652642995377,507903.231015
2005-11-07,30.800878485705,30.800878485705,30.529579569445,30.706878457794,508899.01565562
2005-11-08,30.652642995377,30.706878457794,30.60801426285,30.641820223729,576001.30270873
2005-11-09,30.670762017575,30.760019482628,30.540523945269,30.670762017575,328101.50409712
2005-11-10,30.691191519113,31.091634070096,30.681584789223,31.068772485041,1473799.408093
2005-11-11,31.091634070096,31.129088156249,30.857667635814,31.07959525669,1651500.9497529
2005-11-14,31.129088156249,31.129088156249,30.810606819771,30.867274365704,296899.699271
2005-11-15,30.867274365704,31.200226599106,30.867274365704,31.028886315372,451600.35690459
2005-11-16,31.119359822184,31.150733699546,30.890135950758,30.972218769438,328197.68312986
2005-11-17,31.049437421086,31.170068763502,30.930022120428,31.129088156249,397199.50607946
2005-11-18,31.301522877566,31.320736337346,31.129088156249,31.261636707896,1958302.1146179
2005-11-21,31.350894172949,31.350894172949,31.141126969656,31.320736337346,514499.78605316
2005-11-22,31.301522877566,31.350894172949,30.360792973403,31.141126969656,684599.03847924
2005-11-23,31.200226599106,31.261636707896,31.091634070096,31.220777704819,718498.83099945
2005-11-25,31.229046788775,31.301522877566,31.200226599106,31.261636707896,115200.09471583
2005-11-28,31.290578501742,31.290578501742,30.890135950758,30.930022120428,861202.81255865
2005-11-29,31.068772485041,31.159245991853,30.94218253801,30.962612039549,490702.10848834
2005-11-30,30.97829897823,31.057828109217,30.760019482628,30.760019482628,546402.20538497
2005-12-01,30.999944521526,31.119359822184,30.930022120428,31.068772485041,488197.30798931
2005-12-02,30.999944521526,31.200226599106,30.919077744604,31.18089153515,585898.62265478
2005-12-05,31.18089153515,31.249719498665,31.101240799986,31.238775122841,2845999.7633061
2005-12-06,31.278661292511,31.399292634927,31.150733699546,31.18089153515,719199.44550515
2005-12-07,31.150733699546,31.159245991853,30.962612039549,31.049437421086,887301.32474285
2005-12-08,31.018063543724,31.301522877566,31.018063543724,31.159245991853,338801.42148873
2005-12-09,31.159245991853,31.278661292511,31.119359822184,31.200226599106,492599.15699606
2005-12-12,31.301522877566,31.340193005477,30.951667663725,31.212265412512,753201.22096524
2005-12-13,31.159245991853,31.59945310833,31.159245991853,31.552392292287,1674000.2103759
2005-12-14,31.629610943934,31.810436353382,31.561999022177,31.639217673824,3037795.6789095
2005-12-15,31.859929252942,31.859929252942,31.651256487231,31.729691180636,569301.10647149
2005-12-16,31.822596770965,31.85153856481,31.700749386791,31.700749386791,501304.18858804
2005-12-19,31.958793447886,32.301352411177,31.94906511382,31.980438991182,985000.15201948
2005-12-20,32.058995288763,32.079424790301,31.900909860194,31.940796029864,408197.91012438
2005-12-21,32.377233416891,32.377233416891,31.980438991182,32.04075466239,469197.80337647
2005-12-22,32.210878904365,32.310959141067,32.049266954698,32.251859511618,625597.34754515
2005-12-23,32.358019957111,32.367748291176,32.231430010079,32.290529639529,741801.51819754
2005-12-27,32.500296842823,32.500296842823,32.009380785028,32.030053494918,432599.19403257
2005-12-28,32.160169963048,32.210878904365,32.02154120261,32.030053494918,323300.01462678
2005-12-29,32.190327798652,32.190327798652,31.900909860194,31.920123319974,462298.61603702
2005-12-30,31.85153856481,31.85153856481,31.669375509428,31.71996284657,417502.40241176
2006-01-03,31.77906247602,32.190327798652,31.669375509428,32.108366584147,1229998.8261868
2006-01-04,32.128917689861,32.459437839746,32.128917689861,32.430496045901,2160601.4438996
2006-01-05,32.771717363258,32.771717363258,32.290529639529,32.347197185462,1261099.4772027
2006-01-06,32.478651299526,32.62700839403,32.388177792715,32.561828555789,774901.20066097
2006-01-09,32.657166229634,32.740343485896,32.561828555789,32.707753566776,622702.85613763
2006-01-10,32.945489730509,32.945489730509,32.478651299526,32.593202433151,823298.32410661
2006-01-11,32.490811717109,32.637831165678,32.439981171615,32.511241218647,1015598.3505022
2006-01-12,32.408607294253,32.561828555789,32.408607294253,32.478651299526,547898.7842995
2006-01-13,33.113060284792,33.113060284792,32.290529639529,32.459437839746,878498.45585894
2006-01-17,32.231430010079,32.399122168539,32.231430010079,32.367748291176,1063696.9872946
2006-01-18,32.399122168539,32.490811717109,32.321781912716,32.419551670077,1213898.787759
2006-01-19,32.61010541359,32.707753566776,32.310959141067,32.593202433151,2798502.2454683
2006-01-20,32.601714725459,32.601714725459,31.958793447886,31.96973782371,3070598.5329788
2006-01-23,32.02154120261,32.04075466239,31.810436353382,31.94906511382,1085003.9595634
2006-01-24,31.879264316898,31.958793447886,31.729691180636,31.799613581734,1173700.0977244
2006-01-25,31.900909860194,31.96973782371,31.639217673824,31.758632974482,1425199.1478972
2006-01-26,31.841810230744,32.04075466239,31.832081896679,31.920123319974,1221302.9150204
2006-01-27,31.958793447886,32.338806497331,31.958793447886,32.290529639529,1228701.2383746
2006-01-30,32.388177792715,32.490811717109,32.108366584147,32.140956503268,977695.52030932
2006-01-31,31.610275879979,32.210878904365,31.610275879979,32.128917689861,2370397.7629568
2006-02-01,32.290529639529,32.430496045901,32.210878904365,32.331510246781,1472698.3239941
2006-02-02,32.439981171615,32.439981171615,31.98895128349,32.069696456236,900497.75133747
2006-02-03,32.02154120261,32.169898297113,31.859929252942,32.009380785028,823401.96530565
2006-02-06,31.891181526128,31.900909860194,31.619882609869,31.71996284657,924802.02708337
2006-02-07,31.747688598658,31.869535982832,31.59945310833,31.669375509428,1328600.5755898
2006-02-08,31.629610943934,32.079424790301,31.511411685035,32.079424790301,1537799.9213404
2006-02-09,32.079424790301,32.347197185462,32.079424790301,32.108366584147,1491900.1362275
2006-02-10,31.920123319974,32.049266954698,31.76945574613,32.04075466239,812201.25364014
2006-02-13,32.02154120261,32.030053494918,31.841810230744,31.998679617555,644599.33954678
2006-02-14,32.657166229634,32.657166229634,32.049266954698,32.310959141067,900299.58936493
2006-02-15,32.310959141067,32.543831137767,32.259155762167,32.500296842823,974499.22573011
2006-02-16,32.511241218647,32.729520714248,32.419551670077,32.707753566776,1161201.7982466
2006-02-17,32.532886761943,32.719913984358,32.522063990295,32.688540106996,756201.01183102
2006-02-21,32.740343485896,32.812697970511,32.449709505681,32.522063990295,692796.6427606
2006-02-22,32.468922965461,32.845287889631,32.468922965461,32.800659157104,641797.71065362
2006-02-23,32.719913984358,32.800659157104,32.582379661503,32.676379689414,790799.76059774
2006-02-24,32.657166229634,32.759678549852,32.561828555789,32.676379689414,665899.67877889
2006-02-27,32.696930795128,33.028666986771,32.696930795128,32.927249104135,1548201.3520787
2006-02-28,32.800659157104,32.800659157104,32.408607294253,32.500296842823,912700.0515508
2006-03-01,32.459437839746,32.572772931613,32.310959141067,32.532886761943,1319700.6985436
2006-03-02,32.500296842823,32.532886761943,32.358019957111,32.468922965461,757401.59148101
2006-03-03,32.367748291176,32.657166229634,32.331510246781,32.358019957111,795497.60886902
2006-03-06,32.358019957111,32.377233416891,32.09985429184,32.190327798652,954102.63775387
2006-03-07,32.09985429184,32.358019957111,32.09985429184,32.200056132717,1244302.9699172
2006-03-08,32.128917689861,32.532886761943,32.128917689861,32.419551670077,490901.09959055
2006-03-09,32.500296842823,32.511241218647,32.280801305463,32.310959141067,381497.44985611
2006-03-10,32.388177792715,32.490811717109,32.310959141067,32.430496045901,626697.60251445
2006-03-13,32.62700839403,32.62700839403,32.347197185462,32.408607294253,761900.44865008
2006-03-14,32.408607294253,32.64622185381,32.358019957111,32.637831165678,868501.64036171
2006-03-15,32.707753566776,32.781324093148,32.561828555789,32.749950215786,728998.92815927
2006-03-16,32.749950215786,32.822426304576,32.676379689414,32.749950215786,814997.90775575
2006-03-17,32.749950215786,32.791052427214,32.657166229634,32.719913984358,395202.13289105
2006-03-20,32.771717363258,32.855016223697,32.64622185381,32.781324093148,745797.92283354
2006-03-21,32.729520714248,32.822426304576,32.459437839746,32.582379661503,1330401.4450648
2006-03-22,32.618496101722,32.917642374245,32.61010541359,32.908035644355,559499.96555819
2006-03-23,32.800659157104,32.800659157104,32.561828555789,32.729520714248,1707701.8409235
2006-03-24,32.601714725459,32.791052427214,32.601714725459,32.676379689414,465497.398005
2006-03-27,32.593202433151,32.61010541359,32.388177792715,32.430496045901,778795.62235708
2006-03-28,32.242252781728,32.377233416891,32.09985429184,32.128917689861,1013699.6437353
2006-03-29,32.331510246781,32.331510246781,32.128917689861,32.220485634255,503299.07438767
2006-03-30,32.140956503268,32.399122168539,32.069696456236,32.160169963048,690202.29626557
2006-03-31,32.119189355795,32.231430010079,31.94906511382,31.980438991182,895801.56132543
2006-04-03,32.09985429184,32.190327798652,31.94906511382,31.958793447886,2382101.756285
2006-04-04,32.049266954698,32.079424790301,31.841810230744,31.998679617555,2518899.8477567
2006-04-05,31.869535982832,32.04075466239,31.85153856481,31.900909860194,1908798.1031664
2006-04-06,31.869535982832,31.869535982832,31.511411685035,31.65855273778,2216299.882537
2006-04-07,31.739297910526,31.788790810086,31.249719498665,31.278661292511,1833098.5713683
2006-04-10,31.301522877566,31.301522877566,31.018063543724,31.220777704819,1887700.0715549
2006-04-11,31.229046788775,31.229046788775,30.729861647024,30.878218741528,2293301.1477954
2006-04-12,30.901080326582,31.091634070096,30.857667635814,31.091634070096,4217501.9914021
2006-04-13,30.919077744604,31.068772485041,30.890135950758,31.018063543724,1764801.5085722
2006-04-17,31.028886315372,31.028886315372,30.729861647024,30.840764655374,1521398.9088706
2006-04-18,30.97829897823,31.150733699546,30.878218741528,31.129088156249,7651601.7164311
2006-04-19,31.109753092294,31.109753092294,30.831036321309,30.951667663725,1405901.9857606
2006-04-20,31.010767293174,31.270149000203,30.951667663725,31.229046788775,3495900.5574675
2006-04-21,31.411209844157,31.411209844157,31.028886315372,31.159245991853,1167898.6779655
2006-04-24,30.681584789223,31.101240799986,30.681584789223,31.03970908702,1619698.0259723
2006-04-25,31.010767293174,31.03970908702,30.750291148563,30.848060905924,2743897.4287635
2006-04-26,30.821551195595,30.999944521526,30.741778856255,30.848060905924,2192303.21387
2006-04-27,30.750291148563,30.848060905924,30.577856427246,30.681584789223,4469801.9807614
2006-04-28,30.681584789223,30.999944521526,30.681584789223,30.989121749878,2495700.8017577
2006-05-01,30.930022120428,31.028886315372,30.706878457794,30.7189172712,1018598.9704977
2006-05-02,30.760019482628,30.831036321309,30.641820223729,30.7189172712,791299.72574204
2006-05-03,30.558521363291,30.652642995377,30.360792973403,30.3824385167,2203099.3102944
2006-05-04,31.301522877566,31.301522877566,30.3824385167,30.482640357578,1475795.9521518
2006-05-05,30.630875847905,30.831036321309,30.540523945269,30.781665025925,1189999.956384
2006-05-08,30.706878457794,30.821551195595,30.698487769662,30.770720650101,3090901.429311
2006-05-09,30.691191519113,30.760019482628,30.507934026149,30.546482549884,3177396.2284038
2006-05-10,30.507934026149,30.662249725267,30.500637775599,30.519972839555,2280700.0362481
2006-05-11,30.546482549884,30.652642995377,30.399341497139,30.459657168347,1620603.4354873
2006-05-12,30.3824385167,30.558521363291,30.360792973403,30.390950809007,1406102.635122
2006-05-15,30.459657168347,30.821551195595,30.399341497139,30.821551195595,2248900.4289858
2006-05-16,30.800878485705,30.999944521526,30.781665025925,30.901080326582,1808198.980575
2006-05-17,30.792609401749,31.010767293174,30.558521363291,30.577856427246,3359699.4393023
2006-05-18,30.630875847905,30.641820223729,30.429499332743,30.451266480215,1288500.5519766
2006-05-19,30.493463129226,30.493463129226,30.129258622638,30.276399675383,1091100.5494573
2006-05-22,30.158200416483,30.419892602853,30.13995979011,30.148472082418,873298.15505452
2006-05-23,30.248673923295,30.276399675383,30.010937759562,30.010937759562,2276201.179079
2006-05-24,30.06164670088,30.189574293846,29.791563826379,30.100316828792,1705699.4929575
2006-05-25,30.308989594503,30.419892602853,30.17984595978,30.3824385167,530996.97755575
2006-05-26,30.493463129226,30.60801426285,30.390950809007,30.546482549884,1935802.0248655
2006-05-30,30.342673951206,30.419892602853,30.091804536484,30.148472082418,1443898.5075975
2006-05-31,30.189574293846,30.360792973403,30.13995979011,30.342673951206,1170999.6226415
2006-06-01,30.471695981753,30.781665025925,30.399341497139,30.770720650101,876200.93775802
2006-06-02,30.90959261889,30.930022120428,30.706878457794,30.890135950758,969700.22364854
2006-06-05,30.750291148563,30.792609401749,30.390950809007,30.408948227029,878204.94398315
2006-06-06,30.471695981753,30.597191491202,30.298045218679,30.459657168347,3027300.5565272
2006-06-07,30.546482549884,30.867274365704,30.482640357578,30.597191491202,1461002.6219618
2006-06-08,30.630875847905,30.741778856255,30.298045218679,30.652642995377,2199299.4093718
2006-06-09,30.507934026149,30.670762017575,30.429499332743,30.429499332743,791501.20423302
2006-06-12,30.440322104391,30.540523945269,30.12074633033,30.12074633033,763801.64280575
2006-06-13,30.148472082418,30.37283178681,30.01945005187,30.042311636925,1069401.3988912
2006-06-14,29.941015358465,30.158200416483,29.941015358465,30.091804536484,1023001.6486339
2006-06-15,30.129258622638,30.588679198895,30.080981764836,30.459657168347,975499.15601875
2006-06-16,30.319690761975,30.482640357578,30.256943007251,30.308989594503,803098.23984375
2006-06-19,30.352280681096,30.408948227029,29.989292216266,30.080981764836,957801.38486612
2006-06-20,30.12074633033,30.12074633033,29.931408628575,29.967525068794,474102.10491628
2006-06-21,29.950622088354,30.248673923295,29.950622088354,30.12074633033,465900.35498698
2006-06-22,30.158200416483,30.158200416483,29.857838102202,29.950622088354,372299.91528616
2006-06-23,29.869876915608,30.12074633033,29.799832910335,29.97725340286,1943303.1602891
2006-06-26,29.967525068794,29.998898946156,29.780619450555,29.869876915608,754100.82657314
2006-06-27,29.772107158247,29.869876915608,29.491201512097,29.557475787921,673498.65149444
2006-06-28,29.640774648359,29.731248155171,29.428453757373,29.557475787921,481598.26556236
2006-06-29,29.811993327917,30.109923558682,29.731248155171,30.07125343077,632400.35585186
2006-06-30,30.100316828792,30.399341497139,30.091804536484,30.238945589229,1312401.8707405
2006-07-03,30.229217255164,30.360792973403,30.211219837142,30.298045218679,313800.67688514
2006-07-05,30.248673923295,30.287100842855,30.158200416483,30.267887383075,1093000.0853538
2006-07-06,30.189574293846,30.507934026149,30.189574293846,30.3824385167,937699.96702484
2006-07-07,30.298045218679,30.529579569445,30.298045218679,30.408948227029,699600.48019691
2006-07-10,30.529579569445,30.641820223729,30.459657168347,30.519972839555,1642099.4493033
2006-07-11,30.568249697356,30.652642995377,30.451266480215,30.588679198895,1552701.0383774
2006-07-12,30.641820223729,30.698487769662,30.419892602853,30.482640357578,677402.19361607
2006-07-13,30.308989594503,30.399341497139,30.100316828792,30.158200416483,788699.57533986
2006-07-14,30.158200416483,30.267887383075,29.848231372312,29.967525068794,1319700.6985436
2006-07-17,29.931408628575,30.222164212966,29.931408628575,30.091804536484,432599.19403257
2006-07-18,30.07125343077,30.211219837142,29.857838102202,30.091804536484,688998.40009721
2006-07-19,30.189574293846,30.90959261889,30.189574293846,30.800878485705,1708899.1040551
2006-07-20,30.90959261889,31.03970908702,30.831036321309,30.831036321309,1092700.7695709
2006-07-21,30.867274365704,31.028886315372,30.800878485705,30.972218769438,644201.35734236
2006-07-24,31.150733699546,31.629610943934,31.150733699546,31.571727356243,1857601.0090868
2006-07-25,31.418506094707,31.931067695798,31.418506094707,31.841810230744,2366199.0507003
2006-07-26,31.900909860194,32.04075466239,31.729691180636,31.98895128349,1877800.26422
2006-07-27,31.832081896679,31.85153856481,31.619882609869,31.832081896679,1919496.3622988
2006-07-28,31.900909860194,32.09985429184,31.822596770965,31.998679617555,1817001.8494589
2006-07-31,32.02154120261,32.02154120261,31.832081896679,31.891181526128,463100.384353
2006-08-01,31.879264316898,31.958793447886,31.71996284657,31.891181526128,3114995.93527
2006-08-02,32.09985429184,32.269978533815,32.030053494918,32.089153124367,633699.60192337
2006-08-03,31.85153856481,32.04075466239,31.739297910526,31.810436353382,2033402.1857206
2006-08-04,31.94906511382,31.98895128349,31.758632974482,31.822596770965,899700.95779913
2006-08-07,31.758632974482,31.841810230744,31.67776619756,31.71996284657,630800.96486788
2006-08-08,31.758632974482,31.869535982832,31.639217673824,31.71035611668,1020699.9848851
2006-08-09,31.931067695798,32.049266954698,31.71996284657,31.739297910526,739698.01642129
2006-08-10,31.542785562397,31.799613581734,31.542785562397,31.71035611668,679998.19837029
2006-08-11,31.639217673824,31.67776619756,31.448663930311,31.561999022177,456202.85527273
2006-08-14,31.67776619756,31.879264316898,31.59945310833,31.629610943934,408702.02091664
2006-08-15,31.869535982832,31.940796029864,31.76945574613,31.900909860194,651400.6895943
2006-08-16,31.998679617555,32.178288985245,31.98895128349,32.178288985245,1290599.9081049
2006-08-17,32.150563233158,32.358019957111,32.150563233158,32.259155762167,998298.56155413
2006-08-18,32.200056132717,32.321781912716,32.119189355795,32.310959141067,484900.68872942
2006-08-21,32.280801305463,32.301352411177,32.150563233158,32.200056132717,468900.97498234
2006-08-22,32.119189355795,32.338806497331,32.079424790301,32.301352411177,376197.65350065
2006-08-23,32.331510246781,32.331510246781,32.210878904365,32.280801305463,422001.25958083
2006-08-24,32.459437839746,32.561828555789,32.408607294253,32.500296842823,701202.35856967
2006-08-25,32.449709505681,32.582379661503,32.377233416891,32.522063990295,394298.38163519
2006-08-28,32.552221825899,32.863406911828,32.511241218647,32.729520714248,334999.03317739
2006-08-29,32.771717363258,32.89830731029,32.729520714248,32.881525934026,845802.5595071
2006-08-30,32.936977438201,32.967135273805,32.863406911828,32.89830731029,685699.29344854
2006-08-31,32.89830731029,32.908035644355,32.749950215786,32.800659157104,375901.65423612
2006-09-01,32.800659157104,33.007994276881,32.800659157104,32.967135273805,2468598.2136371
2006-09-05,32.945489730509,32.998509151167,32.822426304576,32.822426304576,805700.04850511
2006-09-06,32.845287889631,32.845287889631,32.618496101722,32.696930795128,1378000.9458424
2006-09-07,32.561828555789,32.62700839403,32.430496045901,32.459437839746,1418702.0884101
2006-09-08,32.543831137767,32.749950215786,32.478651299526,32.719913984358,468698.66736176
2006-09-11,32.719913984358,32.936977438201,32.601714725459,32.927249104135,1016902.5713512
2006-09-12,33.028666986771,33.330123738635,33.007994276881,33.30726215358,1090099.7900391
2006-09-13,33.330123738635,33.340946510283,33.158783454901,33.240866273581,905700.53953065
2006-09-14,33.152824850286,33.228827460175,33.071958073364,33.197453582813,557399.78030031
2006-09-15,33.250473003471,33.287927089625,33.144434162154,33.144434162154,1963499.9280336
2006-09-18,33.144434162154,33.219099126109,33.071958073364,33.132273744572,1559697.2338792
2006-09-19,33.144434162154,33.187846852923,33.007994276881,33.178240123033,693902.70163702
2006-09-20,33.197453582813,33.430325579513,33.178240123033,33.30726215358,716900.26914505
2006-09-21,33.330123738635,33.330123738635,33.051528571826,33.102115908968,572798.37509279
2006-09-22,32.998509151167,33.071958073364,32.833249076225,32.891132663916,1020699.9848851
2006-09-25,32.998509151167,33.093846825012,32.812697970511,33.017722610947,795698.25823042
2006-09-26,33.017722610947,33.071958073364,32.927249104135,33.051528571826,774200.58615527
2006-09-27,33.093846825012,33.144434162154,32.891132663916,33.144434162154,1074299.0673942
2006-09-28,33.144434162154,33.144434162154,32.975647566113,33.08168640743,463800.99885868
2006-09-29,33.268592025669,33.268592025669,33.061256905892,33.187846852923,575796.50769938
2006-10-02,33.08168640743,33.197453582813,32.967135273805,32.998509151167,423198.52271245
2006-10-03,32.975647566113,33.208397958637,32.936977438201,33.102115908968,1416099.4506192
2006-10-04,33.061256905892,33.390439409843,33.017722610947,33.390439409843,1627799.4512208
2006-10-05,33.278320359735,33.390439409843,33.208397958637,33.390439409843,1045297.7725068
2006-10-06,33.478480833138,33.478480833138,33.158783454901,33.260201337537,1331700.6911363
2006-10-09,33.250473003471,33.260201337537,33.093846825012,33.187846852923,806797.81608562
2006-10-10,33.240866273581,33.240866273581,32.891132663916,33.051528571826,1355100.3864967
2006-10-11,32.945489730509,33.113060284792,32.881525934026,33.040584196002,736700.71294428
2006-10-12,33.040584196002,33.268592025669,33.028666986771,33.240866273581,890599.60226192
2006-10-13,33.144434162154,33.158783454901,33.007994276881,33.132273744572,3143599.2479531
2006-10-16,33.040584196002,33.197453582813,32.998509151167,33.178240123033,969700.22364854
2006-10-17,33.197453582813,33.30726215358,33.061256905892,33.268592025669,1388401.5474511
2006-10-18,33.390439409843,33.648483470938,33.361497615997,33.6280539694,755701.04668672
2006-10-19,33.610056551378,33.77884314742,33.600328217312,33.600328217312,1427999.9476608
2006-10-20,33.619541677092,33.86323644544,33.552051359511,33.86323644544,1987398.7594087
2006-10-23,33.748685311816,33.947629743461,33.659427846762,33.947629743461,772700.69072239
2006-10-24,33.843901381485,33.843901381485,33.648483470938,33.843901381485,689201.53684738
2006-10-25,33.85362971555,33.85362971555,33.520799086324,33.638998345224,1141499.1917393
2006-10-26,33.720959559728,33.77884314742,33.5098547105,33.767898771596,2016299.7296155
2006-10-27,33.659427846762,33.708799142146,33.552051359511,33.6280539694,830098.01589497
2006-10-30,33.501342418193,33.610056551378,33.430325579513,33.441026746985,1657400.2068038
2006-10-31,33.450755081051,33.5098547105,33.219099126109,33.298749861273,1331498.3835156
2006-11-01,33.250473003471,33.570170381708,33.017722610947,33.061256905892,1867201.5006387
2006-11-02,32.956190897981,33.278320359735,32.956190897981,33.240866273581,1797799.2080958
2006-11-03,33.298749861273,33.369888304129,33.040584196002,33.071958073364,734999.33902042
2006-11-06,33.197453582813,33.530284212039,33.061256905892,33.468752499072,896897.67064683
2006-11-07,33.430325579513,33.834294651595,33.430325579513,33.726918164343,957801.38486612
2006-11-08,33.319300966987,33.319300966987,33.071958073364,33.219099126109,2985100.3476561
2006-11-09,33.071958073364,33.187846852923,32.280801305463,32.439981171615,4776400.0088762
2006-11-10,32.367748291176,32.543831137767,32.259155762167,32.490811717109,1914502.5147629
2006-11-13,32.321781912716,32.696930795128,32.321781912716,32.552221825899,1603299.5008912
2006-11-14,32.408607294253,32.855016223697,32.377233416891,32.822426304576,2427800.062907
2006-11-15,32.771717363258,33.122667014682,32.719913984358,32.975647566113,1415900.459517
2006-11-16,32.967135273805,33.187846852923,32.967135273805,33.122667014682,801401.01156784
2006-11-17,33.028666986771,33.228827460175,33.028666986771,33.219099126109,1078202.6095159
2006-11-20,33.219099126109,33.287927089625,33.071958073364,33.144434162154,1454502.2459564
2006-11-21,33.219099126109,33.219099126109,33.017722610947,33.093846825012,1509898.8814222
2006-11-22,33.061256905892,33.187846852923,33.017722610947,33.158783454901,1214999.8718579
2006-11-24,33.007994276881,33.08168640743,32.975647566113,33.017722610947,118699.8507259
2006-11-27,32.936977438201,32.975647566113,32.688540106996,32.800659157104,1512900.3305471
2006-11-28,32.740343485896,32.945489730509,32.740343485896,32.873013641718,1389204.1448966
2006-11-29,32.927249104135,33.122667014682,32.908035644355,33.102115908968,1137700.1199463
2006-11-30,33.152824850286,33.361497615997,33.132273744572,33.260201337537,1195396.7609018
2006-12-01,33.298749861273,33.361497615997,33.028666986771,33.228827460175,833402.09732115
2006-12-04,32.891132663916,33.144434162154,32.891132663916,33.071958073364,1611400.9261397
2006-12-05,33.132273744572,33.250473003471,33.028666986771,33.197453582813,1009103.7784039
2006-12-06,33.169727830725,33.278320359735,33.017722610947,33.250473003471,1639599.6235817
2006-12-07,33.260201337537,33.430325579513,33.158783454901,33.178240123033,605000.1102075
2006-12-08,33.152824850286,33.319300966987,33.017722610947,33.240866273581,827599.84843267
2006-12-11,33.298749861273,33.361497615997,33.187846852923,33.30726215358,348901.04905535
2006-12-12,33.319300966987,33.319300966987,33.152824850286,33.319300966987,1073899.4269306
2006-12-13,33.298749861273,33.441026746985,33.219099126109,33.250473003471,720201.03405292
2006-12-14,33.421813287205,33.590599883246,33.30726215358,33.421813287205,1075698.6381464
2006-12-15,33.298749861273,33.478480833138,33.268592025669,33.410868911381,709402.4502398
2006-12-18,33.478480833138,33.570170381708,33.400167743909,33.478480833138,1903800.1099826
2006-12-19,33.400167743909,33.697976370498,33.400167743909,33.648483470938,1605101.1994957
2006-12-20,33.790881960826,33.790881960826,33.600328217312,33.669034576652,1349002.1383436
2006-12-21,33.619541677092,33.737740935992,33.520799086324,33.581114757532,498801.04634819
2006-12-22,33.638998345224,33.638998345224,33.349458802591,33.441026746985,274998.2410843
2006-12-26,33.400167743909,33.468752499072,33.340946510283,33.4580513316,432699.51871327
2006-12-27,33.570170381708,33.648483470938,33.560442047643,33.619541677092,817798.70751933
2006-12-28,33.619541677092,33.688369640608,33.5098547105,33.581114757532,281599.77090003
2006-12-29,33.441026746985,33.638998345224,33.330123738635,33.49064125072,315899.20388384
2007-01-03,33.697976370498,33.85362971555,33.340946510283,33.501342418193,1806100.4535764
2007-01-04,33.697976370498,33.989826392471,33.542444629621,33.881355467638,1701901.2502942
2007-01-05,33.907865177967,33.907865177967,33.610056551378,33.688369640608,1529200.1892068
2007-01-08,33.748685311816,33.801704732474,33.520799086324,33.726918164343,1609901.0307069
2007-01-09,33.918687949615,33.918687949615,33.648483470938,33.688369640608,934800.50083969
2007-01-10,33.688369640608,33.812527504122,33.520799086324,33.748685311816,526302.44580284
2007-01-11,33.726918164343,34.122618152469,33.697976370498,34.122618152469,3075100.7066662
2007-01-12,34.150343904557,34.329953272247,34.079083857525,34.279244330929,1293200.8876367
2007-01-16,34.358895066092,34.379446171806,34.221360743237,34.358895066092,651001.8782603
2007-01-17,34.399875673345,34.679686881912,34.287756623236,34.559055539496,2826697.6263919
2007-01-18,34.619371210704,34.752162970702,34.52050701576,34.659257380374,2561301.5351187
2007-01-19,34.650745088066,34.790711494438,34.619371210704,34.66898571444,1521398.9088706
2007-01-22,34.731611864988,34.920949566744,34.399875673345,34.45909690697,5078498.3506923
2007-01-23,34.399875673345,34.47831036675,34.189986865875,34.279244330929,2029305.456404
2007-01-24,34.351720419719,34.580822686968,34.258814829391,34.538626037958,3488200.4309416
2007-01-25,34.550664851364,34.550664851364,34.370933879499,34.420426779059,3214302.4448267
2007-01-26,34.249086495325,34.351720419719,34.058654355987,34.231089077303,2592696.5271399
2007-01-29,34.249086495325,34.29870099906,34.129671194667,34.180501740161,1967502.1365767
2007-01-30,34.341992085653,34.379446171806,34.231089077303,34.351720419719,1187601.2844728
2007-01-31,34.379446171806,34.571215957078,34.287756623236,34.512116327629,1685899.0491583
2007-02-01,34.650745088066,34.830476059932,34.608670043232,34.800318224328,2628200.6854216
2007-02-02,34.870362229601,34.899304023447,34.659257380374,34.731611864988,1197599.7582291
2007-02-05,34.731611864988,34.781104764548,34.580822686968,34.72078909334,3132599.185649
2007-02-06,34.731611864988,34.742434636636,34.53011374565,34.619371210704,2216100.8914348
2007-02-07,34.62909954477,34.72078909334,34.571215957078,34.66898571444,1572702.131538
2007-02-08,34.62909954477,34.72078909334,33.697976370498,34.640043920594,1345800.0398573
2007-02-09,34.731611864988,34.731611864988,34.450584614663,34.538626037958,2625700.0305706
2007-02-12,34.501171951805,34.52050701576,34.351720419719,34.391484985213,1421021.1638804
2007-02-13,34.399875673345,34.538626037958,34.399875673345,34.52050701576,1295036.5805546
2007-02-14,34.512116327629,34.742434636636,34.512116327629,34.708628675758,2023308.3620611
2007-02-15,34.752162970702,34.889575689381,34.679686881912,34.870362229601,1134097.5518667
2007-02-16,34.650745088066,34.770160388724,34.650745088066,34.731611864988,1294301.9717355
2007-02-20,34.659257380374,34.800318224328,34.659257380374,34.752162970702,738999.06017479
2007-02-21,34.659257380374,34.679686881912,34.550664851364,34.591645458616,975799.30093116
2007-02-22,34.640043920594,34.650745088066,34.439761843014,34.538626037958,1374700.1809345
2007-02-23,34.512116327629,34.512116327629,34.29870099906,34.391484985213,898002.07126401
2007-02-26,34.469919678618,34.559055539496,34.399875673345,34.53011374565,1881408.6362067
2007-02-27,34.269759205215,34.341992085653,33.158783454901,33.478480833138,3057900.4132691
2007-02-28,33.552051359511,33.979003620823,33.552051359511,33.6798573483,2330100.4065006
2007-03-01,33.430325579513,33.720959559728,33.113060284792,33.560442047643,2406629.8970209
2007-03-02,33.501342418193,33.669034576652,33.260201337537,33.260201337537,2559101.0251801
2007-03-05,33.102115908968,33.450755081051,32.975647566113,33.093846825012,1745196.7393569
2007-03-06,33.287927089625,33.542444629621,32.998509151167,33.441026746985,2897501.9770757
2007-03-07,33.349458802591,33.600328217312,33.287927089625,33.450755081051,1175799.4538527
2007-03-08,33.581114757532,33.957236473351,33.501342418193,33.560442047643,1160999.490626
2007-03-09,33.748685311816,33.801704732474,33.542444629621,33.6280539694,1147299.7823686
2007-03-12,33.669034576652,33.726918164343,33.478480833138,33.6280539694,2443701.1102326
2007-03-13,33.552051359511,33.648483470938,33.08168640743,33.08168640743,3381503.0601972
2007-03-14,33.187846852923,33.268592025669,32.891132663916,33.208397958637,3423800.2772306
2007-03-15,33.169727830725,33.298749861273,33.113060284792,33.287927089625,1381998.179608
2007-03-16,33.260201337537,33.268592025669,33.040584196002,33.197453582813,859202.12285195
2007-03-19,33.228827460175,33.4580513316,33.152824850286,33.4580513316,782466.17906322
2007-03-20,33.319300966987,33.648483470938,33.319300966987,33.6280539694,2088933.1401804
2007-03-21,33.600328217312,34.029712562141,33.478480833138,33.968180849175,1889098.8131774
2007-03-22,34.009161456427,34.10194544258,33.89935288566,34.090028233349,1666999.0400966
2007-03-23,33.998338684779,34.329953272247,33.400167743909,33.918687949615,1487454.3433524
2007-03-26,34.019984228075,34.019984228075,33.726918164343,33.968180849175,961501.79023753
2007-03-27,33.89935288566,33.89935288566,33.669034576652,33.726918164343,2973098.6968042
2007-03-28,33.697976370498,33.748685311816,33.501342418193,33.501342418193,2763592.5731045
2007-03-29,33.590599883246,33.697976370498,33.4580513316,33.659427846762,2708129.6072712
2007-03-30,33.648483470938,33.871627133572,33.361497615997,33.648483470938,3073849.5501111
2007-04-02,33.801704732474,33.890962197528,33.720959559728,33.834294651595,1188801.0349931
2007-04-03,33.998338684779,34.269759205215,33.928294679505,34.180501740161,982482.08544702
2007-04-04,34.200931241699,34.399875673345,34.10194544258,34.379446171806,922590.73846016
2007-04-05,34.358895066092,34.650745088066,34.358895066092,34.619371210704,1102376.7119157
2007-04-09,34.619371210704,34.640043920594,34.52050701576,34.62909954477,1307676.6611927
2007-04-10,34.550664851364,34.688199174219,34.501171951805,34.679686881912,1422350.2586172
2007-04-11,34.650745088066,34.66898571444,34.431249550707,34.53011374565,2447510.9607102
2007-04-12,34.47831036675,34.969226424545,34.370933879499,34.920949566744,1072436.8423294
2007-04-13,35.179115232015,35.447982064758,35.158564126301,35.42986304256,2666676.444163
2007-04-16,35.530064883438,35.769989922336,35.48896267201,35.769989922336,3204803.9362145
2007-04-17,35.942546247828,35.997997752003,35.871407804971,35.879798493103,2848942.3442299
2007-04-18,35.838817885851,35.879798493103,35.595123117503,35.871407804971,2173894.049527
2007-04-19,35.78093429816,36.089687300573,35.698973083655,36.017332815958,3099383.4250427
2007-04-20,36.151219013539,36.22831606101,36.038978359255,36.158393659912,2496651.8134003
2007-04-23,36.271850355955,36.282551523427,36.099294030463,36.201806350681,1399880.8466597
2007-04-24,36.22831606101,36.292279857493,36.059529464969,36.201806350681,1031132.0934183
2007-04-25,36.22831606101,36.377889197272,35.750776462556,36.309061233756,1995177.6532458
2007-04-26,36.329733943646,36.509343311336,36.292279857493,36.350163445184,1129339.1771352
2007-04-27,36.318789567822,36.340435111118,36.158393659912,36.22831606101,842719.02655247
2007-04-30,36.329733943646,36.329733943646,36.099294030463,36.110116802111,1364418.1448575
2007-05-01,36.059529464969,36.239260436834,36.017332815958,36.190983579033,2680856.2184546
2007-05-02,36.318789567822,36.458634370018,36.201806350681,36.4189914087,1347800.7295641
2007-05-03,36.4189914087,36.550323918588,36.35989177925,36.500952623204,1303253.2548165
2007-05-04,37.038807892867,37.049752268691,36.450365286062,36.698802617267,942299.97800413
2007-05-07,36.737351141003,36.778331748255,36.698802617267,36.778331748255,2263072.7411108
2007-05-08,36.716800035289,36.716800035289,36.540717188698,36.639581383642,1927303.446542
2007-05-09,36.698802617267,36.808489583859,36.613071673312,36.757902246717,1841059.8737157
2007-05-10,36.660132489356,36.660132489356,36.028155587607,36.110116802111,1367349.9470968
2007-05-11,36.007604481893,36.302008191559,35.958233186509,36.249961604307,1189280.2718977
2007-05-14,36.271850355955,36.48040151749,36.20910260123,36.20910260123,1162567.3746855
2007-05-15,36.151219013539,36.428476534414,36.151219013539,36.170432473319,2288209.4629676
2007-05-16,36.439420910238,36.622678403202,36.340435111118,36.580481754192,3063740.8021189
2007-05-17,36.491224289138,36.491224289138,36.350163445184,36.439420910238,1415399.665243
2007-05-18,36.520166082984,36.639581383642,36.406830991117,36.591426130016,693667.22883275
2007-05-21,36.622678403202,36.707193305399,36.580481754192,36.670955261004,1412693.386253
2007-05-22,36.798761249793,36.808489583859,36.520166082984,36.649309717707,1101374.2942384
2007-05-23,36.798761249793,36.941159739681,36.689074283201,36.778331748255,1724443.6256559
2007-05-24,36.679467553311,36.872453380341,36.603464943422,36.639581383642,1955817.2132292
2007-05-25,36.580481754192,36.737351141003,36.550323918588,36.622678403202,997898.92109054
2007-05-29,36.649309717707,36.698802617267,36.52989441705,36.639581383642,1565593.1744117
2007-05-30,36.613071673312,36.649309717707,36.35989177925,36.649309717707,3189990.7069144
2007-05-31,36.707193305399,36.798761249793,36.622678403202,36.726528369355,1386602.3362353
2007-06-01,36.737351141003,36.820528397265,36.639581383642,36.769819455947,3572228.5694966
2007-06-04,36.603464943422,36.769819455947,36.603464943422,36.698802617267,1749121.8388479
2007-06-05,36.591426130016,36.649309717707,36.428476534414,36.613071673312,1685279.6893527
2007-06-06,36.540717188698,36.540717188698,36.201806350681,36.271850355955,3136325.2940378
2007-06-07,35.942546247828,36.201806350681,35.64935857992,35.727914877501,3281172.5755938
2007-06-08,35.389004039484,35.911172370465,35.389004039484,35.850856699257,1995520.0837675
2007-06-11,35.769989922336,36.038978359255,35.769989922336,35.860463429147,1267348.6269416
2007-06-12,35.750776462556,35.901565640575,35.572261532448,35.602419368052,2087298.9257535
2007-06-13,35.931723476179,35.931723476179,35.530064883438,35.889405222993,2144999.7123569
2007-06-14,36.017332815958,36.059529464969,35.509513777724,35.989607063871,1747397.2492956
2007-06-15,36.099294030463,36.151219013539,35.950936935959,36.070352236617,1221501.9061226
2007-06-18,36.007604481893,36.028155587607,35.80014775794,35.860463429147,984399.03306492
2007-06-19,35.911172370465,35.989607063871,35.830305593543,35.860463429147,1631962.510905
2007-06-20,36.059529464969,36.059529464969,35.360062245638,35.409433541022,1913601.2508959
2007-06-21,35.360062245638,35.509513777724,35.158564126301,35.509513777724,1597901.0381142
2007-06-22,35.291234282123,35.380491747176,34.878752917733,34.969226424545,3168607.4547231
2007-06-25,34.969226424545,35.261076446519,34.790711494438,34.910126795095,2120598.4284487
2007-06-26,35.080129432895,35.331120451793,35.010207031797,35.089857766961,1172802.9795052
2007-06-27,34.999384260149,35.380491747176,34.930556296634,35.380491747176,5263603.190484
2007-06-28,35.321392117727,35.540887655086,35.310447741903,35.409433541022,1713749.5121714
2007-06-29,35.360062245638,35.457710398824,34.958403652897,35.310447741903,1731500.3476179
2007-07-02,35.421472354429,35.698973083655,34.800318224328,35.509513777724,1264105.9011052
2007-07-03,35.64935857992,35.64935857992,35.540887655086,35.572261532448,671716.0228705
2007-07-05,35.478139900362,35.620416786074,35.380491747176,35.561317156624,3255574.0285539
2007-07-06,35.48896267201,35.639873454206,35.42986304256,35.639873454206,977727.85636343
2007-07-09,35.64935857992,35.668815248051,35.439591376626,35.530064883438,1264799.8825741
2007-07-10,35.389004039484,35.509513777724,35.148957396411,35.229702569157,1916688.1003688
2007-07-11,35.191032441245,35.447982064758,35.179115232015,35.350333911572,1717891.0144862
2007-07-12,35.389004039484,36.028155587607,35.389004039484,36.007604481893,863551.73669442
2007-07-13,35.942546247828,36.038978359255,35.819482821895,35.921995142114,1806646.8499778
2007-07-16,35.879798493103,35.997997752003,35.879798493103,35.958233186509,1388272.2032346
2007-07-17,35.80014775794,35.931723476179,35.769989922336,35.850856699257,1450298.5589223
2007-07-18,35.759288754863,35.759288754863,35.48896267201,35.750776462556,2247201.5424507
2007-07-19,35.668815248051,35.698973083655,35.421472354429,35.561317156624,1332529.8207288
2007-07-20,35.439591376626,35.499907047834,35.109071226741,35.229702569157,2122316.3849644
2007-07-23,35.540887655086,35.718186543435,35.421472354429,35.499907047834,1916090.2979326
2007-07-24,35.389004039484,35.540887655086,35.053619722566,35.138013020587,2853223.9694457
2007-07-25,35.360062245638,35.989607063871,34.940284630699,35.120015602565,2130401.2276212
2007-07-26,34.889575689381,34.940284630699,34.258814829391,34.399875673345,3470370.8281839
2007-07-27,34.269759205215,34.608670043232,33.581114757532,33.581114757532,3412003.421388
2007-07-30,33.6798573483,34.009161456427,33.600328217312,33.998338684779,2987827.354886
2007-07-31,34.469919678618,34.501171951805,33.619541677092,33.6280539694,2694109.0258616
2007-08-01,33.570170381708,33.998338684779,33.478480833138,33.86323644544,4001541.9229541
2007-08-02,33.881355467638,34.29870099906,33.881355467638,34.150343904557,2386201.8021201
2007-08-03,34.170773406095,34.307091687192,33.669034576652,33.6798573483,4094653.1761952
2007-08-06,33.843901381485,34.490349180156,33.843901381485,34.341992085653,3421525.9747583
2007-08-07,34.287756623236,34.790711494438,34.269759205215,34.501171951805,1754300.5822829
2007-08-08,34.598941709166,34.899304023447,34.450584614663,34.899304023447,2438072.1494289
2007-08-09,34.501171951805,34.760553658834,34.050142063679,34.079083857525,2228401.8580696
2007-08-10,33.881355467638,34.122618152469,33.619541677092,33.89935288566,2373230.069645
2007-08-13,34.122618152469,34.358895066092,33.998338684779,33.998338684779,2070998.2379644
2007-08-14,34.189986865875,34.200931241699,33.688369640608,33.720959559728,1358698.8089283
2007-08-15,33.697976370498,34.140615570491,33.560442047643,33.638998345224,2001100.1259252
2007-08-16,33.278320359735,33.720959559728,32.936977438201,33.648483470938,3455602.3718817
2007-08-17,34.399875673345,34.399875673345,33.390439409843,33.726918164343,1859150.6522951
2007-08-20,33.918687949615,34.029712562141,33.6798573483,33.890962197528,1554849.3131516
2007-08-21,33.790881960826,34.050142063679,33.726918164343,33.979003620823,1559107.7227389
2007-08-22,34.090028233349,34.200931241699,33.968180849175,34.150343904557,2742802.9777012
2007-08-23,34.231089077303,34.439761843014,34.140615570491,34.370933879499,6065197.3892469
2007-08-24,34.29870099906,34.580822686968,34.221360743237,34.580822686968,4721600.346717
2007-08-27,34.45909690697,34.550664851364,34.341992085653,34.341992085653,741496.39850748
2007-08-28,34.341992085653,34.358895066092,33.881355467638,33.989826392471,1447900.7161406
2007-08-29,33.998338684779,34.341992085653,33.86323644544,34.239601369611,1300100.9041057
2007-08-30,34.140615570491,34.439761843014,34.140615570491,34.239601369611,1152300.2629412
2007-08-31,34.490349180156,34.659257380374,34.341992085653,34.399875673345,1085200.4632768
2007-09-04,34.512116327629,34.8220853718,34.490349180156,34.697927508285,896402.68028006
2007-09-05,34.62909954477,34.688199174219,34.439761843014,34.62909954477,868199.00806054
2007-09-06,34.608670043232,34.859417853777,34.538626037958,34.742434636636,2101200.9416315
2007-09-07,34.431249550707,34.697927508285,34.221360743237,34.370933879499,2286100.1572842
2007-09-10,34.399875673345,34.53011374565,34.189986865875,34.399875673345,1057699.0638222
2007-09-11,34.490349180156,34.72078909334,34.370933879499,34.659257380374,864299.61158684
2007-09-12,34.66898571444,34.940284630699,34.640043920594,34.810046558394,1213100.3359615
2007-09-13,35.070522703005,35.138013020587,34.889575689381,34.889575689381,889499.34729259
2007-09-14,34.999384260149,34.999384260149,34.708628675758,34.790711494438,1140202.4330565
2007-09-17,34.708628675758,34.800318224328,34.469919678618,34.679686881912,2763000.5745753
2007-09-18,34.66898571444,35.310447741903,34.650745088066,35.29974657443,2328624.555826
2007-09-19,35.439591376626,35.668815248051,35.350333911572,35.439591376626,1623602.3972235
2007-09-20,35.478139900362,35.63014512014,35.331120451793,35.398489165198,1046301.0193137
2007-09-21,35.439591376626,35.519120507614,35.398489165198,35.447982064758,1371401.9034154
2007-09-24,35.321392117727,35.457710398824,35.272020822343,35.380491747176,1385099.9534137
2007-09-25,35.321392117727,35.42986304256,35.20805702586,35.261076446519,1824299.8481323
2007-09-26,35.371979454869,35.595123117503,35.331120451793,35.457710398824,751699.66727318
2007-09-27,35.657870872227,35.657870872227,35.467317128714,35.602419368052,822599.36786004
2007-09-28,35.530064883438,35.609715618602,35.281505948057,35.350333911572,1069198.2621411
2007-10-01,35.499907047834,35.889405222993,35.478139900362,35.889405222993,8321928.9472341
2007-10-02,35.901565640575,35.978662688047,35.561317156624,35.688028707831,2193700.2972334
2007-10-03,35.718186543435,35.830305593543,35.540887655086,35.830305593543,1216699.5875227
2007-10-04,35.819482821895,36.038978359255,35.79285150739,35.79285150739,1037804.0992494
2007-10-05,36.007604481893,36.249961604307,35.958233186509,36.249961604307,1831190.7441759
2007-10-08,36.158393659912,36.20910260123,35.978662688047,35.997997752003,783601.25747538
2007-10-09,36.180160807385,36.302008191559,36.048706693321,36.302008191559,473500.9859617
2007-10-10,36.302008191559,36.35989177925,36.190983579033,36.35989177925,1435034.2831238
2007-10-11,36.377889197272,36.388833573096,35.969055958157,36.048706693321,4141899.4677664
2007-10-12,36.121061177935,36.249961604307,35.997997752003,36.249961604307,1450298.5589223
2007-10-15,36.201806350681,36.388833573096,35.698973083655,35.860463429147,2198300.3082128
2007-10-16,35.80014775794,35.830305593543,35.530064883438,35.595123117503,3102999.2591956
2007-10-17,35.950936935959,35.950936935959,35.371979454869,35.620416786074,2439903.6966987
2007-10-18,35.229702569157,35.860463429147,35.229702569157,35.63014512014,1320498.3212116
2007-10-19,35.609715618602,35.64935857992,35.179115232015,35.198328691794,1611201.105908
2007-10-22,34.949891360589,35.198328691794,34.8220853718,35.198328691794,1972000.1646162
2007-10-23,35.229702569157,35.609715618602,35.191032441245,35.609715618602,2164496.6947253
2007-10-24,35.478139900362,35.48896267201,34.969226424545,35.350333911572,3290698.4454824
2007-10-25,35.089857766961,35.620416786074,35.089857766961,35.561317156624,2067401.4737919
2007-10-26,34.760553658834,35.738616044973,34.760553658834,35.679516415524,920399.34894703
2007-10-29,35.759288754863,35.860463429147,35.679516415524,35.830305593543,839397.53340473
2007-10-30,35.707242167611,35.879798493103,35.688028707831,35.79285150739,1220652.0482902
2007-10-31,34.899304023447,36.099294030463,34.899304023447,36.007604481893,1654541.3679688
2007-11-01,36.007604481893,36.078742924749,35.439591376626,35.509513777724,2415500.7545313
2007-11-02,35.398489165198,35.620416786074,35.218758193333,35.409433541022,2411014.3343062
2007-11-05,35.409433541022,35.727914877501,35.158564126301,35.389004039484,2652976.7359057
2007-11-06,35.340605577507,35.583084304097,35.033190221028,35.583084304097,1337399.2988257
2007-11-07,35.871407804971,35.871407804971,34.770160388724,34.770160388724,2126003.5242625
2007-11-08,34.189986865875,35.109071226741,34.189986865875,34.999384260149,3631750.9538149
2007-11-09,34.140615570491,35.350333911572,34.140615570491,34.910126795095,3258713.1131913
2007-11-12,34.029712562141,35.421472354429,34.029712562141,34.999384260149,2365965.2361552
2007-11-13,34.958403652897,35.583084304097,34.958403652897,35.457710398824,3230864.3084373
2007-11-14,35.48896267201,35.759288754863,35.331120451793,35.602419368052,2512454.1943044
2007-11-15,35.218758193333,35.750776462556,35.218758193333,35.380491747176,2425913.7930839
2007-11-16,35.499907047834,35.63014512014,35.29974657443,35.540887655086,2116398.057933
2007-11-19,35.602419368052,35.602419368052,35.20805702586,35.340605577507,1725002.4590012
2007-11-20,35.668815248051,35.668815248051,35.062132014873,35.409433541022,3843043.8517866
2007-11-21,34.969226424545,35.229702569157,34.619371210704,34.619371210704,2262585.2129104
2007-11-23,34.679686881912,35.281505948057,34.679686881912,35.179115232015,1331126.9334582
2007-11-26,35.499907047834,35.499907047834,34.889575689381,34.910126795095,2070700.5804406
2007-11-27,35.409433541022,35.698973083655,34.697927508285,35.360062245638,2117072.1402918
2007-11-28,35.871407804971,36.370592946722,35.609715618602,36.201806350681,1808884.670748
2007-11-29,35.769989922336,36.428476534414,35.561317156624,36.4189914087,5502175.2811797
2007-11-30,36.500952623204,36.580481754192,36.340435111118,36.469578745842,2469440.6093031
2007-12-03,36.830135127155,36.830135127155,36.170432473319,36.239260436834,1649806.2088658
2007-12-04,35.727914877501,36.377889197272,35.657870872227,36.22831606101,1344437.7799368
2007-12-05,36.580481754192,36.603464943422,36.302008191559,36.520166082984,1904000.759344
2007-12-06,36.271850355955,36.798761249793,36.271850355955,36.769819455947,2719954.6535198
2007-12-07,36.698802617267,36.820528397265,36.629974653752,36.748173912651,3442866.9413404
2007-12-10,36.649309717707,36.820528397265,36.570875024302,36.820528397265,1115796.1743709
2007-12-11,36.550323918588,36.798761249793,36.007604481893,36.249961604307,2244612.9998627
2007-12-12,37.890280331975,37.890280331975,35.958233186509,36.271850355955,2767823.6214151
2007-12-13,35.830305593543,36.249961604307,35.80014775794,36.249961604307,2107400.3435949
2007-12-14,35.668815248051,36.089687300573,35.668815248051,35.698973083655,1130562.1432842
2007-12-17,35.595123117503,35.830305593543,35.321392117727,35.321392117727,1637738.2276465
2007-12-18,35.989607063871,35.989607063871,35.409433541022,35.595123117503,2168415.9903091
2007-12-19,35.360062245638,35.78093429816,35.360062245638,35.572261532448,1663012.5850157
2007-12-20,35.48896267201,35.78093429816,35.48896267201,35.78093429816,2094559.6135953
2007-12-21,35.989607063871,35.989607063871,35.727914877501,35.871407804971,2064086.613681
2007-12-24,35.759288754863,36.007604481893,35.759288754863,35.989607063871,510221.4773557
2007-12-26,36.070352236617,36.070352236617,35.769989922336,35.950936935959,1036994.8687672
2007-12-27,35.978662688047,35.989607063871,35.530064883438,35.583084304097,989007.33534015
2007-12-28,35.830305593543,35.830305593543,35.42986304256,35.439591376626,1060402.0262939
2007-12-31,35.860463429147,35.860463429147,35.198328691794,35.310447741903,1497269.5794687
2008-01-02,35.63014512014,35.63014512014,34.708628675758,34.940284630699,6611268.7719245
2008-01-03,35.281505948057,35.29974657443,35.033190221028,35.148957396411,2544385.6331719
2008-01-04,34.889575689381,35.158564126301,34.760553658834,34.790711494438,3270505.823386
2008-01-07,34.8220853718,35.583084304097,34.8220853718,35.478139900362,5457838.4053487
2008-01-08,35.657870872227,36.388833573096,35.572261532448,35.769989922336,6231188.304542
2008-01-09,36.017332815958,36.428476534414,35.889405222993,36.406830991117,8323325.2014676
2008-01-10,36.329733943646,36.561268294412,36.140274637715,36.35989177925,5622260.6074547
2008-01-11,36.282551523427,36.613071673312,36.180160807385,36.469578745842,3495961.9130573
2008-01-14,36.406830991117,36.491224289138,36.140274637715,36.190983579033,4276446.4723944
2008-01-15,36.078742924749,36.089687300573,35.679516415524,35.78093429816,5242474.4810775
2008-01-16,35.530064883438,36.282551523427,35.530064883438,35.871407804971,4217230.0368958
2008-01-17,36.017332815958,36.370592946722,35.148957396411,35.179115232015,6972057.8810775
2008-01-18,35.321392117727,35.321392117727,34.469919678618,34.66898571444,7714806.2652698
2008-01-22,34.200931241699,34.501171951805,30.360792973403,33.410868911381,9254144.2220044
2008-01-23,32.771717363258,33.648483470938,32.459437839746,33.648483470938,10737890.697819
2008-01-24,33.77884314742,33.77884314742,33.250473003471,33.520799086324,5734832.3613622
2008-01-25,33.968180849175,33.968180849175,32.543831137767,32.987564775343,6073669.4354234
2008-01-28,33.208397958637,33.410868911381,32.873013641718,33.410868911381,5296754.2789822
2008-01-29,33.610056551378,33.610056551378,33.390439409843,33.501342418193,2396966.3916199
2008-01-30,33.542444629621,33.619541677092,33.113060284792,33.113060284792,3951848.0408257
2008-01-31,32.812697970511,33.697976370498,32.812697970511,33.697976370498,3974315.7945241
2008-02-01,33.369888304129,33.890962197528,33.369888304129,33.86323644544,3571158.1631928
2008-02-04,33.748685311816,34.10194544258,33.748685311816,33.979003620823,2793093.0040067
2008-02-05,33.726918164343,33.871627133572,33.287927089625,33.361497615997,4460031.5176429
2008-02-06,33.6280539694,33.697976370498,33.340946510283,33.450755081051,3089390.7551935
2008-02-07,33.340946510283,33.520799086324,33.122667014682,33.319300966987,2785757.6945015
2008-02-08,33.187846852923,33.287927089625,32.917642374245,33.113060284792,2769013.4223803
2008-02-11,32.891132663916,33.061256905892,32.759678549852,33.007994276881,2631297.4844498
2008-02-12,33.400167743909,33.552051359511,33.152824850286,33.49064125072,2420100.7655107
2008-02-13,33.530284212039,33.708799142146,33.349458802591,33.441026746985,2114069.8620372
2008-02-14,33.501342418193,33.669034576652,33.158783454901,33.298749861273,2708702.5358197
2008-02-15,33.007994276881,33.361497615997,32.998509151167,33.330123738635,2759956.0107116
2008-02-19,33.330123738635,33.767898771596,33.330123738635,33.748685311816,2804354.2421323
2008-02-20,33.260201337537,33.648483470938,33.144434162154,33.648483470938,3062016.2125665
2008-02-21,34.140615570491,34.150343904557,33.017722610947,33.298749861273,2438834.1195243
2008-02-22,33.298749861273,33.369888304129,32.688540106996,33.369888304129,2672880.820904
2008-02-25,33.268592025669,33.801704732474,33.260201337537,33.801704732474,2575227.5957549
2008-02-26,33.726918164343,33.918687949615,33.49064125072,33.501342418193,3024513.8519667
2008-02-27,33.560442047643,33.748685311816,33.468752499072,33.648483470938,3035849.7117558
2008-02-28,33.400167743909,33.400167743909,33.169727830725,33.260201337537,4668803.0325239
2008-02-29,33.051528571826,33.071958073364,32.62700839403,32.800659157104,4110886.7044874
2008-03-03,32.64622185381,32.822426304576,32.601714725459,32.791052427214,2418890.2363056
2008-03-04,32.511241218647,32.855016223697,32.500296842823,32.833249076225,3206788.8724591
2008-03-05,32.759678549852,32.998509151167,32.449709505681,32.771717363258,3494296.1917059
2008-03-06,32.812697970511,32.812697970511,32.04075466239,32.108366584147,2623473.8176146
2008-03-07,32.09985429184,32.09985429184,31.619882609869,31.739297910526,3992524.3095057
2008-03-10,31.65855273778,31.799613581734,30.792609401749,30.999944521526,2871405.1231508
2008-03-11,30.901080326582,31.619882609869,30.662249725267,31.301522877566,3730081.5778411
2008-03-12,31.191714306798,31.448663930311,31.119359822184,31.301522877566,3182697.6830185
2008-03-13,30.930022120428,31.522234456683,30.620053076257,31.261636707896,4518529.0977848
2008-03-14,31.320736337346,31.77906247602,30.459657168347,30.681584789223,5051854.2712363
2008-03-17,30.080981764836,30.857667635814,29.998898946156,30.641820223729,4885567.3566767
2008-03-18,31.091634070096,31.77906247602,30.770720650101,31.59945310833,6180642.0771925
2008-03-19,31.411209844157,31.91063819426,30.507934026149,31.191714306798,7359678.4529745
2008-03-20,31.511411685035,31.511411685035,30.951667663725,31.091634070096,2021975.1216764
2008-03-24,31.428234428773,31.700749386791,31.229046788775,31.501683350969,2458686.7984879
2008-03-25,31.490860579321,31.700749386791,31.377403883279,31.561999022177,3434686.7487805
2008-03-26,31.411209844157,31.428234428773,31.249719498665,31.249719498665,2507132.0114499
2008-03-27,31.440151638003,31.561999022177,31.119359822184,31.411209844157,5658180.1596623
2008-03-28,31.669375509428,31.669375509428,31.141126969656,31.330464671411,2423885.7421006
2008-03-31,30.792609401749,31.170068763502,30.620053076257,31.170068763502,3496815.087408
2008-04-01,31.301522877566,31.71996284657,31.068772485041,31.669375509428,3015114.8389057
2008-04-02,31.758632974482,31.76945574613,31.411209844157,31.448663930311,1405736.1598421
2008-04-03,31.469093431849,31.530625144815,31.310035169873,31.350894172949,1899950.4612845
2008-04-04,31.278661292511,31.891181526128,31.278661292511,31.59945310833,2810644.0192213
2008-04-07,31.98895128349,32.049266954698,31.788790810086,31.958793447886,3393551.1423063
2008-04-08,31.900909860194,31.920123319974,31.747688598658,31.85153856481,1641607.775455
2008-04-09,31.841810230744,31.879264316898,31.552392292287,31.700749386791,1668448.3586243
2008-04-10,31.67776619756,32.069696456236,31.619882609869,31.94906511382,1917435.1461318
2008-04-11,31.879264316898,31.931067695798,31.448663930311,31.530625144815,3177571.1747479
2008-04-14,31.490860579321,31.561999022177,31.310035169873,31.389564300861,1089663.6678735
2008-04-15,31.469093431849,31.530625144815,31.249719498665,31.359406465257,2110448.223977
2008-04-16,31.448663930311,31.561999022177,31.290578501742,31.530625144815,2732393.255667
2008-04-17,31.428234428773,31.480037807673,31.212265412512,31.330464671411,1481907.4663784
2008-04-18,31.747688598658,31.799613581734,31.530625144815,31.629610943934,2282937.8570184
2008-04-21,31.522234456683,31.651256487231,31.459486701959,31.530625144815,3293735.5471799
2008-04-22,31.369134799323,31.369134799323,31.018063543724,31.200226599106,2659808.7637482
2008-04-23,31.261636707896,31.501683350969,31.18089153515,31.301522877566,901659.3618966
2008-04-24,31.480037807673,31.65855273778,31.200226599106,31.399292634927,1694097.4825692
2008-04-25,31.65855273778,31.869535982832,31.589724774265,31.810436353382,3163613.6071872
2008-04-28,31.920123319974,32.049266954698,31.822596770965,31.998679617555,3836063.4097471
2008-04-29,31.799613581734,31.799613581734,31.530625144815,31.651256487231,1089825.348144
2008-04-30,31.799613581734,31.859929252942,31.448663930311,31.480037807673,1832985.8097437
2008-05-01,31.359406465257,32.058995288763,31.359406465257,32.04075466239,1808907.8863766
2008-05-02,32.140956503268,32.190327798652,31.998679617555,32.049266954698,2250223.7198155
2008-05-05,32.049266954698,32.058995288763,31.869535982832,31.958793447886,886185.31631129
2008-05-06,31.788790810086,31.998679617555,31.669375509428,31.900909860194,1703351.3979515
2008-05-07,31.879264316898,32.02154120261,31.469093431849,31.619882609869,2287300.7369342
2008-05-08,31.59945310833,31.747688598658,31.501683350969,31.501683350969,2157483.0875021
2008-05-09,31.501683350969,31.501683350969,31.261636707896,31.469093431849,1469194.4223361
2008-05-12,31.589724774265,31.71035611668,31.448663930311,31.71035611668,1082149.2663763
2008-05-13,31.71996284657,31.739297910526,31.411209844157,31.411209844157,1293092.2716601
2008-05-14,31.480037807673,31.758632974482,31.480037807673,31.669375509428,1528726.7562094
2008-05-15,31.552392292287,31.629610943934,31.399292634927,31.577685960858,1213125.2098493
2008-05-16,31.610275879979,31.700749386791,31.469093431849,31.700749386791,1381566.2030902
2008-05-19,31.577685960858,31.900909860194,31.542785562397,31.900909860194,2174889.8341677
2008-05-20,31.669375509428,31.96973782371,31.651256487231,31.810436353382,1653316.7435606
2008-05-21,31.91063819426,32.02154120261,31.501683350969,31.530625144815,2029168.6500212
2008-05-22,31.501683350969,31.891181526128,31.459486701959,31.869535982832,995283.84635565
2008-05-23,31.589724774265,31.65855273778,31.350894172949,31.350894172949,1328861.7514115
2008-05-27,31.330464671411,31.669375509428,31.330464671411,31.480037807673,1597605.8679792
2008-05-28,31.511411685035,31.71035611668,31.399292634927,31.448663930311,1394000.6595894
2008-05-29,31.418506094707,32.251859511618,31.418506094707,32.128917689861,2288490.5378995
2008-05-30,32.119189355795,32.200056132717,31.98895128349,32.079424790301,1456780.6940767
2008-06-02,32.04075466239,32.119189355795,31.589724774265,31.700749386791,1672090.7249243
2008-06-03,31.822596770965,32.04075466239,31.71035611668,31.91063819426,2668533.6944503
2008-06-04,31.879264316898,32.089153124367,31.76945574613,31.920123319974,2460816.8324111
2008-06-05,31.94906511382,32.259155762167,31.869535982832,32.200056132717,1914353.2714363
2008-06-06,31.931067695798,31.96973782371,31.301522877566,31.418506094707,2634665.4088546
2008-06-09,31.411209844157,31.552392292287,31.091634070096,31.249719498665,3173075.6340972
2008-06-10,31.049437421086,31.238775122841,30.930022120428,30.951667663725,1942926.7354541
2008-06-11,31.018063543724,31.018063543724,30.568249697356,30.641820223729,2322152.3702267
2008-06-12,30.750291148563,30.930022120428,30.010937759562,30.3824385167,3137069.0232824
2008-06-13,30.848060905924,31.301522877566,30.750291148563,30.857667635814,1882692.9579455
2008-06-16,31.018063543724,31.119359822184,30.7189172712,30.962612039549,1597363.7621383
2008-06-17,31.249719498665,31.249719498665,30.800878485705,30.878218741528,1496256.3831067
2008-06-18,30.821551195595,30.919077744604,30.493463129226,30.529579569445,2383644.7664567
2008-06-19,30.248673923295,30.878218741528,30.248673923295,30.568249697356,1779715.8916827
2008-06-20,30.459657168347,30.493463129226,29.920464252751,29.998898946156,2037843.8329479
2008-06-23,30.222164212966,30.37283178681,30.211219837142,30.222164212966,1360143.9818081
2008-06-24,30.238945589229,30.482640357578,30.06164670088,30.3306351378,1782742.2146955
2008-06-25,30.37283178681,30.867274365704,30.342673951206,30.670762017575,2678819.8761752
2008-06-26,30.37283178681,30.507934026149,29.897602667696,30.053134408573,2324672.9241879
2008-06-27,30.109923558682,30.440322104391,30.07125343077,30.248673923295,2161802.0235496
2008-06-30,30.080981764836,30.972218769438,30.080981764836,30.577856427246,2441644.0397134
2008-07-01,30.189574293846,30.691191519113,30.189574293846,30.577856427246,10508271.548463
2008-07-02,30.810606819771,30.890135950758,30.37283178681,30.37283178681,2258882.3201503
2008-07-03,30.529579569445,30.691191519113,30.419892602853,30.500637775599,2497662.5223736
2008-07-07,30.493463129226,30.681584789223,30.13995979011,30.298045218679,3816951.1435097
2008-07-08,30.287100842855,31.278661292511,30.287100842855,31.101240799986,4317292.7126408
2008-07-09,31.290578501742,31.729691180636,31.101240799986,31.249719498665,6234142.4932801
2008-07-10,31.369134799323,31.440151638003,30.972218769438,31.418506094707,5928496.3059376
2008-07-11,31.091634070096,31.191714306798,30.741778856255,30.821551195595,4324065.8722822
2008-07-14,30.930022120428,31.501683350969,30.741778856255,31.028886315372,3421930.5899994
2008-07-15,30.800878485705,31.440151638003,30.741778856255,31.18089153515,5179129.8093378
2008-07-16,31.501683350969,31.651256487231,31.261636707896,31.399292634927,8097713.2354332
2008-07-17,31.651256487231,31.810436353382,31.261636707896,31.71035611668,3847497.9359577
2008-07-18,31.788790810086,31.98895128349,31.428234428773,31.700749386791,2858737.6812361
2008-07-21,31.700749386791,31.71035611668,31.091634070096,31.141126969656,4387788.6271161
2008-07-22,31.057828109217,31.59945310833,30.989121749878,31.571727356243,3187349.9291622
2008-07-23,31.629610943934,31.98895128349,31.629610943934,31.71035611668,3801522.7000518
2008-07-24,31.651256487231,32.058995288763,31.651256487231,31.67776619756,5173558.8876056
2008-07-25,31.71996284657,32.04075466239,31.71996284657,31.869535982832,5850136.9264067
2008-07-28,32.338806497331,32.338806497331,31.610275879979,31.610275879979,2640931.970315
2008-07-29,31.841810230744,32.009380785028,31.76945574613,31.931067695798,3637897.2914843
2008-07-30,31.940796029864,32.089153124367,31.552392292287,31.920123319974,5642878.5730321
2008-07-31,31.931067695798,32.321781912716,31.832081896679,31.94906511382,4034969.1116065
2008-08-01,32.069696456236,32.108366584147,31.571727356243,31.71035611668,4288195.2387205
2008-08-04,31.879264316898,32.251859511618,31.619882609869,31.980438991182,3126968.5665862
2008-08-05,32.399122168539,33.071958073364,32.069696456236,33.017722610947,3274034.5989317
2008-08-06,32.771717363258,33.152824850286,32.439981171615,33.152824850286,9166951.2957945
2008-08-07,32.759678549852,33.051528571826,32.500296842823,32.749950215786,3833532.9062307
2008-08-08,32.657166229634,33.349458802591,32.637831165678,33.319300966987,6504624.465474
2008-08-11,33.468752499072,33.501342418193,33.144434162154,33.349458802591,2849518.5892968
2008-08-12,33.278320359735,33.478480833138,33.219099126109,33.278320359735,3521052.2036568
2008-08-13,33.178240123033,33.369888304129,33.007994276881,33.298749861273,5973712.0591366
2008-08-14,33.08168640743,33.570170381708,32.891132663916,33.278320359735,3494069.0101975
2008-08-15,33.208397958637,33.697976370498,33.208397958637,33.610056551378,3045423.6711607
2008-08-18,33.737740935992,33.737740935992,33.152824850286,33.330123738635,2169615.7408296
2008-08-19,33.158783454901,33.30726215358,32.881525934026,33.178240123033,7032217.8660524
2008-08-20,33.08168640743,33.113060284792,32.696930795128,32.967135273805,4168495.457706
2008-08-21,32.729520714248,33.093846825012,32.543831137767,32.759678549852,2710253.8372872
2008-08-22,33.040584196002,33.369888304129,32.891132663916,33.30726215358,3494437.9728663
2008-08-25,33.061256905892,33.178240123033,32.62700839403,32.771717363258,2074944.0656953
2008-08-26,32.759678549852,32.956190897981,32.593202433151,32.729520714248,1344410.4186602
2008-08-27,32.759678549852,32.812697970511,32.522063990295,32.781324093148,2616232.1997535
2008-08-28,32.833249076225,33.007994276881,32.800659157104,32.967135273805,1667041.3257058
2008-08-29,32.967135273805,33.061256905892,32.61010541359,32.61010541359,2408293.9601131
2008-09-02,32.89830731029,33.30726215358,32.552221825899,32.552221825899,5185162.5562531
2008-09-03,32.64622185381,32.791052427214,32.459437839746,32.740343485896,3011277.6271515
2008-09-04,32.511241218647,32.582379661503,31.869535982832,32.02154120261,11658096.85957
2008-09-05,31.65855273778,32.058995288763,31.501683350969,31.85153856481,5803105.3793999
2008-09-08,32.388177792715,32.468922965461,31.998679617555,32.377233416891,7643870.9121104
2008-09-09,32.511241218647,32.637831165678,31.841810230744,32.09985429184,3408560.8753199
2008-09-10,32.02154120261,32.09985429184,31.841810230744,31.96973782371,5238973.0668083
2008-09-11,31.501683350969,32.367748291176,31.501683350969,32.09985429184,3970699.1312415
2008-09-12,32.210878904365,32.399122168539,31.998679617555,32.399122168539,3869142.3639708
2008-09-15,31.799613581734,32.160169963048,31.501683350969,31.501683350969,6297608.2179405
2008-09-16,31.229046788775,32.030053494918,31.018063543724,31.448663930311,7326079.6344964
2008-09-17,31.010767293174,31.542785562397,30.12074633033,30.951667663725,6844090.0197664
2008-09-18,30.670762017575,31.389564300861,30.352280681096,31.350894172949,14902738.814448
2008-09-19,32.740343485896,33.08168640743,31.057828109217,31.552392292287,4820914.3184399
2008-09-22,31.261636707896,31.920123319974,30.459657168347,30.800878485705,4334230.171957
2008-09-23,30.729861647024,30.90959261889,30.07125343077,30.07125343077,3318587.8775863
2008-09-24,30.342673951206,30.670762017575,30.229217255164,30.352280681096,4029530.0214795
2008-09-25,30.3824385167,31.278661292511,30.3824385167,30.901080326582,9256125.0126012
2008-09-26,30.750291148563,31.220777704819,30.529579569445,30.840764655374,5521084.4106669
2008-09-29,30.459657168347,31.057828109217,29.000285454302,30.148472082418,8689300.5162224
2008-09-30,30.267887383075,30.451266480215,29.780619450555,30.053134408573,3309719.5074647
2008-10-01,30.100316828792,30.482640357578,30.100316828792,30.248673923295,6053562.213675
2008-10-02,30.248673923295,30.588679198895,29.931408628575,30.298045218679,6353374.6452046
2008-10-03,30.597191491202,30.597191491202,29.649165336491,29.649165336491,6814363.2364853
2008-10-06,29.401944047044,29.878389207916,27.41189170971,28.541959315628,8544950.7124218
2008-10-07,28.719258203977,28.782005958701,27.391340603996,27.848450700913,5060118.2058852
2008-10-08,27.033216306199,27.819508907067,26.550812540712,27.351576038502,9958033.789584
2008-10-09,27.642331622894,27.642331622894,24.998535236339,25.248188609302,10773623.695869
2008-10-10,24.096353855912,25.540038631276,22.890283640106,24.140982588439,15960722.26972
2008-10-13,25.677572954131,27.828021199374,25.219246815456,27.052429765979,7756163.2493452
2008-10-14,28.449053725299,28.558862296067,26.840108874993,27.601229411466,12535854.073574
2008-10-15,27.372127144216,27.372127144216,24.900765478978,24.900765478978,8958616.7322085
2008-10-16,25.630512138088,26.700264072797,24.389419919644,26.199741285112,11304306.433308
2008-10-17,25.620905408198,27.509539862896,25.620905408198,26.102093131927,7742992.5257679
2008-10-20,26.449394658076,27.476949943775,26.418020780714,27.147767439824,8094162.0733883
2008-10-21,27.101922665539,27.710916378057,27.011570762903,27.072980871693,4888852.3681224
2008-10-22,26.750973014115,26.750973014115,25.36030765941,26.40123940445,10562389.666098
2008-10-23,25.812553589294,26.589361064447,24.949042336779,25.792124087756,7834749.8103845
2008-10-24,24.231334491075,26.022442396763,24.231334491075,25.699218497427,10636192.978518
2008-10-27,25.208302439632,25.748711396987,24.119215440967,24.599308727114,5929036.8984319
2008-10-28,25.430351664684,27.497622653665,24.583621788433,26.151464427311,7073243.1982909
2008-10-29,26.301037563573,26.848621167301,25.640118867978,25.968206934347,7502411.4540695
2008-10-30,26.279392020276,26.859565543125,25.989852477643,26.578538292799,4828387.2634575
2008-10-31,26.627909588183,27.206867069274,26.418020780714,26.600183836096,6100072.2381679
2008-11-03,26.668890195435,27.128432375868,26.668890195435,26.801681955433,3951572.769801
2008-11-04,27.401068938062,27.569855534103,27.072980871693,27.147767439824,3883961.397178
2008-11-05,27.112745437187,27.420282397842,26.438571886428,26.750973014115,5999425.0260602
2008-11-06,26.502414078734,26.627909588183,25.550861402924,26.102093131927,8637077.788837
2008-11-07,26.059896482917,26.589361064447,25.801852421822,26.428965156538,5676281.7169264
2008-11-10,27.122473771253,27.122473771253,26.048952107093,26.23707376709,4835783.9285524
2008-11-11,26.220292390826,26.32876331566,25.599138260726,25.770478544459,10627920.752573
2008-11-12,25.420623330618,25.729376333031,24.969593442493,25.199911751501,4237658.9609262
2008-11-13,25.020180779635,26.550812540712,24.530602367774,26.550812540712,7599645.1396448
2008-11-14,25.878949469293,26.712302886204,25.540038631276,25.540038631276,5996897.0099326
2008-11-17,25.080496450843,25.832010257426,25.010574049745,25.101047556557,6151428.5251293
2008-11-18,24.909277771285,25.450781166222,24.411065462941,25.26861811084,5928131.4889169
2008-11-19,25.409678954794,25.609961032374,24.096353855912,24.253223242723,6997765.0440939
2008-11-20,23.984234805804,24.389419919644,22.360819058575,23.559714628008,12781576.577876
2008-11-21,23.270175085375,23.670617636358,21.990534343196,23.588656421854,9508378.5707027
2008-11-24,23.699559430204,24.67044716997,23.609085923392,24.057683728001,6283928.4087934
2008-11-25,24.692092713266,24.84044980777,24.019135204265,24.221849365361,6164614.1730393
2008-11-26,23.759875101412,24.717386381837,23.759875101412,24.599308727114,6608697.641058
2008-11-28,24.740491175244,25.140812122051,24.542641181181,24.920100542933,1595024.7875578
2008-12-01,24.800806846452,24.800806846452,23.440299327351,23.638027717238,5771697.9504349
2008-12-02,23.910664279432,24.292866204041,23.578928087788,24.253223242723,7442439.6815121
2008-12-03,23.961251616574,25.031125155459,23.77069787306,24.829748640297,10260346.046834
2008-12-04,24.542641181181,24.949042336779,24.108392669319,24.35926208404,8388100.1217549
2008-12-05,23.879290402069,25.34109419963,23.739445599874,25.190305021611,8018122.5984574
2008-12-08,25.938049098743,25.938049098743,25.128773308645,25.390465495014,9152866.0422766
2008-12-09,25.25901138095,25.461725542046,24.740491175244,24.987590860515,8474832.0519117
2008-12-10,25.208302439632,25.289169216554,24.759704635024,24.920100542933,7121239.0230137
2008-12-11,24.717386381837,25.630512138088,24.717386381837,25.070889720953,9031030.4234312
2008-12-12,24.728330757661,25.190305021611,24.449735590852,25.121477058095,6547759.1033958
2008-12-15,25.529215859628,25.529215859628,24.829748640297,25.070889720953,4292471.0600291
2008-12-16,25.390465495014,26.181622262915,25.140812122051,26.059896482917,7632025.1376219
2008-12-17,25.740320708855,26.199741285112,25.640118867978,25.898162929073,9335198.2727107
2008-12-18,25.938049098743,26.510926371042,25.781179711932,26.091270360279,6011847.8747451
2008-12-19,26.257624872804,26.480768535438,25.938049098743,26.091270360279,8949447.3880445
2008-12-22,26.199741285112,26.209348015002,25.500274065782,25.910323346655,5075831.8699227
2008-12-23,26.029738647313,26.321588669287,25.748711396987,25.920051680721,3210158.4551232
2008-12-24,25.840279341381,25.947777432808,25.719769603141,25.832010257426,876879.99489427
2008-12-26,25.910323346655,25.989852477643,25.740320708855,25.850007675447,1040405.0787812
2008-12-29,25.920051680721,25.957262558523,25.420623330618,25.812553589294,1559310.0303595
2008-12-30,25.920051680721,26.392727112143,25.898162929073,26.311981939397,2865699.0532949
2008-12-31,26.480768535438,26.712302886204,26.369865527088,26.550812540712,2382996.3871153
2009-01-02,26.560297666426,27.22851261257,26.392727112143,27.093531977407,3589072.3371689
2009-01-05,27.122473771253,27.122473771253,26.659283465545,26.959524175651,3880600.9349396
2009-01-06,27.011570762903,27.082587601583,26.301037563573,26.51943866335,5732082.9676334
2009-01-07,26.069503212807,26.502414078734,26.069503212807,26.279392020276,3947270.4163454
2009-01-08,26.151464427311,26.428965156538,25.989852477643,26.428965156538,5521644.9022715
2009-01-09,26.438571886428,26.502414078734,25.999580811709,26.151464427311,3906387.6943968
2009-01-12,26.23707376709,26.246802101156,25.677572954131,25.812553589294,4811665.3778353
2009-01-13,25.812553589294,26.181622262915,25.740320708855,26.029738647313,5286115.7171804
2009-01-14,25.599138260726,25.869221135227,25.409678954794,25.658237890175,3907530.2349753
2009-01-15,25.719769603141,25.929536806435,25.140812122051,25.840279341381,7710770.0624133
2009-01-16,26.129818884015,26.279392020276,25.719769603141,26.059896482917,4456580.6802788
2009-01-20,26.011619625115,26.311981939397,25.409678954794,25.430351664684,8966915.4903011
2009-01-21,25.770478544459,26.059896482917,25.278346444906,25.968206934347,6294300.8199959
2009-01-22,25.82228192336,26.220292390826,25.599138260726,26.079109942697,4778874.9607099
2009-01-23,25.878949469293,26.181622262915,25.609961032374,26.079109942697,4563261.4684313
2009-01-26,26.170799491267,26.311981939397,25.801852421822,25.938049098743,6880945.6592839
2009-01-27,26.199741285112,26.700264072797,26.151464427311,26.480768535438,5819162.3030889
2009-01-28,26.771524119829,27.072980871693,26.609912170161,26.886075253454,8140522.0254251
2009-01-29,26.539868164888,26.820895415213,26.392727112143,26.510926371042,3911085.542668
2009-01-30,26.568809958733,26.609912170161,26.111699861817,26.228683078958,5236183.0457294
2009-02-02,25.999580811709,26.690657342908,25.968206934347,26.40123940445,5823066.6743402
2009-02-03,26.550812540712,27.290044325536,26.438571886428,27.082587601583,6919058.2592638
2009-02-04,27.333457016305,27.476949943775,26.830623749279,26.959524175651,4998152.3766578
2009-02-05,26.690657342908,27.249063718284,26.690657342908,27.18631596356,4569842.2700073
2009-02-06,27.18631596356,27.548209990807,27.052429765979,27.41189170971,4571740.9767743
2009-02-09,27.420282397842,27.438401420039,27.042823036089,27.333457016305,3548970.6552966
2009-02-10,27.164670420263,27.217689840922,26.360137193022,26.418020780714,6174096.0990595
2009-02-11,26.502414078734,26.790737579609,26.49292895302,26.750973014115,4152550.4665121
2009-02-12,26.461555075658,27.063374141803,26.290214791924,27.063374141803,6363499.9757885
2009-02-13,27.072980871693,27.072980871693,26.647244652139,26.647244652139,4067587.0697766
2009-02-17,26.438571886428,26.560297666426,26.048952107093,26.192566638739,5869371.0746942
2009-02-18,26.220292390826,26.32876331566,25.979029705995,26.181622262915,5876022.3522855
2009-02-19,26.49292895302,26.502414078734,26.121428195883,26.129818884015,3896717.5559592
2009-02-20,25.688395725779,26.129818884015,25.658237890175,25.859736009513,6713185.3814383
2009-02-23,25.792124087756,26.069503212807,25.219246815456,25.350579325345,8094036.8748198
2009-02-24,25.509880795672,25.801852421822,25.321637531499,25.719769603141,4740884.2427802
2009-02-25,25.609961032374,25.630512138088,25.080496450843,25.199911751501,7642678.6237564
2009-02-26,25.500274065782,25.500274065782,23.929877739212,23.940822115036,7676329.6773987
2009-02-27,23.522260541855,23.832229586026,22.932480289116,22.981973188676,9912647.2356883
2009-03-02,23.660889302292,23.660889302292,21.969983237482,21.990534343196,11638722.588382
2009-03-03,22.187168295501,22.478896713299,21.774686931111,21.941041443636,7500927.3120989
2009-03-04,22.7600455678,22.829967968898,22.013517532426,22.568154178352,5911160.0352874
2009-03-05,22.447644440112,22.692433646043,21.698684321222,21.969983237482,6274108.1978994
2009-03-06,22.013517532426,22.290896657477,21.629856357707,22.290896657477,8982485.7149187
2009-03-09,22.013517532426,22.321054493081,21.698684321222,21.878293688912,7060127.1972666
2009-03-10,22.06288882781,22.71055266824,22.051944451986,22.670788102746,7928689.3640886
2009-03-11,22.92044147571,23.027696358785,22.230580986269,22.260738821873,10766484.890076
2009-03-12,22.146066084073,23.418532179878,22.146066084073,23.346177695264,8992021.5343621
2009-03-13,23.552418377459,24.283381078327,23.481279934603,24.128943775033,11528774.200506
2009-03-16,24.348439312392,24.459342320742,23.868346026245,23.868346026245,6934745.3911544
2009-03-17,23.82019077262,24.292866204041,23.68861505438,24.242278866899,4510711.2348568
2009-03-18,24.019135204265,24.740491175244,24.019135204265,24.283381078327,6840169.8950528
2009-03-19,24.572799016785,24.572799016785,23.471673204713,23.68861505438,9299662.6075045
2009-03-20,23.660889302292,23.899719903608,23.460728828889,23.552418377459,4831649.0592745
2009-03-23,23.984234805804,24.498012448654,23.739445599874,24.411065462941,5069860.4785973
2009-03-24,24.253223242723,24.498012448654,23.984234805804,24.090273647121,6040755.4779887
2009-03-25,24.090273647121,24.530602367774,23.82019077262,24.253223242723,4271675.6607189
2009-03-26,24.459342320742,24.619859832828,24.140982588439,24.520874033708,6769735.3361673
2009-03-27,24.411065462941,24.610131498762,24.263924410196,24.263924410196,4769719.7117491
2009-03-30,24.009528474375,24.221849365361,23.810462438554,24.119215440967,5020227.9520589
2009-03-31,24.440128860962,24.680175504036,24.199960613713,24.210904989537,8359158.5241979
2009-04-01,23.920271009322,24.338832582502,23.638027717238,24.199960613713,6837194.9780748
2009-04-02,24.700605005574,24.700605005574,24.210904989537,24.301378496349,10706489.072761
2009-04-03,24.498012448654,24.542641181181,23.750146767346,23.899719903608,6395637.8679245
2009-04-06,23.699559430204,24.283381078327,23.699559430204,24.128943775033,4378369.714945
2009-04-07,23.858739296355,24.128943775033,23.648972093062,23.858739296355,8460537.0286056
2009-04-08,24.029957975913,24.167613902944,23.858739296355,24.019135204265,3328706.5751336
2009-04-09,24.488284114588,24.488284114588,24.068628103825,24.128943775033,3903717.0679792
2009-04-13,24.096353855912,24.440128860962,24.096353855912,24.318281476788,4172675.099982
2009-04-14,24.449735590852,24.47746134294,24.177099028658,24.210904989537,2811960.6770142
2009-04-15,24.199960613713,24.449735590852,23.999800140309,24.348439312392,3259798.443828
2009-04-16,24.377381106238,24.625818437443,24.157885568879,24.459342320742,3834029.5548567
2009-04-17,24.498012448654,24.850178141835,24.459342320742,24.740491175244,4678697.0359516
2009-04-20,24.338832582502,24.728330757661,24.148157234813,24.263924410196,7361204.8805544
2009-04-21,24.119215440967,24.367774376348,23.858739296355,24.029957975913,6848866.6353489
2009-04-22,23.638027717238,24.009528474375,23.638027717238,23.77069787306,5203176.2257804
2009-04-23,23.799639666906,23.810462438554,23.291820628671,23.791248978774,3337293.0411938
2009-04-24,23.719988931742,23.984234805804,23.648972093062,23.759875101412,3625485.2214841
2009-04-27,24.009528474375,24.189259446241,23.868346026245,24.019135204265,4275825.4543296
2009-04-28,24.049293039869,24.35926208404,23.949212803167,24.108392669319,3778007.7556781
2009-04-29,24.119215440967,24.400364295468,23.949212803167,24.199960613713,6880749.1555705
2009-04-30,24.199960613713,24.520874033708,23.999800140309,24.177099028658,6005940.3263983
2009-05-01,24.140982588439,24.242278866899,23.920271009322,24.140982588439,4935209.0036407
2009-05-04,24.167613902944,24.625818437443,24.167613902944,24.542641181181,3308921.055667
2009-05-05,24.542641181181,24.829748640297,24.47746134294,24.82123634799,5663211.3180298
2009-05-06,24.998535236339,24.998535236339,24.449735590852,24.67044716997,6639722.8412809
2009-05-07,24.829748640297,25.380737160949,24.67044716997,25.169753915897,8924758.3961682
2009-05-08,25.519609129738,25.669060661824,25.278346444906,25.589531530836,5632898.3401269
2009-05-11,25.390465495014,25.398977787322,25.128773308645,25.150418851941,4615499.1201496
2009-05-12,25.36030765941,25.669060661824,25.090103180733,25.559373695232,5275448.9649725
2009-05-13,25.25901138095,25.82228192336,25.25901138095,25.500274065782,6741257.2220527
2009-05-14,25.719769603141,25.748711396987,25.450781166222,25.529215859628,4524983.0425331
2009-05-15,25.599138260726,25.599138260726,25.169753915897,25.331365865565,5882651.2433778
2009-05-18,25.409678954794,25.57980319677,25.140812122051,25.57980319677,4691869.417788
2009-05-19,25.500274065782,25.57980319677,25.310936364027,25.390465495014,6561244.0670887
2009-05-20,25.420623330618,25.792124087756,25.420623330618,25.490667335892,8416098.1698349
2009-05-21,25.350579325345,25.490667335892,24.987590860515,25.25901138095,4996767.7302382
2009-05-22,25.278346444906,25.398977787322,25.070889720953,25.289169216554,3655614.1326175
2009-05-26,25.190305021611,25.658237890175,24.889942707329,25.519609129738,4412871.4555493
2009-05-27,25.550861402924,25.599138260726,25.219246815456,25.25901138095,4591009.9485047
2009-05-28,25.208302439632,25.589531530836,25.140812122051,25.390465495014,5719958.6056018
2009-05-29,25.36030765941,25.840279341381,25.289169216554,25.832010257426,6549103.1224653
2009-06-01,26.022442396763,26.102093131927,25.801852421822,25.999580811709,7528980.0827326
2009-06-02,25.938049098743,26.32876331566,25.82228192336,26.161192761377,6533380.3380021
2009-06-03,25.989852477643,26.140641655663,25.878949469293,26.102093131927,5920610.454383
2009-06-04,26.121428195883,26.161192761377,25.640118867978,25.740320708855,20046506.246664
2009-06-05,25.559373695232,25.989852477643,25.430351664684,25.792124087756,9662350.4234247
2009-06-08,25.658237890175,25.699218497427,25.237244233478,25.509880795672,6260063.5717315
2009-06-09,25.640118867978,25.640118867978,25.310936364027,25.380737160949,5337603.835747
2009-06-10,25.620905408198,25.658237890175,25.101047556557,25.26861811084,6176721.9524791
2009-06-11,25.237244233478,25.792124087756,25.219246815456,25.540038631276,6493235.541391
2009-06-12,25.540038631276,25.878949469293,25.398977787322,25.630512138088,17595697.008435
2009-06-15,25.36030765941,25.559373695232,24.84044980777,24.84044980777,15870451.614463
2009-06-16,24.879119935681,25.299991988203,24.859906475901,24.939435606889,6354412.7154544
2009-06-17,24.977984130625,25.649847202044,24.977984130625,25.509880795672,7463245.8595072
2009-06-18,25.559373695232,26.161192761377,25.490667335892,25.999580811709,10436720.152017
2009-06-19,26.23707376709,26.392727112143,25.968206934347,26.079109942697,10601794.879112
2009-06-22,25.898162929073,25.898162929073,25.540038631276,25.609961032374,6224388.6127537
2009-06-23,25.781179711932,25.792124087756,25.461725542046,25.529215859628,6001526.8695773
2009-06-24,25.71137891501,25.812553589294,25.490667335892,25.658237890175,4161462.7805022
2009-06-25,25.729376333031,26.51943866335,25.567764383363,26.369865527088,8134480.1580843
2009-06-26,26.40123940445,26.480768535438,26.102093131927,26.369865527088,4967683.5223913
2009-06-29,26.321588669287,26.560297666426,26.091270360279,26.52904539324,4266173.5567429
2009-06-30,26.469824159614,26.550812540712,26.111699861817,26.311981939397,5413975.7916447
2009-07-01,26.461555075658,26.461555075658,26.23707376709,26.38056669456,5536337.0786511
2009-07-02,26.102093131927,26.246802101156,25.748711396987,25.748711396987,4989838.6942334
2009-07-06,25.589531530836,25.979029705995,25.540038631276,25.947777432808,5551558.2397108
2009-07-07,26.011619625115,26.192566638739,25.840279341381,25.850007675447,7325514.9972439
2009-07-08,26.079109942697,26.257624872804,25.979029705995,26.091270360279,5311923.2048775
2009-07-09,26.199741285112,26.199741285112,25.649847202044,25.760750210394,5232572.186354
2009-07-10,25.699218497427,25.898162929073,25.57980319677,25.640118867978,3640057.1740728
2009-07-13,25.781179711932,26.140641655663,25.57980319677,26.091270360279,4616460.0813474
2009-07-14,25.957262558523,26.290214791924,25.957262558523,26.209348015002,4204696.0848455
2009-07-15,26.369865527088,26.438571886428,26.029738647313,26.438571886428,5320648.9647093
2009-07-16,26.449394658076,26.700264072797,26.360137193022,26.609912170161,5610248.1779181
2009-07-17,26.690657342908,26.690657342908,26.40123940445,26.52904539324,5463026.2692091
2009-07-20,26.600183836096,26.647244652139,26.32876331566,26.589361064447,3614910.5026609
2009-07-21,26.820895415213,27.033216306199,26.700264072797,26.980196885541,5665652.2755502
2009-07-22,26.990898053013,27.112745437187,26.771524119829,26.876346919388,7369616.4002706
2009-07-23,26.948823008178,27.569855534103,26.820895415213,27.420282397842,6627471.6224217
2009-07-24,27.519268196961,27.942572332999,27.351576038502,27.897943600472,4141405.3065292
2009-07-27,27.897943600472,28.051043257833,27.680758542454,27.878608536517,4663747.8293981
2009-07-28,27.890768954099,28.128383513656,27.828021199374,28.072932009481,5460096.1252292
2009-07-29,27.859395076737,28.159635786842,27.859395076737,28.051043257833,4113044.0996871
2009-07-30,28.492588020244,28.532230981562,28.061987633657,28.089713385744,5080443.4887164
2009-07-31,27.998023837174,28.32124773651,27.869001806627,27.869001806627,5961596.8175306
2009-08-03,28.018453338712,28.200616394094,27.770137611683,28.041558132119,8180176.8064471
2009-08-04,27.931627957175,28.108926845524,27.897943600472,28.108926845524,4449829.9071364
2009-08-05,28.159635786842,28.159635786842,27.660329040915,27.710916378057,4502072.5336322
2009-08-06,27.710916378057,27.859395076737,27.381733874106,27.509539862896,7178996.1904294
2009-08-07,27.63138724707,27.897943600472,27.579583868169,27.63138724707,5144060.1149625
2009-08-10,27.680758542454,27.897943600472,27.527780489269,27.848450700913,4903604.2418327
2009-08-11,27.920926789703,27.998023837174,27.739979776079,27.809902177177,4956141.2093338
2009-08-12,27.890768954099,28.119871221348,27.660329040915,27.961785792779,5316775.271253
2009-08-13,28.041558132119,28.061987633657,27.621658913004,27.931627957175,7561764.6959508
2009-08-14,27.990727586625,28.061987633657,27.590285035642,27.931627957175,5772372.0327937
2009-08-17,27.579583868169,27.990727586625,27.579583868169,27.819508907067,7542909.4598871
2009-08-18,27.990727586625,27.990727586625,27.642331622894,27.800295447287,4171549.1419953
2009-08-19,27.770137611683,28.200616394094,27.642331622894,28.191009664204,5693142.8963202
2009-08-20,28.211560769918,28.418895889696,28.098225678052,28.388738054092,4320776.7151886
2009-08-21,28.515449605298,28.849496276283,28.440663037168,28.678277596725,4980223.2783489
2009-08-24,28.849496276283,28.888166404194,28.630000738923,28.879654111887,6184306.8299916
2009-08-25,28.849496276283,29.070329459576,28.812163794305,28.879654111887,4663106.0830935
2009-08-26,28.812163794305,29.070329459576,28.749416039581,28.888166404194,6038126.3080508
2009-08-27,28.888166404194,28.978639911006,28.587804089913,28.879654111887,4339645.2173258
2009-08-28,28.96891157694,29.030443289906,28.470820872772,28.667454825076,5794531.3502836
2009-08-31,28.503410791892,28.771061582877,28.377915282443,28.619056363099,5478084.9208687
2009-09-01,28.619056363099,28.728986538043,28.098225678052,28.159635786842,7560530.9511171
2009-09-02,28.159635786842,28.348973488598,28.061987633657,28.221167499808,5343621.6583296
2009-09-03,28.330976070576,28.330976070576,27.961785792779,28.089713385744,4183183.4884377
2009-09-04,28.230774229698,28.541959315628,28.17045855849,28.492588020244,6434897.9832605
2009-09-08,28.598626861561,28.609571237385,28.230774229698,28.358701822663,6484499.0028745
2009-09-09,28.397250346399,28.761576457163,28.358701822663,28.690316410131,4642536.2070324
2009-09-10,28.728986538043,28.908595905732,28.578197360023,28.908595905732,4851325.1336348
2009-09-11,28.897773134084,28.978639911006,28.792828730349,28.918324239798,5387185.7853803
2009-09-14,28.690316410131,29.06060112551,28.690316410131,29.030443289906,3940117.5153506
2009-09-15,29.030443289906,29.090758961114,28.771061582877,28.771061582877,5797625.6619229
2009-09-16,28.831377254085,29.030443289906,28.708435432329,29.030443289906,5152630.8275606
2009-09-17,28.859224610348,29.070329459576,28.859224610348,29.010013788368,5022210.4009146
2009-09-18,29.000285454302,29.010013788368,28.761576457163,28.761576457163,6988094.0765267
2009-09-21,28.667454825076,29.090758961114,28.667454825076,29.04138766573,4603033.1567259
2009-09-22,29.10048729518,29.158370882872,28.792828730349,28.948482075402,3830631.7817864
2009-09-23,28.908595905732,29.000285454302,28.541959315628,28.541959315628,4193935.6409936
2009-09-24,28.690316410131,28.708435432329,28.397250346399,28.515449605298,5083946.5612449
2009-09-25,28.440663037168,28.678277596725,28.397250346399,28.532230981562,3526109.8941713
2009-09-28,28.639729072989,29.070329459576,28.578197360023,28.839889546393,4043697.3588271
2009-09-29,28.871263423755,29.052088833203,28.749416039581,28.879654111887,6430200.1349892
2009-09-30,28.96891157694,28.96891157694,28.449053725299,28.667454825076,7155976.2364224
2009-10-01,28.690316410131,28.690316410131,28.241718605522,28.26214810706,7926925.8054453
2009-10-02,28.072932009481,28.28865781739,28.061987633657,28.148813015194,5992961.9608865
2009-10-05,28.119871221348,28.388738054092,27.990727586625,28.330976070576,4785578.4734655
2009-10-06,28.397250346399,28.630000738923,28.191009664204,28.558862296067,7127793.2924427
2009-10-07,28.532230981562,28.630000738923,28.418895889696,28.578197360023,4128487.4674777
2009-10-08,28.738593267933,28.822986565953,28.558862296067,28.609571237385,4539302.1105961
2009-10-09,28.598626861561,28.908595905732,28.578197360023,28.879654111887,5196467.7382472
2009-10-12,28.839889546393,29.081030627048,28.839889546393,29.019620518258,3940060.3054086
2009-10-13,28.929147011446,28.929147011446,28.678277596725,28.738593267933,4488792.3649486
2009-10-14,28.96891157694,29.210174261772,28.761576457163,29.180016426168,10170128.455871
2009-10-15,29.130645130784,29.319861228364,29.06060112551,29.259545557156,6474177.9977066
2009-10-16,29.169072050344,29.299431726826,29.052088833203,29.241548139134,5617201.258681
2009-10-19,29.259545557156,29.550301141547,29.169072050344,29.491201512097,5105474.9111149
2009-10-20,29.550301141547,29.550301141547,29.140130256498,29.210174261772,4748839.7412204
2009-10-21,29.199229885948,29.259545557156,28.812163794305,28.822986565953,9425010.4193038
2009-10-22,28.771061582877,29.140130256498,28.587804089913,29.010013788368,5381796.4430288
2009-10-23,29.111188462652,29.111188462652,28.609571237385,28.708435432329,6078334.9476406
2009-10-26,28.802435460239,28.96891157694,28.340582800466,28.397250346399,7267986.6695957
2009-10-27,28.480427602662,28.700044744197,28.368308552553,28.522745855848,8489636.1607864
2009-10-28,28.480427602662,28.587804089913,28.200616394094,28.230774229698,9471549.4633328
2009-10-29,28.277835045742,28.515449605298,28.178970850798,28.480427602662,5806678.9279438
2009-10-30,28.388738054092,28.587804089913,28.029397714536,28.072932009481,6954937.1841214
2009-11-02,28.07876900992,28.408073118047,28.041558132119,28.191009664204,6993377.2902903
2009-11-03,28.098225678052,28.270660399368,28.029397714536,28.200616394094,4974028.0220334
2009-11-04,28.251325335412,28.908595905732,28.251325335412,28.558862296067,8205227.2988262
2009-11-05,28.782005958701,29.10048729518,28.738593267933,29.030443289906,6651655.6743766
2009-11-06,28.96891157694,29.190960801992,28.849496276283,29.158370882872,5297598.3329074
2009-11-09,29.329589562429,29.680417609677,29.190960801992,29.649165336491,4541728.9729134
2009-11-10,29.598456395173,29.878389207916,29.557475787921,29.848231372312,3583313.2030192
2009-11-11,29.959134380662,30.01945005187,29.680417609677,29.887995937806,5100100.4930962
2009-11-12,29.780619450555,29.998898946156,29.649165336491,29.720303779347,3450329.9368027
2009-11-13,29.688929901985,29.959134380662,29.670932483963,29.780619450555,3706903.2600818
2009-11-16,29.959134380662,30.276399675383,29.772107158247,30.080981764836,3769311.8445117
2009-11-17,30.12074633033,30.211219837142,29.989292216266,30.158200416483,8409084.5626126
2009-11-18,30.256943007251,30.360792973403,30.010937759562,30.3306351378,4640934.3286597
2009-11-19,30.248673923295,30.248673923295,29.857838102202,30.17984595978,8943142.6866235
2009-11-20,30.129258622638,30.419892602853,30.042311636925,30.390950809007,4254777.1704935
2009-11-23,30.568249697356,30.867274365704,30.529579569445,30.670762017575,4317245.4522541
2009-11-24,30.750291148563,30.999944521526,30.597191491202,30.90959261889,6797062.6184075
2009-11-25,30.97829897823,31.101240799986,30.848060905924,31.101240799986,6534273.3105732
2009-11-27,30.641820223729,30.94218253801,30.352280681096,30.792609401749,3394231.0285721
2009-11-30,30.831036321309,30.831036321309,30.568249697356,30.681584789223,5203065.122415
2009-12-01,30.760019482628,31.220777704819,30.760019482628,31.220777704819,5944853.374539
2009-12-02,31.170068763502,31.290578501742,30.999944521526,31.150733699546,4983242.1391952
2009-12-03,31.238775122841,31.320736337346,30.930022120428,30.999944521526,7722773.3715244
2009-12-04,31.200226599106,31.399292634927,30.857667635814,30.97829897823,6784290.7061643
2009-12-07,30.97829897823,31.290578501742,30.90959261889,30.94218253801,4296696.3044328
2009-12-08,30.810606819771,30.951667663725,30.652642995377,30.698487769662,5625346.6277981
2009-12-09,30.741778856255,30.962612039549,30.652642995377,30.962612039549,6328290.1585121
2009-12-10,31.068772485041,31.350894172949,31.03970908702,31.278661292511,6752408.1859426
2009-12-11,31.278661292511,31.418506094707,31.229046788775,31.278661292511,5955045.86462
2009-12-14,31.511411685035,31.651256487231,31.399292634927,31.571727356243,4646437.2617653
2009-12-15,31.571727356243,31.577685960858,31.389564300861,31.577685960858,4171614.6432331
2009-12-16,31.67776619756,31.758632974482,31.418506094707,31.418506094707,6069653.1316772
2009-12-17,31.150733699546,31.411209844157,30.962612039549,31.129088156249,16427944.257277
2009-12-18,31.018063543724,31.150733699546,30.878218741528,31.129088156249,10356074.862199
2009-12-21,30.94218253801,31.619882609869,30.930022120428,31.418506094707,9174880.2620877
2009-12-22,31.389564300861,31.639217673824,31.389564300861,31.561999022177,3957630.390604
2009-12-23,31.651256487231,31.651256487231,31.440151638003,31.459486701959,3457385.0005056
2009-12-24,31.501683350969,31.522234456683,31.359406465257,31.459486701959,2198420.5320036
2009-12-28,31.589724774265,31.639217673824,31.440151638003,31.619882609869,6543806.6426282
2009-12-29,31.639217673824,31.758632974482,31.542785562397,31.577685960858,10151049.354817
2009-12-30,31.480037807673,31.59945310833,31.399292634927,31.490860579321,3636937.9885457
2009-12-31,31.511411685035,31.530625144815,31.068772485041,31.068772485041,3510933.5061096
2010-01-04,31.469093431849,31.619882609869,31.270149000203,31.610275879979,5580847.242567
2010-01-05,31.561999022177,31.669375509428,31.301522877566,31.301522877566,5428532.8199006
2010-01-06,31.301522877566,31.619882609869,31.301522877566,31.619882609869,4883535.1600454
2010-01-07,31.501683350969,31.729691180636,31.428234428773,31.729691180636,6114697.2550506
2010-01-08,31.788790810086,31.810436353382,31.561999022177,31.77906247602,4284800.7821687
2010-01-11,31.94906511382,31.998679617555,31.822596770965,31.958793447886,4177634.9532045
2010-01-12,31.822596770965,31.91063819426,31.610275879979,31.729691180636,5791360.7587217
2010-01-13,31.810436353382,32.251859511618,31.799613581734,32.150563233158,8056066.8851299
2010-01-14,32.210878904365,32.449709505681,32.089153124367,32.439981171615,7801316.8178248
2010-01-15,32.321781912716,32.500296842823,32.030053494918,32.220485634255,9692306.8756029
2010-01-19,32.331510246781,33.007994276881,32.331510246781,32.998509151167,17753699.260106
2010-01-20,33.113060284792,33.158783454901,32.468922965461,32.719913984358,16706113.089923
2010-01-21,32.707753566776,32.873013641718,31.980438991182,32.009380785028,15058408.724575
2010-01-22,31.91063819426,32.231430010079,31.59945310833,31.65855273778,13220942.298514
2010-01-25,31.980438991182,31.980438991182,31.629610943934,31.65855273778,7485565.1990084
2010-01-26,31.542785562397,31.639217673824,31.310035169873,31.480037807673,9292529.60562
2010-01-27,31.369134799323,31.747688598658,31.330464671411,31.700749386791,13239722.912914
2010-01-28,31.799613581734,31.841810230744,31.411209844157,31.501683350969,12893018.228148
2010-01-29,31.59945310833,31.689805010966,31.278661292511,31.278661292511,11901913.19494
2010-02-01,31.330464671411,31.552392292287,31.200226599106,31.459486701959,6471172.4029338
2010-02-02,31.552392292287,32.119189355795,31.377403883279,32.108366584147,9894021.6685219
2010-02-03,31.998679617555,32.030053494918,31.577685960858,31.67776619756,5967338.5399589
2010-02-04,31.418506094707,31.530625144815,30.857667635814,30.878218741528,10027637.560617
2010-02-05,30.792609401749,30.97829897823,30.267887383075,30.831036321309,14325820.494409
2010-02-08,30.848060905924,30.951667663725,30.588679198895,30.681584789223,6971446.8125679
2010-02-09,31.068772485041,31.200226599106,30.681584789223,30.919077744604,8632860.0065994
2010-02-10,30.951667663725,30.951667663725,30.493463129226,30.729861647024,7047221.7951589
2010-02-11,30.529579569445,31.03970908702,30.493463129226,30.94218253801,4335546.8297499
2010-02-12,30.706878457794,30.930022120428,30.500637775599,30.867274365704,6966721.60302
2010-02-16,31.18089153515,31.18089153515,30.821551195595,31.141126969656,5786055.9875888
2010-02-17,31.249719498665,31.542785562397,31.200226599106,31.377403883279,10161541.989811
2010-02-18,31.389564300861,31.552392292287,31.310035169873,31.530625144815,5326505.1070213
2010-02-19,31.428234428773,31.59945310833,31.340193005477,31.530625144815,4369238.5107424
2010-02-22,31.639217673824,31.639217673824,31.238775122841,31.440151638003,6989659.4731974
2010-02-23,31.350894172949,31.469093431849,31.07959525669,31.141126969656,4313799.5896675
2010-02-24,31.229046788775,31.428234428773,31.119359822184,31.369134799323,4352045.6795118
2010-02-25,31.150733699546,31.389564300861,30.999944521526,31.389564300861,5437886.230834
2010-02-26,31.440151638003,31.571727356243,31.320736337346,31.399292634927,8794421.7116118
2010-03-01,31.399292634927,31.810436353382,31.399292634927,31.700749386791,6249890.1516311
2010-03-02,31.747688598658,31.940796029864,31.71035611668,31.810436353382,5321041.1430066
2010-03-03,31.958793447886,31.958793447886,31.629610943934,31.67776619756,5066758.7047917
2010-03-04,31.71996284657,31.739297910526,31.459486701959,31.577685960858,10135582.771398
2010-03-05,31.651256487231,32.02154120261,31.610275879979,32.02154120261,5832148.1307671
2010-03-08,32.030053494918,32.030053494918,31.822596770965,31.832081896679,4370672.0758079
2010-03-09,31.729691180636,31.891181526128,31.689805010966,31.810436353382,4838881.55671
2010-03-10,31.832081896679,31.940796029864,31.77906247602,31.832081896679,4063402.4527232
2010-03-11,31.822596770965,32.079424790301,31.651256487231,32.079424790301,6034459.067863
2010-03-12,32.128917689861,32.128917689861,31.758632974482,31.841810230744,4899612.8119742
2010-03-15,31.841810230744,32.049266954698,31.77906247602,32.049266954698,5500038.6142197
2010-03-16,32.049266954698,32.160169963048,31.931067695798,32.140956503268,5493976.0186392
2010-03-17,32.119189355795,32.231430010079,31.998679617555,32.150563233158,11159634.098096
2010-03-18,32.150563233158,32.459437839746,32.069696456236,32.367748291176,7126251.9405301
2010-03-19,32.338806497331,32.449709505681,32.128917689861,32.251859511618,8386635.0497654
2010-03-22,32.301352411177,32.688540106996,32.301352411177,32.459437839746,7909168.3369621
2010-03-23,32.419551670077,32.618496101722,32.347197185462,32.618496101722,5713416.7731167
2010-03-24,32.561828555789,32.601714725459,32.269978533815,32.269978533815,6314971.0207377
2010-03-25,32.511241218647,32.511241218647,32.108366584147,32.140956503268,5120510.3471459
2010-03-26,32.220485634255,32.220485634255,31.841810230744,31.900909860194,6810904.9369549
2010-03-29,31.98895128349,32.242252781728,31.980438991182,32.242252781728,4818678.1559289
2010-03-30,32.242252781728,32.280801305463,32.108366584147,32.242252781728,3440007.2733758
2010-03-31,32.190327798652,32.280801305463,31.98895128349,32.128917689861,4834346.2178389
2010-04-01,32.301352411177,32.367748291176,32.128917689861,32.310959141067,5602827.4680649
2010-04-05,32.338806497331,32.419551670077,32.169898297113,32.220485634255,4655596.656374
2010-04-06,32.128917689861,32.259155762167,32.119189355795,32.200056132717,3978809.6769156
2010-04-07,32.200056132717,32.200056132717,31.91063819426,32.058995288763,4733115.2984981
2010-04-08,31.958793447886,32.02154120261,31.832081896679,31.940796029864,4562156.2386846
2010-04-09,31.98895128349,32.119189355795,31.940796029864,32.079424790301,4154963.2336263
2010-04-12,32.04075466239,32.178288985245,31.980438991182,31.98895128349,4513464.7742336
2010-04-13,31.931067695798,32.089153124367,31.841810230744,32.02154120261,7279145.095652
2010-04-14,32.04075466239,32.04075466239,31.788790810086,31.91063819426,6331128.2691073
2010-04-15,31.931067695798,31.94906511382,31.729691180636,31.822596770965,5119528.6577083
2010-04-16,31.77906247602,31.869535982832,31.480037807673,31.629610943934,8929885.7335691
2010-04-19,31.629610943934,31.920123319974,31.522234456683,31.891181526128,11269978.809918
2010-04-20,31.998679617555,32.049266954698,31.85153856481,31.958793447886,5741225.7796502
2010-04-21,31.980438991182,31.980438991182,31.278661292511,31.399292634927,13931349.653819
2010-04-22,31.238775122841,31.249719498665,30.840764655374,31.03970908702,11010046.68266
2010-04-23,31.033750482405,31.374971799762,30.841980697133,31.347246047675,10974808.674977
2010-04-26,31.399292634927,31.480037807673,30.989121749878,31.018063543724,7321482.1109058
2010-04-27,30.951667663725,31.18089153515,30.60801426285,30.662249725267,10691972.671855
2010-04-28,30.878218741528,30.989121749878,30.597191491202,30.857667635814,10333267.165368
2010-04-29,31.018063543724,31.459486701959,31.018063543724,31.278661292511,10236383.37248
2010-04-30,31.369134799323,31.428234428773,30.878218741528,30.878218741528,12506783.960931
2010-05-03,30.878218741528,31.159245991853,30.857667635814,31.028886315372,5629630.7404027
2010-05-04,30.890135950758,31.141126969656,30.7189172712,30.848060905924,14483320.293547
2010-05-05,30.493463129226,31.010767293174,30.399341497139,30.951667663725,9627691.1481975
2010-05-06,30.848060905924,30.94218253801,28.532230981562,30.12074633033,21647698.92926
2010-05-07,30.13995979011,30.13995979011,29.337980250561,29.720303779347,18182033.411514
2010-05-10,30.238945589229,30.831036321309,30.238945589229,30.519972839555,13168461.711824
2010-05-11,30.308989594503,30.760019482628,30.238945589229,30.459657168347,8829207.843666
2010-05-12,30.7189172712,30.729861647024,30.419892602853,30.706878457794,6115774.2943913
2010-05-13,30.597191491202,30.698487769662,30.3824385167,30.3824385167,6874545.6079591
2010-05-14,30.211219837142,30.352280681096,29.731248155171,29.967525068794,13544075.658092
2010-05-17,30.042311636925,30.091804536484,29.520143305943,29.967525068794,11950984.400743
2010-05-18,30.168901583956,30.222164212966,29.69865823605,29.731248155171,11648255.091307
2010-05-19,29.540572807481,29.90854704352,29.480257136273,29.661204149897,12608714.665647
2010-05-20,29.249938827266,29.401944047044,28.719258203977,28.728986538043,15949340.807803
2010-05-21,28.418895889696,28.879654111887,28.251325335412,28.802435460239,16465015.470489
2010-05-24,28.678277596725,29.04138766573,28.522745855848,28.728986538043,10310832.576853
2010-05-25,28.13786863937,28.609571237385,27.969082043328,28.609571237385,16411635.278192
2010-05-26,28.782005958701,28.897773134084,28.397250346399,28.42984026552,12620328.28385
2010-05-27,28.667454825076,29.010013788368,28.667454825076,29.010013788368,9438452.268258
2010-05-28,29.000285454302,29.158370882872,28.771061582877,28.871263423755,13301496.384075
2010-06-01,28.761576457163,29.010013788368,28.503410791892,28.550471607935,11633611.833574
2010-06-02,28.802435460239,29.199229885948,28.558862296067,29.169072050344,10510169.426101
2010-06-03,29.169072050344,29.428453757373,29.130645130784,29.337980250561,8442427.1800456
2010-06-04,28.888166404194,28.96891157694,28.377915282443,28.480427602662,11034637.008115
2010-06-07,28.522745855848,28.802435460239,28.440663037168,28.440663037168,9478667.5408843
2010-06-08,28.449053725299,28.550471607935,28.159635786842,28.515449605298,10570947.112622
2010-06-09,28.550471607935,28.708435432329,28.270660399368,28.377915282443,8428602.2732204
2010-06-10,28.650430240461,28.989462682654,28.650430240461,28.918324239798,6967864.1435985
2010-06-11,28.839889546393,29.210174261772,28.831377254085,29.158370882872,7042165.7629036
2010-06-14,29.249938827266,29.480257136273,29.199229885948,29.210174261772,6416381.0320705
2010-06-15,29.348803022209,29.731248155171,29.337980250561,29.709359403523,4921168.5231208
2010-06-16,29.620223542645,29.857838102202,29.550301141547,29.820505620225,5576833.4262096
2010-06-17,29.869876915608,29.869876915608,29.557475787921,29.857838102202,5710782.6284012
2010-06-18,29.762622032533,29.762622032533,29.491201512097,29.550301141547,6962818.0608984
2010-06-21,29.857838102202,29.931408628575,29.348803022209,29.500808241987,7458574.5433828
2010-06-22,29.529750035833,29.741949322643,29.169072050344,29.210174261772,7226368.5096986
2010-06-23,29.23060376331,29.278880621112,28.939969783095,29.090758961114,6431092.2784308
2010-06-24,28.95930484705,29.130645130784,28.839889546393,28.879654111887,10191906.373749
2010-06-25,28.879654111887,29.158370882872,28.782005958701,29.010013788368,8439191.9163761
2010-06-28,29.030443289906,29.199229885948,28.782005958701,28.95930484705,6556174.76876
2010-06-29,28.656510449252,28.719258203977,28.270660399368,28.42984026552,15076557.542225
2010-06-30,28.28865781739,28.561172775408,28.135436555853,28.199400352336,9503319.2219292
2010-07-01,28.148813015194,28.148813015194,27.486678277841,27.961785792779,23346152.658709
2010-07-02,28.008968212998,28.221167499808,27.869001806627,28.029397714536,10103377.719765
2010-07-06,28.221167499808,28.388738054092,27.942572332999,28.17045855849,11668284.374874
2010-07-07,28.200616394094,28.749416039581,28.061987633657,28.719258203977,8794481.4089417
2010-07-08,28.822986565953,29.030443289906,28.761576457163,28.95930484705,7165162.163178
2010-07-09,29.019620518258,29.04138766573,28.879654111887,29.030443289906,4261563.5962084
2010-07-12,28.96891157694,29.081030627048,28.871263423755,28.978639911006,5026114.7721658
2010-07-13,29.148642548806,29.382608983088,29.148642548806,29.199229885948,5439207.0342749
2010-07-14,29.111188462652,29.259545557156,28.948482075402,29.199229885948,5958259.5709207
2010-07-15,29.190960801992,29.359747398033,29.010013788368,29.28970339276,4599084.0124766
2010-07-16,29.148642548806,29.329589562429,28.639729072989,28.678277596725,9790086.9575802
2010-07-19,28.802435460239,28.918324239798,28.678277596725,28.812163794305,5391835.5441352
2010-07-20,28.480427602662,28.738593267933,28.32124773651,28.728986538043,8178386.7156568
2010-07-21,28.719258203977,28.812163794305,28.200616394094,28.26214810706,14343378.97179
2010-07-22,28.541959315628,28.728986538043,28.32124773651,28.440663037168,10500777.046076
2010-07-23,28.42984026552,28.503410791892,28.17045855849,28.42984026552,8860508.3149135
2010-07-26,28.550471607935,28.888166404194,28.458782059365,28.839889546393,10261500.195227
2010-07-27,28.897773134084,28.96891157694,28.738593267933,28.871263423755,6226140.5635827
2010-07-28,28.822986565953,28.908595905732,28.42984026552,28.480427602662,9662864.4837715
2010-07-29,28.639729072989,28.831377254085,28.32124773651,28.458782059365,10543873.544037
2010-07-30,28.200616394094,28.690316410131,28.089713385744,28.568469025957,7539376.5386933
2010-08-02,28.879654111887,29.130645130784,28.871263423755,29.111188462652,11736212.475002
2010-08-03,29.148642548806,29.459827634735,29.148642548806,29.348803022209,10271128.048055
2010-08-04,29.37178621144,29.680417609677,29.319861228364,29.640774648359,9461307.2254756
2010-08-05,29.540572807481,29.649165336491,29.420063069241,29.649165336491,4285075.2240638
2010-08-06,29.359747398033,29.741949322643,29.278880621112,29.709359403523,8894112.1081695
2010-08-09,29.897602667696,29.897602667696,29.640774648359,29.791563826379,4061668.7427452
2010-08-10,29.578026893635,29.97725340286,29.459827634735,29.857838102202,8698114.1637912
2010-08-11,29.450220904845,29.491201512097,29.052088833203,29.090758961114,13216567.810782
2010-08-12,28.859224610348,29.28970339276,28.792828730349,29.210174261772,9555624.0331447
2010-08-13,29.019620518258,29.210174261772,28.96891157694,29.10048729518,4342823.271054
2010-08-16,28.929147011446,29.030443289906,28.728986538043,28.948482075402,4643298.177128
2010-08-17,29.122132838476,29.459827634735,29.04138766573,29.348803022209,7185947.6129331
2010-08-18,29.299431726826,29.529750035833,29.122132838476,29.309038456715,4410009.300196
2010-08-19,29.148642548806,29.199229885948,28.678277596725,28.771061582877,8736173.6994766
2010-08-20,28.728986538043,28.761576457163,28.492588020244,28.667454825076,5606177.9807484
2010-08-23,28.849496276283,29.070329459576,28.771061582877,28.802435460239,6565608.6052638
2010-08-24,28.492588020244,28.503410791892,28.089713385744,28.178970850798,12139290.509893
2010-08-25,28.061987633657,28.578197360023,28.018453338712,28.458782059365,10713406.500952
2010-08-26,28.609571237385,28.609571237385,28.17045855849,28.277835045742,6569095.92433
2010-08-27,28.358701822663,28.578197360023,27.998023837174,28.568469025957,7172658.3238241
2010-08-30,28.568469025957,28.598626861561,28.211560769918,28.211560769918,5837069.8440284
2010-08-31,28.171674600249,28.324895861785,28.041558132119,28.100657761568,8756200.4956547
2010-09-01,28.368308552553,28.802435460239,28.368308552553,28.749416039581,10353817.142318
2010-09-02,28.802435460239,28.948482075402,28.719258203977,28.897773134084,6006223.0595894
2010-09-03,29.000285454302,29.190960801992,28.989462682654,29.169072050344,6473952.4744575
2010-09-07,29.140130256498,29.140130256498,28.939969783095,29.000285454302,3957083.9942025
2010-09-08,28.95930484705,29.249938827266,28.948482075402,29.158370882872,6854799.8867131
2010-09-09,29.37178621144,29.557475787921,29.337980250561,29.470650406383,6310169.5312673
2010-09-10,29.470650406383,29.799832910335,29.470650406383,29.772107158247,5265530.9167866
2010-09-13,29.931408628575,29.97725340286,29.688929901985,29.838503038246,5951253.4258638
2010-09-14,29.741949322643,30.06164670088,29.709359403523,29.941015358465,8386633.3915049
2010-09-15,29.869876915608,30.229217255164,29.82877470418,30.222164212966,4894130.6071085
2010-09-16,30.053134408573,30.148472082418,29.950622088354,30.100316828792,4915030.4767473
2010-09-17,30.053134408573,30.13995979011,29.878389207916,29.941015358465,6032012.3064355
2010-09-20,30.07125343077,30.399341497139,29.967525068794,30.342673951206,5468758.0420823
2010-09-21,30.342673951206,30.519972839555,30.229217255164,30.360792973403,7579721.1555363
2010-09-22,30.3306351378,30.540523945269,30.287100842855,30.408948227029,5875524.87453
2010-09-23,30.222164212966,30.459657168347,30.189574293846,30.248673923295,8156821.8840847
2010-09-24,30.493463129226,30.681584789223,30.451266480215,30.662249725267,5508797.5392351
2010-09-27,30.662249725267,30.662249725267,30.408948227029,30.429499332743,4840519.9167849
2010-09-28,30.500637775599,30.741778856255,30.298045218679,30.681584789223,5635408.1154035
2010-09-29,30.568249697356,30.691191519113,30.459657168347,30.568249697356,7966255.567667
2010-09-30,30.685111310322,30.884298950319,30.386086641975,30.494557566808,8680350.8914004
2010-10-01,30.706878457794,30.750291148563,30.3306351378,30.493463129226,7503712.3584003
2010-10-04,30.471695981753,30.540523945269,30.109923558682,30.189574293846,6194568.9669583
2010-10-05,30.597191491202,30.800878485705,30.440322104391,30.750291148563,6791373.9602732
2010-10-06,30.681584789223,30.792609401749,30.529579569445,30.630875847905,5801339.3333679
2010-10-07,30.750291148563,30.840764655374,30.597191491202,30.691191519113,6051969.4557277
2010-10-08,30.706878457794,30.848060905924,30.630875847905,30.770720650101,3675271.1369971
2010-10-11,30.750291148563,30.840764655374,30.681584789223,30.792609401749,2452323.2288652
2010-10-12,30.729861647024,30.94218253801,30.597191491202,30.857667635814,3194545.9448957
2010-10-13,30.989121749878,31.18089153515,30.90959261889,31.07959525669,3325585.7313474
2010-10-14,31.03970908702,31.18089153515,30.878218741528,31.018063543724,5113903.8425526
2010-10-15,31.091634070096,31.238775122841,30.951667663725,31.150733699546,5811689.3580715
2010-10-18,31.191714306798,31.448663930311,31.129088156249,31.440151638003,7162316.5904164
2010-10-19,31.191714306798,31.191714306798,30.698487769662,30.848060905924,8832942.2433503
2010-10-20,30.919077744604,31.278661292511,30.840764655374,31.141126969656,5494631.0310172
2010-10-21,31.270149000203,31.369134799323,30.989121749878,31.220777704819,5983527.2952531
2010-10-22,31.320736337346,31.320736337346,31.150733699546,31.229046788775,4452285.7889895
2010-10-25,31.399292634927,31.639217673824,31.369134799323,31.399292634927,6532506.4354116
2010-10-26,31.330464671411,31.330464671411,31.150733699546,31.310035169873,4007636.8545887
2010-10-27,31.191714306798,31.249719498665,30.930022120428,31.119359822184,5492398.1850245
2010-10-28,31.301522877566,31.411209844157,31.129088156249,31.301522877566,5006966.0242263
2010-10-29,31.22308818416,31.273797125478,31.050653462844,31.1735952846,6352568.7312406
2010-11-01,31.340193005477,31.501683350969,31.010767293174,31.170068763502,6945504.1767471
2010-11-02,31.418506094707,31.501683350969,31.389564300861,31.469093431849,5305790.9624111
2010-11-03,31.571727356243,31.571727356243,31.170068763502,31.490860579321,8271380.2324961
2010-11-04,31.71996284657,31.729691180636,31.552392292287,31.639217673824,7898383.0192225
2010-11-05,31.71035611668,31.71035611668,31.330464671411,31.448663930311,9895623.5468948
2010-11-08,31.411209844157,31.552392292287,31.301522877566,31.369134799323,7745072.8119155
2010-11-09,31.459486701959,31.459486701959,31.170068763502,31.238775122841,7484086.8609449
2010-11-10,31.278661292511,31.278661292511,30.930022120428,31.229046788775,6534440.794751
2010-11-11,31.07959525669,31.340193005477,30.999944521526,31.320736337346,5827796.029536
2010-11-12,31.129088156249,31.18089153515,30.890135950758,30.930022120428,5695115.3956208
2010-11-15,31.03970908702,31.109753092294,30.890135950758,30.94218253801,4181889.2171438
2010-11-16,30.741778856255,30.831036321309,30.399341497139,30.493463129226,12298395.503921
2010-11-17,30.540523945269,30.662249725267,30.482640357578,30.540523945269,5812572.3810874
2010-11-18,30.7189172712,31.03970908702,30.630875847905,30.972218769438,5721507.4196806
2010-11-19,30.94218253801,31.018063543724,30.821551195595,30.999944521526,5058625.7726186
2010-11-22,30.962612039549,31.03970908702,30.706878457794,31.010767293174,7405165.3315503
2010-11-23,30.691191519113,30.750291148563,30.546482549884,30.558521363291,9032710.2399862
2010-11-24,30.681584789223,30.867274365704,30.681584789223,30.848060905924,5593754.3029339
2010-11-26,30.691191519113,30.729861647024,30.540523945269,30.577856427246,2711126.0816186
2010-11-29,30.399341497139,30.60801426285,30.13995979011,30.546482549884,7439124.8214012
2010-11-30,30.224474692307,30.463305293622,30.182278043296,30.270319466592,8216832.6257329
2010-12-01,30.60801426285,30.901080326582,30.60801426285,30.848060905924,8573870.7526097
2010-12-02,30.901080326582,31.091634070096,30.840764655374,31.091634070096,5519233.7934164
2010-12-03,30.962612039549,31.109753092294,30.94218253801,31.091634070096,7489096.461943
2010-12-06,30.97829897823,31.018063543724,30.857667635814,30.890135950758,5092162.4063773
2010-12-07,31.109753092294,31.129088156249,30.867274365704,30.90959261889,6939969.736717
2010-12-08,30.951667663725,30.989121749878,30.792609401749,30.94218253801,5221945.2323666
2010-12-09,31.03970908702,31.03970908702,30.890135950758,30.989121749878,3670288.8972756
2010-12-10,31.03970908702,31.320736337346,31.03970908702,31.290578501742,5682391.5728938
2010-12-13,31.359406465257,31.490860579321,31.301522877566,31.340193005477,9561429.5985517
2010-12-14,31.448663930311,31.739297910526,31.440151638003,31.65855273778,5587590.5535431
2010-12-15,31.542785562397,31.76945574613,31.530625144815,31.561999022177,5816675.7434409
2010-12-16,31.571727356243,31.788790810086,31.440151638003,31.77906247602,5071783.2301224
2010-12-17,31.619882609869,31.669375509428,31.440151638003,31.669375509428,5567848.1488153
2010-12-20,31.71035611668,31.758632974482,31.530625144815,31.65855273778,3241702.690471
2010-12-21,31.689805010966,31.71035611668,31.577685960858,31.577685960858,2948581.3347531
2010-12-22,31.571727356243,31.669375509428,31.542785562397,31.669375509428,2645948.2043498
2010-12-23,31.610275879979,31.700749386791,31.610275879979,31.651256487231,2875663.532738
2010-12-27,31.59945310833,31.619882609869,31.490860579321,31.589724774265,835148.24424303
2010-12-28,31.577685960858,31.65855273778,31.522234456683,31.610275879979,1652538.1908733
2010-12-29,31.652472528989,31.692237094483,31.590940816023,31.621098651627,1991856.9892277
2010-12-30,31.580118044375,31.600669150089,31.490860579321,31.512627726793,3877201.5036101
2010-12-31,31.470309473607,31.571727356243,31.428234428773,31.501683350969,3137620.3944614
2011-01-03,31.669375509428,31.98895128349,31.65855273778,31.788790810086,6877751.022964
2011-01-04,31.85153856481,31.920123319974,31.71996284657,31.891181526128,4160904.7762864
2011-01-05,31.76945574613,32.02154120261,31.76945574613,31.958793447886,7962760.7864345
2011-01-06,32.009380785028,32.108366584147,31.96973782371,32.089153124367,4966764.8468029
2011-01-07,32.119189355795,32.119189355795,31.891181526128,32.069696456236,5324117.2137949
2011-01-10,31.920123319974,32.049266954698,31.879264316898,31.980438991182,4483172.5245705
2011-01-11,32.058995288763,32.190327798652,32.009380785028,32.140956503268,3356198.8541627
2011-01-12,32.280801305463,32.358019957111,32.178288985245,32.310959141067,2886045.8934957
2011-01-13,32.220485634255,32.220485634255,32.049266954698,32.140956503268,7414516.255095
2011-01-14,32.079424790301,32.178288985245,32.058995288763,32.178288985245,3292727.3255954
2011-01-18,32.190327798652,32.310959141067,32.169898297113,32.301352411177,8160054.660366
2011-01-19,32.269978533815,32.331510246781,31.958793447886,32.079424790301,9936343.7594435
2011-01-20,32.069696456236,32.220485634255,31.94906511382,32.160169963048,8815094.399742
2011-01-21,32.290529639529,32.331510246781,32.150563233158,32.190327798652,6858151.2285261
2011-01-24,32.160169963048,32.269978533815,32.119189355795,32.150563233158,3711417.8707132
2011-01-25,32.04075466239,32.242252781728,32.030053494918,32.150563233158,8002414.7383269
2011-01-26,32.178288985245,32.220485634255,32.079424790301,32.108366584147,7671702.3051429
2011-01-27,32.150563233158,32.251859511618,32.049266954698,32.190327798652,6874023.2563159
2011-01-28,32.220485634255,32.251859511618,31.577685960858,31.610275879979,9001960.3107884
2011-01-31,31.765807620855,31.765807620855,31.564431105694,31.674239676461,9021098.2800428
2011-02-01,31.832081896679,32.290529639529,31.810436353382,32.251859511618,13057329.326889
2011-02-02,32.150563233158,32.178288985245,32.04075466239,32.140956503268,4627636.7482547
2011-02-03,32.030053494918,32.251859511618,31.788790810086,32.178288985245,6316297.6280857
2011-02-04,32.259155762167,32.338806497331,32.058995288763,32.331510246781,3483897.2483563
2011-02-07,32.321781912716,32.377233416891,32.251859511618,32.280801305463,9145279.5065054
2011-02-08,32.251859511618,32.388177792715,32.251859511618,32.367748291176,5162266.1425554
2011-02-09,32.280801305463,32.367748291176,32.200056132717,32.301352411177,4933377.4563708
2011-02-10,32.190327798652,32.358019957111,32.178288985245,32.310959141067,4383269.0417072
2011-02-11,32.190327798652,32.459437839746,32.140956503268,32.377233416891,3152276.9182686
2011-02-14,32.439981171615,32.490811717109,32.310959141067,32.490811717109,9054839.7088108
2011-02-15,32.367748291176,32.449709505681,32.290529639529,32.419551670077,5502351.8857829
2011-02-16,32.490811717109,32.707753566776,32.468922965461,32.593202433151,4258654.1804682
2011-02-18,32.696930795128,32.855016223697,32.64622185381,32.812697970511,3750090.133168
2011-02-22,32.478651299526,32.62700839403,32.231430010079,32.310959141067,12072431.98694
2011-02-23,32.269978533815,32.321781912716,31.98895128349,31.998679617555,9818611.5029517
2011-02-24,31.940796029864,32.178288985245,31.869535982832,32.108366584147,9071519.3088244
2011-02-25,32.160169963048,32.367748291176,32.140956503268,32.310959141067,6129152.3003667
2011-02-28,32.449709505681,32.710185650292,32.309864703485,32.66920504304,15415506.548781
2011-03-01,32.775365488533,32.816346095785,32.401432647879,32.411039377769,10264593.677737
2011-03-02,32.390609876231,32.575205015129,32.313391224584,32.514889343921,11750611.139505
2011-03-03,32.712617733809,33.19258941578,32.712617733809,33.174591997758,11736387.421346
2011-03-04,33.158783454901,33.228827460175,32.89830731029,33.144434162154,8822573.1486661
2011-03-07,33.208397958637,33.208397958637,32.676379689414,32.881525934026,8393378.360741
2011-03-08,32.89830731029,33.158783454901,32.781324093148,33.061256905892,5819426.795429
2011-03-09,33.017722610947,33.197453582813,32.936977438201,33.113060284792,8018088.604144
2011-03-10,32.857326703037,32.922384937102,32.565476681064,32.595634516668,12788814.879219
2011-03-11,32.595634516668,32.794700552489,32.471355048977,32.700578920402,8036200.1109634
2011-03-14,32.552221825899,32.749950215786,32.399122168539,32.543831137767,7612975.0561039
2011-03-15,31.98895128349,32.321781912716,31.841810230744,32.160169963048,12933520.379614
2011-03-16,32.108366584147,32.119189355795,31.440151638003,31.59945310833,20909388.046647
2011-03-17,31.924987487007,32.055347163489,31.815300520415,31.963657614919,10336150.048961
2011-03-18,32.161780069101,32.208620080567,31.890422690015,31.968489375792,16715151.517945
2011-03-21,32.208620080567,32.4966800994,32.171341725188,32.238636418664,8786429.6159306
2011-03-22,32.279424749061,32.412682766177,32.197727054644,32.218302770275,6418511.2541171
2011-03-23,32.161780069101,32.269863092974,31.950455366209,32.197727054644,7350109.44954
2011-03-24,32.319002743246,32.629938116516,32.197727054644,32.57958813003,10606167.240941
2011-03-25,32.590360122331,32.80761547267,32.569905440322,32.673147119341,5297847.5593486
2011-03-28,32.683919111641,32.740320779195,32.651603134739,32.66237512704,3930111.4216199
2011-03-29,32.621586796642,32.857965459155,32.590360122331,32.848524836689,4032864.1749707
2011-03-30,33.010467822067,33.261370519143,33.010467822067,33.09095518027,5209724.6215129
2011-03-31,33.092165516484,33.233774853473,33.018940175562,33.110078492445,2157499.596263
2011-04-01,33.220582188745,33.351419533433,33.170111168638,33.281704167531,3934583.1702638
2011-04-04,33.421134899336,33.549430537976,33.392328897453,33.478746903103,4287635.5562635
2011-04-05,33.351419533433,33.429365185588,33.290176521026,33.329875548832,4332910.3452074
2011-04-06,33.429365185588,33.509852543792,33.359891886929,33.400559183705,3956630.3572256
2011-04-07,33.318982522909,33.478746903103,33.228933508619,33.340526507511,7039388.7287959
2011-04-08,33.400559183705,33.499080551491,33.228933508619,33.318982522909,6910416.1005254
2011-04-11,33.421134899336,33.587919229568,33.421134899336,33.509852543792,8928736.6854356
2011-04-12,33.370542845608,33.598691221869,33.370542845608,33.46785387718,6205349.2940273
2011-04-13,33.460591859899,33.567464547558,33.370542845608,33.440258211511,4451087.6324427
2011-04-14,33.290176521026,33.682688555092,33.290176521026,33.619145903878,8318619.5641913
2011-04-15,33.758334568441,34.01044760173,33.748772912353,33.919188251226,9762948.5590956
2011-04-18,33.703143237101,33.703143237101,33.351419533433,33.537569243083,7612280.7084788
2011-04-19,33.598691221869,33.838821926644,33.537569243083,33.819577580848,5456939.5139924
2011-04-20,34.182073276817,34.279384308389,34.070480277924,34.147215593865,7125838.9260808
2011-04-21,34.399328627155,34.449799647262,34.126881945477,34.249367970292,4834454.2757362
2011-04-25,34.191755966525,34.318962302573,34.110058272108,34.29015630069,6363783.148554
2011-04-26,34.341716623388,34.740280338522,34.341716623388,34.688720015823,5843073.5099305
2011-04-27,34.651562694066,35.140054389869,34.630986978435,35.081111016267,8748285.63332
2011-04-28,35.081111016267,35.279364088053,35.048916072986,35.26133007847,5220643.2521904
2011-04-29,35.326083065897,35.346537747906,35.195245721208,35.244506405101,11659748.874783
2011-05-02,35.488147084896,35.669455449691,35.432955753556,35.599740083788,14847249.294742
2011-05-03,35.519373759206,35.599740083788,35.329714074538,35.509691069498,11296959.106164
2011-05-04,35.460551419226,35.529056448915,35.28892574414,35.478585428809,9466821.833227
2011-05-05,35.370502404935,35.546969424876,35.140054389869,35.250558086169,11723002.292496
2011-05-06,35.509691069498,35.669455449691,35.359730412635,35.497829774605,7422966.1307347
2011-05-09,35.318942082237,35.741470454399,35.318942082237,35.701892460215,9030529.7788688
2011-05-10,35.857904798146,35.928709466641,35.640649447808,35.919147810553,7772363.978489
2011-05-11,35.962356813378,36.049985155242,35.669455449691,35.857904798146,13494830.22898
2011-05-12,35.730698462098,36.199945812105,35.629756421885,36.190505189639,7883407.9602775
2011-05-13,36.249327529619,36.340465846502,35.89034180867,36.079880459717,10093787.150509
2011-05-16,35.999514135135,36.280433170308,35.928709466641,36.139913135911,7557870.8234787
2011-05-17,35.970708133252,36.160488851542,35.89034180867,36.139913135911,7883057.2512277
2011-05-18,36.139913135911,36.452058845395,36.079880459717,36.422163540919,5667469.0736137
2011-05-19,36.528915194957,36.568493189142,36.169929474008,36.340465846502,17064689.316103
2011-05-20,36.249327529619,36.359710192298,35.928709466641,36.039213162941,11715351.670375
2011-05-23,35.659772759982,35.741470454399,35.509691069498,35.669455449691,27913191.512199
2011-05-24,35.659772759982,35.719805436176,35.529056448915,35.568513409478,10177462.497805
2011-05-25,35.412501071547,35.701892460215,35.412501071547,35.622736471846,7246443.6864064
2011-05-26,35.537286735167,35.710243780089,35.329714074538,35.669455449691,6588231.9421714
2011-05-27,35.673086458332,35.72464678103,35.52058409542,35.694630442933,7043291.512402
2011-05-31,35.947953812437,36.120789823737,35.805013105612,36.111107134028,10185872.850695
2011-06-01,35.988742142835,36.079880459717,35.580616771614,35.610633109711,12042414.099977
2011-06-02,35.622736471846,35.622736471846,35.390957086945,35.529056448915,7603307.2218185
2011-06-03,35.179632384053,35.390957086945,35.129282397568,35.189315073762,12026674.677682
2011-06-06,35.090793705976,35.179632384053,34.928850720598,34.979200707084,6513459.2732941
2011-06-07,35.23010340416,35.351379092761,35.028340357355,35.0501264092,7928546.1309692
2011-06-08,35.010427381394,35.141264726083,34.940712015492,35.09200404219,6631076.7589108
2011-06-09,35.171281064179,35.633387430526,35.112337690578,35.462972091653,6970952.9809199
2011-06-10,35.321362754664,35.321362754664,34.778769030114,34.808785368211,17102514.245113
2011-06-13,34.789541022415,35.129282397568,34.789541022415,34.979200707084,10150668.65962
2011-06-14,35.252857724975,35.426904072488,35.152036718383,35.279364088053,8480761.2714024
2011-06-15,35.0501264092,35.240875396461,34.71873635392,34.797892342289,15194077.219886
2011-06-16,34.808785368211,34.960077394909,34.628687339629,34.862766363337,10648921.256525
2011-06-17,34.980713395937,35.069119093769,34.658165086955,34.77041864333,17370262.380646
2011-06-20,34.702367935871,35.159933666201,34.648650032284,35.118139691885,8445182.6015651
2011-06-21,35.262672167904,35.420333010495,35.159933666201,35.340237930034,12640849.255854
2011-06-22,35.290133338348,35.367699100478,35.107420199914,35.126450309256,7642317.7451944
2011-06-23,35.058399601797,35.126450309256,34.628295041911,35.090558077712,19459334.01169
2011-06-24,35.08104302304,35.08104302304,34.61877998724,34.680928951928,11041957.960486
2011-06-27,34.750184096687,34.950843350893,34.539889344079,34.857619903861,6268105.5867417
2011-06-28,34.930608804251,35.440688000867,34.889898823505,35.347464553835,9300152.1968992
2011-06-29,35.53969274694,35.53969274694,35.318798946091,35.420333010495,6541610.4712073
2011-06-30,35.570767229284,35.628218888502,35.450082611809,35.529093698699,11835754.316992
2011-07-01,35.531502573299,35.979432805228,35.509822701896,35.961366245725,10374814.216909
2011-07-05,35.989068303629,35.989068303629,35.739268007576,35.859952625052,6410501.0417687
2011-07-06,35.801416972265,36.009302850272,35.801416972265,35.961366245725,6900056.0502603
2011-07-07,36.119147532046,36.119147532046,35.801416972265,35.942336136383,7400035.689864
2011-07-08,35.677119042888,35.819242644307,35.571971666585,35.781061981892,6740967.6241411
2011-07-11,35.38817453458,35.53969274694,35.201727640516,35.290133338348,11117124.464689
2011-07-12,35.269898791705,35.638938380473,35.169448720872,35.290133338348,5988702.3684755
2011-07-13,35.478868663282,35.771546927221,35.328434444493,35.429848065166,8597036.6534714
2011-07-14,35.499223653655,35.618703833831,35.280497839946,35.367699100478,9443575.6328957
2011-07-15,35.420333010495,35.429848065166,35.009379003681,35.189803711245,9994798.6169872
2011-07-18,35.069119093769,35.098989138813,34.670209459957,34.930608804251,8569318.0005049
2011-07-19,34.99986394901,35.318798946091,34.910133370148,35.243521614832,9930595.8479233
2011-07-20,35.280497839946,35.30916344769,34.990348894338,35.118139691885,6808333.0252087
2011-07-21,35.45971811021,35.792985911163,35.358304489537,35.650862309745,14622881.949952
2011-07-22,35.629423325802,35.656884496246,35.440688000867,35.592326656957,7642683.5657834
2011-07-25,35.280497839946,35.45971811021,35.179084219273,35.221962187159,6821030.4318345
2011-07-26,35.168244283572,35.210038257887,34.898329884606,34.938919421622,8696678.8153036
2011-07-27,34.778849704431,34.797879813773,34.289005054457,34.329715035202,13036708.989162
2011-07-28,34.3140573503,34.677315640027,34.255642141242,34.304662739359,13788358.12594
2011-07-29,34.014272906291,34.361993954846,33.794583542742,34.124238031795,18230531.770373
2011-08-01,34.451604089978,34.451604089978,33.190076461793,33.541290378519,27608489.904695
2011-08-02,33.307147767368,33.438551876815,32.78863750965,32.818507554694,23052088.153479
2011-08-03,32.823325303895,32.877043207482,32.190152615202,32.877043207482,23351136.02109
2011-08-04,32.419597920882,32.562925959601,31.569024299511,31.569024299511,26524156.659823
2011-08-05,31.810393534462,32.272536126533,31.039914993552,31.810393534462,34270806.10218
2011-08-08,31.168789784668,31.540358691767,30.170190819108,30.182114748379,35749884.039114
2011-08-09,30.556092530078,31.369569482605,29.640961069418,31.278754910173,33607101.239563
2011-08-10,30.910799314975,31.118685192982,29.909671031084,29.96001651023,31833370.304793
2011-08-11,30.071065629305,31.731502891302,30.018552163018,31.330063939159,23576674.878246
2011-08-12,31.601303219155,31.930957708208,31.319344447188,31.6408087626,14175841.656011
2011-08-15,31.930957708208,32.242666081489,31.711147900929,32.168713631259,14821577.779624
2011-08-16,31.990697798296,32.346729464222,31.79003854409,32.140048023515,16501319.610773
2011-08-17,32.25230157989,32.543775406528,31.889163733893,32.168713631259,12656546.056463
2011-08-18,31.533132067966,31.601303219155,30.840339732915,31.110254131881,14270382.420429
2011-08-19,30.840339732915,31.48904966278,30.768675713556,31.03027949515,18010234.109347
2011-08-22,31.521328582424,31.591667720754,30.969334967762,31.010044948508,11777099.966381
2011-08-23,31.128320691383,32.048029013783,31.060149540194,32.02177228064,12479411.876479
2011-08-24,31.899883225864,32.409962422481,31.850983071478,32.387319001238,11761502.782821
2011-08-25,32.307223920777,32.430317412853,31.731502891302,31.840263579506,15550721.83467
2011-08-26,31.658634434642,32.346729464222,31.050514041793,32.242666081489,12478871.935335
2011-08-29,32.597613753845,33.09083082826,32.562925959601,33.061081226946,11473838.046491
2011-08-30,33.009651754229,33.368092294756,32.70866287292,33.16984191515,11804636.127612
2011-08-31,33.345448873513,33.62487832715,33.132745246305,33.402780089001,10386089.359962
2011-09-01,33.378811786728,33.749055812796,33.111306262363,33.181645400692,9624991.6717202
2011-09-02,32.653740532033,32.948707226841,32.380212821167,32.455369708697,5183368.850967
2011-09-06,31.658634434642,32.574849888872,31.6408087626,32.539078101058,44453187.806687
2011-09-07,32.916548750927,33.31798770307,32.779122454979,33.307147767368,10855657.337823
2011-09-08,33.077822905418,33.427832384844,32.884269831283,32.946418795971,9130733.7340076
2011-09-09,32.602311059316,32.622666049689,31.821113026434,31.972751682524,16098446.502418
2011-09-12,31.591667720754,32.110177978472,31.48904966278,32.077899058827,13393118.69711
2011-09-13,32.161487007458,32.485239753741,31.993106672896,32.413575734381,11253458.347895
2011-09-14,32.529442602656,33.077822905418,32.069467997726,32.714685059421,14000292.977618
2011-09-15,32.978577271885,33.040726236573,32.501981432213,33.020491689931,12105169.04265
2011-09-16,32.950047984358,33.110575978639,32.698114870945,33.020249032603,11865722.766481
2011-09-19,32.527044739726,32.818151475624,32.437915763797,32.669603182409,6009547.1568186
2011-09-20,32.830011379679,33.352805534189,32.654269165044,33.010665271751,10829657.272284
2011-09-21,33.030791169541,33.080866319996,32.102843524988,32.120813076586,14044857.825349
2011-09-22,31.318772090234,31.639588484775,31.091756755038,31.470914293769,26669915.774307
2011-09-23,31.278280700631,31.679960077366,31.170223797018,31.479060490494,17981482.013166
2011-09-26,31.740577364759,32.042226237595,31.37100358688,31.999578501801,13336816.222093
2011-09-27,32.508116812042,32.879966733123,32.342916734345,32.485594974039,14318915.097318
2011-09-28,32.612579805336,32.66253515878,31.878343927015,31.929377453555,15071985.132471
2011-09-29,32.342916734345,32.571130039648,31.670376316514,32.13614709395,12782810.217745
2011-09-30,31.797600741832,32.346510644665,31.715539789532,31.727399693587,10356008.262985
2011-10-03,31.488644251346,31.929377453555,30.698463169049,30.721104804063,48032041.490069
2011-10-04,30.44904579286,31.083490761302,30.107983703518,31.051385162446,20949635.956956
2011-10-05,31.083490761302,31.569387436529,30.980105941105,31.549261538739,8931258.7182146
2011-10-06,31.529015843938,31.929377453555,31.391129484671,31.929377453555,9795419.814087
2011-10-07,31.97945260401,32.13614709395,31.801074855141,31.897271854699,10757335.387594
2011-10-10,32.228869980199,32.680384913368,32.228869980199,32.632825500137,6588341.9016504
2011-10-11,32.508116812042,32.642289463979,32.418987836113,32.581672176586,5107410.5487947
2011-10-12,32.698114870945,32.921536295822,32.581672176586,32.603115841494,8411010.7820024
2011-10-13,32.517460978874,32.680384913368,32.310811135489,32.571130039648,5969970.8507114
2011-10-14,32.950047984358,32.950047984358,32.688650907103,32.879966733123,6229327.2456899
2011-10-17,32.798025577834,32.798025577834,32.260975579056,32.310811135489,6760757.1737556
2011-10-18,32.19796235145,32.798025577834,31.988796770842,32.550764547836,9932527.5639694
2011-10-19,32.750466164603,32.879966733123,32.354776638401,32.485594974039,6233461.3676218
2011-10-20,32.418987836113,32.642289463979,32.082717627197,32.455885315396,6920419.1173526
2011-10-21,32.798025577834,33.160411535073,32.798025577834,33.110575978639,6784645.3624343
2011-10-24,33.2090491214,33.620072664966,33.110575978639,33.613124438348,36228334.760751
2011-10-25,33.479910162497,33.519203581992,32.839595140532,32.931120056674,8333300.7359506
2011-10-26,33.226898875988,33.488295953243,32.950047984358,33.371853258883,8655617.4850315
2011-10-27,34.002824114017,34.271289214901,33.711597581108,34.177488155556,16386568.575804
2011-10-28,34.159518603957,34.318848628132,33.980182479003,34.210791724519,10197587.73426
2011-10-31,34.011090107752,34.030137832447,33.553705121062,33.553705121062,6998796.5817047
2011-11-01,32.900212427925,33.323095875546,32.830011379679,32.921536295822,5995969.0238533
2011-11-02,33.313631911704,33.313631911704,32.931120056674,33.139087667176,3018407.2594299
2011-11-03,33.418214702008,33.558497001488,33.160411535073,33.499077684202,3618760.5411678
2011-11-04,33.264874528366,33.359993354828,32.954839864784,33.184131343183,3467492.2453774
2011-11-07,33.2090491214,33.640438156778,33.070084589037,33.579820869385,5520141.8574781
2011-11-08,33.738911299538,34.020554071594,33.479910162497,33.992042383058,4962544.587193
2011-11-09,33.381317222725,33.50961982114,32.879966733123,33.010665271751,13046961.419859
2011-11-10,33.301772007649,33.640438156778,33.148431834007,33.479910162497,6093239.5600957
2011-11-11,33.769818928288,34.167904394703,33.769818928288,34.071707395145,7083967.7415442
2011-11-14,33.849483940375,33.992042383058,33.690273713211,33.842415916746,4100150.9294423
2011-11-15,33.819774281732,34.020554071594,33.620072664966,33.921961131823,5627424.5098647
2011-11-16,33.548913240635,33.809112347784,33.248342540895,33.268468438686,10464668.67547
2011-11-17,33.221028822466,33.248342540895,32.642289463979,32.921536295822,10134160.27151
2011-11-18,33.010665271751,33.05235463146,32.809885481889,32.85025707448,6194672.8339347
2011-11-21,32.391674117683,32.466427452333,32.102843524988,32.21808824924,7436575.8551299
2011-11-22,32.206348142196,32.44749952465,32.120813076586,32.300149201541,5160455.5750311
2011-11-23,32.082717627197,32.082717627197,31.789214951086,31.831982483891,6472355.8789672
2011-11-25,31.740577364759,31.959087112199,31.679960077366,31.709669736009,2497581.9600981
2011-11-28,32.24899587799,32.623361536295,32.24899587799,32.561546278796,7380993.2927323
2011-11-29,32.632825500137,32.900212427925,32.592453907545,32.698114870945,4789860.8328208
2011-11-30,33.422886785424,33.920763161716,33.374249199097,33.880391569125,13375080.415804
2011-12-01,33.797252443729,34.120464778483,33.797252443729,33.929148952463,5971050.6712404
2011-12-02,34.11088101763,34.160716574064,33.425282725637,33.507223880927,15173379.690998
2011-12-05,33.86134384443,33.992042383058,33.40036494742,33.569039138426,43739087.468962
2011-12-06,33.628458455712,33.920763161716,33.565445228106,33.710399611002,5064185.7454208
2011-12-07,33.659366084462,34.120464778483,33.527589372738,33.958738814095,6479719.3628396
2011-12-08,33.787788479887,33.86853166507,33.254212594418,33.330283696185,7784512.0406124
2011-12-09,33.485900013029,33.88865756286,33.425282725637,33.818576311626,5605805.3750802
2011-12-12,33.591560976429,33.671345785527,33.268468438686,33.418214702008,5421449.7960031
2011-12-13,33.589404630238,33.807914377677,33.254212594418,33.359993354828,5022714.9139739
2011-12-14,33.319621762237,33.495483773882,33.243550660469,33.339747660027,5186731.4884494
2011-12-15,33.548913240635,33.797252443729,33.531063486047,33.711597581108,6535289.3006792
2011-12-16,33.750126508401,33.750126508401,33.401678618849,33.412161837406,5777222.7460433
2011-12-19,33.558688642244,33.802066091254,33.3082826717,33.412161837406,4601636.1757405
2011-12-20,33.790272470377,34.160163306979,33.73952416236,34.111678421151,5208816.7761592
2011-12-21,34.200309268955,34.3787622394,34.059619710814,34.333732050596,5196888.0737656
2011-12-22,34.469656509392,34.591285670156,34.312527358514,34.579611176762,3699828.3060722
2011-12-23,34.659903100714,34.840619493347,34.579611176762,34.799282256535,2240243.1485587
2011-12-27,34.728401403788,34.959985231922,34.728401403788,34.880884582806,2224069.9135625
2011-12-28,34.880884582806,34.880884582806,34.429510547416,34.498127977975,5908161.7102262
2011-12-29,34.498127977975,34.811075877412,34.469656509392,34.747342673682,4775359.8592858
2011-12-30,34.658711825878,34.865398009937,34.638698408632,34.70004906269,2711529.3035605
2012-01-03,35.13129055335,35.26006736313,35.029793937316,35.140820752038,18864220.423509
2012-01-04,35.108894586432,35.13129055335,34.852532241708,34.968324155774,6173982.8643938
2012-01-05,34.780460114125,35.108894586432,34.709460133895,35.069820771808,5939678.7401488
2012-01-06,35.062673122792,35.211582477301,34.959985231922,35.13129055335,6762440.124785
2012-01-09,35.20229053358,35.22111267599,34.909236923905,35.191569060055,10695296.233036
2012-01-10,35.49879884028,35.530725005887,35.401829068623,35.451505229288,7122237.6852436
2012-01-11,35.411359267312,35.54239949928,35.287228429392,35.479857570386,3500956.5074267
2012-01-12,35.561459896658,35.620547128527,35.328684793688,35.589812237756,3409114.6397648
2012-01-13,35.359300556975,35.460916300493,35.159642894448,35.428990134886,4826743.6716182
2012-01-17,35.709058848848,35.873335648743,35.609825655002,35.648899469626,5792820.4511951
2012-01-18,35.638177996101,35.863805450054,35.569560565543,35.853203104013,6940370.2543993
2012-01-19,35.789469900283,35.889894368964,35.658191413347,35.853203104013,4447514.3616028
2012-01-20,35.898114165333,35.957201397203,35.718469920053,35.853203104013,7768836.1554348
2012-01-23,35.863805450054,35.90990778621,35.589812237756,35.688926304118,4211931.3761887
2012-01-24,35.589812237756,35.820204791054,35.589812237756,35.699647777643,4382134.171274
2012-01-25,35.561459896658,36.019743326097,35.479857570386,35.957201397203,4759917.885739
2012-01-26,36.101345652368,36.101345652368,35.67844308556,35.800072246324,5074495.7277726
2012-01-27,35.658191413347,35.938260127309,35.658191413347,35.820204791054,3500669.5888721
2012-01-30,35.600295456314,35.789469900283,35.451505229288,35.770528630389,5297790.3046405
2012-01-31,35.917055435227,36.134343965327,35.712632673356,35.79530714698,7538659.7650888
2012-02-01,35.920629259735,36.318753309952,35.90990778621,36.153404362705,13009191.120702
2012-02-02,36.143874164016,36.192239922361,35.800072246324,36.008068832703,5953321.3365645
2012-02-03,36.192239922361,36.265622452263,36.091934581163,36.219400988623,8292407.5040693
2012-02-06,36.05881714072,36.153404362705,35.90990778621,36.019743326097,2898511.3327134
2012-02-07,35.966612468408,36.192239922361,35.863805450054,36.153404362705,3442135.6645898
2012-02-08,36.192239922361,36.192239922361,35.947790325998,36.153404362705,3242759.4309632
2012-02-09,36.133152690491,36.143874164016,35.863805450054,35.957201397203,6164476.4655515
2012-02-10,35.751587360496,35.853203104013,35.620547128527,35.810674592365,3648006.0754171
2012-02-13,35.976142667096,36.173417779951,35.966612468408,36.080021832802,5493761.6021434
2012-02-14,36.091934581163,36.245489907533,35.998538634014,36.22654863764,4253102.9192519
2012-02-15,36.254900978738,36.318753309952,36.048095667195,36.162696306426,3313537.7526859
2012-02-16,36.101345652368,36.401427783576,36.03999499831,36.362473096436,3354131.2268024
2012-02-17,36.339958002034,36.362473096436,36.173417779951,36.236078836328,4531295.4259729
2012-02-21,36.308031836427,36.339958002034,35.920629259735,35.976142667096,7076174.9848701
2012-02-22,35.947790325998,36.091934581163,35.853203104013,35.976142667096,4212263.1522167
2012-02-23,35.998538634014,36.070610761597,35.93004033094,36.008068832703,3551575.203613
2012-02-24,36.111947998409,36.236078836328,36.03999499831,36.192239922361,7647137.8307249
2012-02-27,36.008068832703,36.339958002034,35.920629259735,36.254900978738,9274063.3687147
2012-02-28,36.22654863764,36.461706290281,36.180565428967,36.401427783576,4370213.0861872
2012-02-29,36.368310343133,36.486484806872,36.186402675664,36.186402675664,3036337.1885791
2012-03-01,36.210109044902,36.422751603142,36.180565428967,36.370692892805,6014044.8133578
2012-03-02,36.366046920944,36.383677788518,36.221783538295,36.311605660936,2463699.3816035
2012-03-05,36.265622452263,36.422751603142,36.180565428967,36.22654863764,3395744.573658
2012-03-06,36.030464799621,36.12386074677,35.67844308556,35.761117559184,4315933.0045494
2012-03-07,35.841409483136,35.958392672039,35.729191393577,35.920629259735,1584839.0717476
2012-03-08,36.114330548081,36.415603954125,36.114330548081,36.321135859624,4186392.2393415
2012-03-09,36.373075442477,36.602395848422,36.354253300067,36.477073735667,4698177.9216762
2012-03-12,36.480647560175,36.539734792045,36.390825437535,36.473499911159,2426575.1675346
2012-03-13,36.676731398193,36.995754799295,36.583335451045,36.98634372809,7159384.7512328
2012-03-14,36.894139055778,37.056033306001,36.894139055778,36.976813529401,6216968.1728345
2012-03-15,36.989798425115,37.099753092485,36.889373956433,37.038283310943,3819860.9797029
2012-03-16,36.950644027108,36.991654599249,36.800113892369,36.848236124419,4000267.4640677
2012-03-19,36.790631679157,36.898728909773,36.717737165091,36.838872438873,4130751.3002611
2012-03-20,36.700195070649,36.773089584715,36.608454657823,36.650769034282,1903941.3198599
2012-03-21,36.680163895238,36.717737165091,36.568392307003,36.640220072083,3717854.8919106
2012-03-22,36.481393000784,36.58972728673,36.399134801171,36.513158415044,4266196.980975
2012-03-23,36.58972728673,36.657762166525,36.461480353039,36.657762166525,1807759.1154923
2012-03-26,36.860088890934,37.258578901164,36.809477577916,37.258578901164,9504576.9290376
2012-03-27,37.339651824126,37.482003549969,37.280862102212,37.330288138579,5334529.82771
2012-03-28,37.362053552839,37.490063431199,37.069171692256,37.250281964604,8930384.4211262
2012-03-29,37.090506671983,37.370231961734,37.038710082313,37.330288138579,8620652.3566648
2012-03-30,37.47489189006,37.671173703547,37.416102168147,37.615939811587,7242822.2250123
2012-04-02,37.608828151678,37.840431209379,37.482003549969,37.738141834356,10149187.138173
2012-04-03,37.780456210814,37.999139753013,37.548853153113,37.718110658945,8863069.0423715
2012-04-04,37.566632302885,37.631111352726,37.431273709286,37.519458292156,7096893.9778618
2012-04-05,37.399626822691,37.511398410926,37.319620648716,37.482003549969,2796571.4497199
2012-04-09,37.198603902599,37.219701826995,37.018678906903,37.038710082313,2853765.7885118
2012-04-10,37.018678906903,37.110419319728,36.59778716796,36.617936871035,6500191.555722
2012-04-11,36.930494324032,36.959889184989,36.717737165091,36.751873132653,3793530.4640387
2012-04-12,36.790631679157,36.991654599249,36.773089584715,36.950644027108,4721874.3055983
2012-04-13,36.890669028542,36.890669028542,36.580245073518,36.580245073518,4560675.1801982
2012-04-16,36.762422094852,36.762422094852,36.481393000784,36.58972728673,7243203.316448
2012-04-17,36.78126799361,37.15972682843,36.700195070649,37.130331967473,4194638.5573945
2012-04-18,37.059926534375,37.142184733988,36.991654599249,37.010500498008,4080229.4641982
2012-04-19,37.209152864797,37.390263137144,36.950644027108,37.090506671983,9542746.4688064
2012-04-20,37.17975800384,37.482003549969,37.150363142883,37.287973762121,5714546.8919147
2012-04-23,36.898728909773,37.049259044511,36.890669028542,37.001136812461,4906723.216933
2012-04-24,37.030531673418,37.209152864797,36.950644027108,37.130331967473,2971108.7753737
2012-04-25,37.319620648716,37.577062737419,37.287973762121,37.519458292156,6216389.8712554
2012-04-26,37.350200786324,37.559520642977,37.219701826995,37.511398410926,5472670.3692914
2012-04-27,37.577062737419,37.701753841155,37.422028551404,37.528940505368,3625747.3035644
2012-04-30,37.51471718555,37.637037735984,37.416102168147,37.51471718555,4775086.7492762
2012-05-01,37.438385369195,37.738141834356,37.258578901164,37.653631609105,5532508.5299192
2012-05-02,37.500730921063,37.608828151678,37.470150783454,37.577062737419,2863252.2431821
2012-05-03,37.619495641542,37.619495641542,37.379595647281,37.438385369195,3297100.1739974
2012-05-04,37.287973762121,37.319620648716,36.930494324032,36.950644027108,4886360.3446324
2012-05-07,36.729589931605,37.150363142883,36.729589931605,37.030531673418,5690185.9621401
2012-05-08,36.818841263462,37.121086809592,36.657762166525,37.038710082313,3984406.2343527
2012-05-09,36.829508753326,37.018678906903,36.580245073518,36.790631679157,8694812.0695543
2012-05-10,36.969371398201,37.198603902599,36.969371398201,37.049259044511,3401531.9871698
2012-05-11,36.980038888065,37.298522724319,36.969371398201,37.010500498008,3514113.8830355
2012-05-14,36.800113892369,37.038710082313,36.62955258222,36.890669028542,8433737.2152011
2012-05-15,36.800113892369,36.941161813896,36.568392307003,36.668429656389,5206145.3970156
2012-05-16,36.762422094852,36.898728909773,36.680163895238,36.729589931605,6770620.1632634
2012-05-17,36.800113892369,36.809477577916,36.349827292469,36.387519089986,4056847.6331795
2012-05-18,36.492060490647,36.501542703859,35.963071521089,36.066427645099,6830623.3500934
2012-05-21,36.108860549222,36.450931390841,36.086577348174,36.418099227595,7835828.5706149
2012-05-22,36.450931390841,36.657762166525,36.221698886443,36.316876601558,5614340.2599068
2012-05-23,36.232247848642,36.339278330271,35.807918807409,36.159353334575,6769769.512737
2012-05-24,36.200482434382,36.513158415044,36.159353334575,36.513158415044,4507593.7367014
2012-05-25,36.418099227595,36.617936871035,36.307512916011,36.418099227595,3065790.4322127
2012-05-29,36.617936871035,36.751873132653,36.418099227595,36.542553276001,9650042.4223017
2012-05-30,36.408617014383,36.429714938779,36.221698886443,36.327544091421,3818103.2057943
2012-05-31,36.331099921376,36.412172844337,35.952404031225,36.149989649028,4766291.873484
2012-06-01,35.798555121862,35.903096522524,35.468218519093,35.509229091235,10556687.870234
2012-06-04,35.518711304446,35.672678741475,35.381219212874,35.590420541861,5566742.9603536
2012-06-05,35.478648953626,35.880813321476,35.450439369321,35.787887631999,7621864.4437138
2012-06-06,35.954774584528,36.354568399075,35.870145831612,36.354568399075,6129261.9910906
2012-06-07,36.584986180124,36.594349865671,36.29459340051,36.37448104682,7312651.2760725
2012-06-08,36.266383816204,36.624930003279,36.266383816204,36.584986180124,5226232.6585456
2012-06-11,36.700195070649,36.773089584715,36.252279024052,36.272310199462,7851485.6442035
2012-06-12,36.343900909212,36.604898827869,36.142996516785,36.604898827869,8853918.5946601
2012-06-13,36.594349865671,36.896476884135,36.466221459645,36.566140281365,15158934.341657
2012-06-14,36.650769034282,37.219701826995,36.580245073518,37.121086809592,14048388.813201
2012-06-15,36.998304212098,37.150268543404,36.969066699171,37.0591371019,7422605.8647872
2012-06-18,37.049705646117,37.310603291718,37.019289201216,37.310603291718,7202245.1271317
2012-06-19,37.377095054989,37.752466995158,37.377095054989,37.648367301951,6074480.9781306
2012-06-20,37.591189101266,37.730303074068,37.299992903962,37.547804404664,5874290.8043419
2012-06-21,37.474239049555,37.640232671339,36.979559193729,37.031078520945,5341054.1322174
2012-06-22,37.211101433206,37.491687242754,37.13046248626,37.420479751591,4764055.418411
2012-06-25,36.969066699171,37.119852098504,36.880175228415,36.959635243387,7672436.0656489
2012-06-26,37.031078520945,37.190116444088,36.941008118216,37.068450664485,6401511.7992887
2012-06-27,37.179506056332,37.598144799906,37.119852098504,37.474239049555,8066137.9339711
2012-06-28,37.349036474034,37.408690431862,36.921202061071,37.299992903962,12607266.929266
2012-06-29,37.615710886302,38.029633901985,37.615710886302,38.007469980895,9551120.7592659
2012-07-02,38.14422608975,38.153539652336,37.8506720285,38.132436770021,6582544.8549677
2012-07-03,38.121944275463,38.219088270029,37.966443148238,38.121944275463,3697139.921034
2012-07-05,38.031991765931,38.061229278859,37.840179533941,37.879909541428,3692438.7300407
2012-07-06,37.730303074068,37.782883440059,37.474239049555,37.630919108753,5904271.6941835
2012-07-09,37.464807593772,37.890519929184,37.464807593772,37.829687039382,6279537.4020105
2012-07-10,38.052976755048,38.052976755048,37.529177279492,37.648367301951,5669460.1607826
2012-07-11,37.620308720997,37.689394134608,37.420479751591,37.620308720997,6571962.2576691
2012-07-12,37.58057871351,37.829687039382,37.387705442745,37.709200191753,3999506.8078545
2012-07-13,37.720989511482,38.189850757101,37.697528765221,38.132436770021,5159564.3845262
2012-07-16,38.088108927841,38.236536463228,37.999217457084,38.20034325166,3850498.6381011
2012-07-17,38.287937897246,38.773304190486,38.121944275463,38.689128447621,6453863.7558942
2012-07-18,38.547538717677,38.839913846954,38.442377985695,38.754559172117,5748679.1203083
2012-07-19,38.829421352396,38.838734914981,38.517122272776,38.753380240144,4801768.4290039
2012-07-20,38.609550539451,38.698442010207,38.189850757101,38.245967919011,4197444.3098083
2012-07-23,37.869299153672,37.899715598572,37.591189101266,37.799270594482,4673971.6361859
2012-07-24,37.770033081554,37.806344186319,37.183042852251,37.380631850908,4431102.1399802
2012-07-25,37.441464740709,37.620308720997,37.211101433206,37.559593724393,5069047.8566867
2012-07-26,37.948994955039,38.098601422399,37.7723909455,37.920936374084,8521141.7250156
2012-07-27,38.153539652336,38.89838887281,38.132436770021,38.829421352396,6373061.7684389
2012-07-30,38.742887745585,38.819989896612,38.568641599992,38.629474489793,5215339.8207653
2012-07-31,38.600236976865,38.763872734703,38.378008299975,38.389797619704,5167019.4112477
2012-08-01,38.609550539451,38.698442010207,38.341815088407,38.413140472767,6243837.5992761
2012-08-02,38.121944275463,38.299727216975,37.782883440059,38.041305328517,5332077.6540173
2012-08-03,38.462184042839,38.720605931298,38.401351153038,38.489063691821,4462566.8512468
2012-08-06,38.617803063261,38.629474489793,38.462184042839,38.497316215632,3532250.1582763
2012-08-07,38.432946529912,38.526553728559,38.367515805416,38.413140472767,4235681.5754637
2012-08-08,38.489063691821,38.609550539451,38.379187231948,38.546359785704,3203491.7755744
2012-08-09,38.517122272776,38.658712002721,38.454049412226,38.526553728559,3110251.3450036
2012-08-10,38.509105535361,38.720605931298,38.443556917668,38.689128447621,3949059.4450896
2012-08-13,38.558149105433,38.639966984352,38.413140472767,38.590923414279,2250991.3108787
2012-08-14,38.76269380273,38.773304190486,38.609550539451,38.689128447621,2448619.2201202
2012-08-15,38.698442010207,38.877285990495,38.629474489793,38.780259889126,2294565.2022932
2012-08-16,38.780259889126,38.780259889126,38.537046223118,38.682054855784,4592764.2704278
2012-08-17,38.720605931298,38.720605931298,38.359381174803,38.482107993181,6007792.8263969
2012-08-20,38.482107993181,38.609550539451,38.432946529912,38.558149105433,4566482.2437926
2012-08-21,38.568641599992,38.753380240144,38.423750860523,38.432946529912,5663435.0760914
2012-08-22,38.389797619704,38.537046223118,38.34994971902,38.462184042839,2509773.1883142
2012-08-23,38.432946529912,38.509105535361,38.331322593848,38.413140472767,2565278.3723514
2012-08-24,38.454049412226,38.838734914981,38.413140472767,38.742887745585,5991150.9352676
2012-08-27,38.773304190486,38.940476744242,38.65045947891,38.780259889126,3610938.8761401
2012-08-28,38.65045947891,38.848048477567,38.600236976865,38.720605931298,3558887.1047336
2012-08-29,38.698442010207,38.989520314314,38.689128447621,38.848048477567,2849144.9565403
2012-08-30,38.658712002721,38.809497402054,38.546359785704,38.720605931298,3807996.3479807
2012-08-31,38.862195661242,39.055068932007,38.671562361225,38.839913846954,4666234.3840637
2012-09-04,38.801362771441,39.023473555134,38.618981995234,38.920670687097,6334386.6257981
2012-09-05,38.99187817826,39.086664308881,38.821168828585,38.932224220432,2779796.1889834
2012-09-06,39.105291434052,39.550809826609,39.105291434052,39.543736234771,5035576.7793895
2012-09-07,39.625672006887,39.659507354509,39.424546212312,39.53336163341,3980883.3523208
2012-09-10,39.539138400077,39.566135942256,39.393068728636,39.393068728636,2781241.5251265
2012-09-11,39.402264398024,39.519214449735,39.374205817069,39.41287478578,2391977.4374237
2012-09-12,39.42112730959,39.539138400077,39.363831215708,39.430322978979,2864130.2700902
2012-09-13,39.437396570816,39.910973544327,39.299461529988,39.826797801463,6849318.8426147
2012-09-14,39.824439937517,39.887630691264,39.543736234771,39.670117742265,11318609.500226
2012-09-17,39.566135942256,39.900363156571,39.566135942256,39.900363156571,2602401.2752883
2012-09-18,39.8338713933,40.076967166111,39.805694919148,40.029102528011,3210574.777904
2012-09-19,40.029102528011,40.210304372245,39.9904335593,40.068832535498,4891081.6503622
2012-09-20,40.038533983794,40.241899749118,39.927360698751,40.241899749118,4836469.3248655
2012-09-21,40.13876474418,40.320245853792,40.081751286345,40.187683698743,8167402.1582837
2012-09-24,40.13876474418,40.381951777293,40.091018906034,40.300537497997,6989910.1522489
2012-09-25,40.42042999575,40.680979151825,40.260886163124,40.271444210871,4965208.5808686
2012-09-26,40.361070305082,40.448350166459,40.04339037953,40.072483666656,6668928.8759838
2012-09-27,40.121285309576,40.400487016672,40.091018906034,40.300537497997,3146041.944137
2012-09-28,40.221469451534,40.232965992415,39.949189131296,40.123631542409,4719527.0290118
2012-10-01,40.23765845808,40.611178725051,40.217950102285,40.361070305082,5344457.5010211
2012-10-02,40.498324925797,40.651885864699,40.343473558836,40.541378298277,6266514.7105228
2012-10-03,40.589006824782,40.911379215999,40.551819034383,40.882285928873,5785914.7265732
2012-10-04,40.940472503125,41.267420048366,40.911379215999,41.128874999593,6372156.2393731
2012-10-05,41.267420048366,41.340622512748,41.069515308925,41.17310148849,4033472.0409523
2012-10-08,41.149873783446,41.192927155927,40.940472503125,41.139433047341,3126012.038675
2012-10-09,40.921819952105,40.989274146046,40.611178725051,40.64261824501,6128141.1962781
2012-10-10,40.661153484388,40.661153484388,40.207392054538,40.343473558836,6180360.7627256
2012-10-11,40.520379514424,40.64261824501,40.361070305082,40.371393729546,3791826.5515734
2012-10-12,40.541378298277,40.622792577573,40.28997945025,40.310978234103,3508306.0545173
2012-10-15,40.408698831586,40.921819952105,40.400487016672,40.892843976621,12298049.107245
2012-10-16,41.017194316755,41.329125971867,41.010155618257,41.329125971867,5658159.9414416
2012-10-17,41.397635970583,41.397635970583,41.17310148849,41.329125971867,5397901.8095962
2012-10-18,41.078900240256,41.360565491826,41.010155618257,41.340622512748,4289211.089214
2012-10-19,41.24184611049,41.329125971867,40.530937562172,40.600737988945,6218467.8619906
2012-10-22,40.600737988945,40.680979151825,40.391336708624,40.632060197262,4485755.9869122
2012-10-23,40.320245853792,40.320245853792,39.849004989338,40.091018906034,5915577.5310192
2012-10-24,40.331977017956,40.381951777293,40.110844573471,40.158590411617,5884353.0527771
2012-10-25,40.408698831586,40.580912321509,40.28997945025,40.476270337169,4746260.7861195
2012-10-26,40.429580303798,40.520379514424,40.13876474418,40.320245853792,3641148.8911544
2012-10-31,40.520379514424,40.580912321509,39.849004989338,40.03412275984,8629877.6776815
2012-11-01,39.989778959302,40.476270337169,39.989778959302,40.361070305082,4900541.3370641
2012-11-02,40.42042999575,40.551819034383,40.091018906034,40.13876474418,7032989.274818
2012-11-05,40.091018906034,40.249389622244,39.8979239439,40.158590411617,4693804.865928
2012-11-06,40.129497124491,40.448350166459,39.946842898463,40.198124434848,7549181.5541974
2012-11-07,39.958456750985,39.967724370674,39.163787690538,39.530269259011,11972922.616045
2012-11-08,39.522057444097,39.547748693615,39.048587658451,39.05785527814,8888978.1059156
2012-11-09,38.977614115261,39.430202428695,38.903121222822,39.174228426644,7340636.7620534
2012-11-12,39.463870869845,39.537190645868,39.288138030673,39.367440700419,3573719.3166845
2012-11-13,39.200975480937,39.646642407515,39.194054094081,39.223147381206,5221677.3175979
2012-11-14,39.247548202667,39.376591008467,38.648320337187,38.749560283919,6859173.0126033
2012-11-15,38.719293880377,38.799535043257,38.48079931293,38.639052717498,8624517.1747695
2012-11-16,38.658761073293,39.038146922345,38.583212376079,38.932214509948,9846998.0416243
2012-11-19,39.29869607842,39.355709536256,39.174228426644,39.338347413294,7423705.2191572
2012-11-20,39.330135598379,39.56745704941,39.238163271336,39.558189429721,4895677.6067483
2012-11-21,39.463870869845,39.667523879726,39.463870869845,39.530269259011,5205642.2201423
2012-11-23,39.753747936329,40.03412275984,39.646642407515,40.023564712093,2853330.294581
2012-11-26,39.831642866376,39.860736153502,39.637374787825,39.841027797707,4703865.8002056
2012-11-27,39.667523879726,39.889829440627,39.578015097157,39.600069685785,5396601.4342705
2012-11-28,39.484869653698,39.937457967132,39.288138030673,39.906018447173,7531138.7391206
2012-11-29,40.158590411617,40.271444210871,40.011950859571,40.187683698743,8403341.6385504
2012-11-30,40.232965992415,40.324938319458,40.075885704263,40.242350923745,4050775.7134117
2012-12-03,40.361070305082,40.498324925797,40.091018906034,40.149205480286,9936955.1360275
2012-12-04,40.149205480286,40.371393729546,40.13876474418,40.23765845808,4080358.6074688
2012-12-05,40.320245853792,40.551819034383,40.081751286345,40.371393729546,6294332.2569799
2012-12-06,40.42042999575,40.440138351545,40.260886163124,40.354031606584,2943846.902757
2012-12-07,40.498324925797,40.509938778319,40.158590411617,40.476270337169,4618969.254326
2012-12-10,40.381951777293,40.718166942224,40.320245853792,40.651885864699,5240832.2844733
2012-12-11,40.837942128335,41.181313303405,40.708899322534,41.078900240256,3891077.0751883
2012-12-12,41.149873783446,41.298859568325,40.949740122814,41.017194316755,6757566.6867625
2012-12-13,40.980006526357,41.04980695313,40.589006824782,40.669365299303,5929160.5658152
2012-12-14,40.551819034383,40.669365299303,40.458673590923,40.509938778319,5246261.5448381
2012-12-17,40.64261824501,40.837942128335,40.541378298277,40.829964936703,5549076.2426115
2012-12-18,40.980006526357,41.212752823364,40.748433345766,41.149873783446,8472466.0842311
2012-12-19,41.149873783446,41.17310148849,40.680979151825,40.708899322534,6888969.0547639
2012-12-20,40.64261824501,40.778699749308,40.561086654072,40.768259013202,4718618.571167
2012-12-21,40.188918756588,40.369412803191,40.060577805546,40.20851992002,5572850.328808
2012-12-24,40.052410654116,40.180751605158,39.966772237693,40.052410654116,3332678.0517999
2012-12-26,40.100946868328,40.122881503597,39.759676612148,39.908902136132,4404163.7966079
2012-12-27,39.920452821726,40.052410654116,39.491094003694,39.853365506409,5483696.6767231
2012-12-28,39.716740730344,39.842981556733,39.427506896132,39.458775418749,5800918.1726304
2012-12-31,39.387021159757,39.949387872507,39.238962371691,39.88113382127,11874038.128867
2013-01-02,40.539522900118,40.701465845615,40.380963488784,40.671364058916,9533415.7916191
2013-01-03,40.701465845615,40.730400896395,40.507087641582,40.72130035623,5279562.8384271
2013-01-04,40.848474571354,40.981599139663,40.797604885305,40.898294195077,4645817.2304391
2013-01-07,40.868192408378,41.079954977598,40.78033719371,41.028968617957,4133024.0758557
2013-01-08,41.0197514042,41.196745243046,41.014034398199,41.037135769387,5787234.0674342
2013-01-09,41.161043123938,41.489595958607,41.140041877404,41.489595958607,5665184.1202753
2013-01-10,41.580951381031,41.830982888379,41.446776750395,41.777663056901,5518774.1326128
2013-01-11,41.820598938704,41.881852574429,41.652822313614,41.768562516736,3854058.4468841
2013-01-14,41.74872800612,41.881852574429,41.641154954429,41.808931579519,4643578.1703467
2013-01-15,41.652822313614,41.798664303435,41.621553790997,41.75689515755,5747509.114371
2013-01-16,41.717459483503,41.798664303435,41.609886431811,41.672423477046,3811904.3167
2013-01-17,41.901570411453,42.160702458966,41.786996944249,42.038078513925,4331709.3329544
2013-01-18,42.058963086867,42.190804245665,41.909620889291,42.179370233664,6024373.9501799
2013-01-22,42.109832772917,42.310044656543,41.970991198607,42.298377297357,7608809.2640355
2013-01-23,42.350530392917,42.428118331502,42.139934559616,42.249841083145,5544751.0320252
2013-01-24,42.439669017096,42.659482064154,42.350530392917,42.520640489844,8999776.3048835
2013-01-25,42.561126226219,42.873578105211,42.511423276088,42.852693532269,4046115.5330415
2013-01-28,42.917564049341,42.958049785715,42.67686642934,42.697751002283,5686550.6817514
2013-01-29,42.748620688332,43.227682456496,42.727852788982,43.160595141178,7231172.897376
2013-01-30,43.199914141634,43.290102828139,42.977767622739,43.029804044707,5346363.0488254
2013-01-31,42.941832156447,43.05640562365,42.895629414072,42.906013363747,6007226.2583955
2013-02-01,43.101558303699,43.330705238105,42.94766583604,43.24740029352,5623551.0835824
2013-02-04,43.050688617649,43.07962366843,42.739286800984,42.769388587683,7593373.4896742
2013-02-05,42.977767622739,43.323704822594,42.977767622739,43.238066406171,8056107.9665376
2013-02-06,43.290102828139,43.323704822594,43.101558303699,43.227682456496,3968851.9727402
2013-02-07,43.26816819287,43.278668816137,42.842426256185,43.069123045163,6529250.4588711
2013-02-08,43.181363040529,43.389742075585,43.090007618105,43.389742075585,4192519.4715259
2013-02-11,43.389742075585,43.389742075585,43.207964619472,43.301770187325,2447852.6620503
2013-02-12,43.257784243195,43.379241452318,43.216131770902,43.24740029352,5133584.9349198
2013-02-13,43.313320872919,43.330705238105,43.090007618105,43.216131770902,4843269.3193587
2013-02-14,43.169812354935,43.389742075585,43.090007618105,43.313320872919,5172501.0264447
2013-02-15,43.330705238105,43.448778913064,43.238066406171,43.409343239017,8229915.5463148
2013-02-19,43.301770187325,43.69169333131,43.301770187325,43.680142645716,7245100.6980355
2013-02-20,43.651207594936,43.740346219114,43.389742075585,43.40012602526,6739599.3956559
2013-02-21,43.323704822594,43.330705238105,43.050688617649,43.199914141634,7447116.4598026
2013-02-22,43.340039125454,43.430111138367,43.169812354935,43.389742075585,6168073.9060207
2013-02-25,43.610721858561,43.731012331766,42.882795318968,42.910563633829,6078647.1767499
2013-02-26,43.090007618105,43.132826826316,42.709185014285,43.018253359113,6549050.2832002
2013-02-27,43.069123045163,43.630439695585,42.882795318968,43.489147975847,6849825.7919912
2013-02-28,43.492648183602,43.785382225571,43.42334407004,43.441778497553,4358704.2226364
2013-03-01,43.359640288886,43.790049169245,43.212631563146,43.778498483651,7491483.7250298
2013-03-04,43.680142645716,44.028529991,43.610721858561,44.021529575489,4903475.0613798
2013-03-05,44.181255722741,44.484373714384,44.138436514529,44.402235505717,6582547.1752501
2013-03-06,44.534076664515,44.603614125262,44.39173488245,44.493707601733,5068393.8059156
2013-03-07,44.593113501995,44.660317490904,44.410402657147,44.463605815034,4437567.3584803
2013-03-08,44.620881816857,44.671868176498,44.338531724563,44.544577287782,4029272.0285024
2013-03-11,44.570012130807,44.770224014433,44.428837084661,44.770224014433,6748676.6195889
2013-03-12,44.834977857914,45.002754483004,44.824593908238,44.974986168142,4612300.462518
2013-03-13,44.96355215614,45.023639055946,44.784108171864,44.986653527327,4098200.6854494
2013-03-14,45.06412479232,45.105777264613,44.882347336207,45.023639055946,3777684.1157743
2013-03-15,44.709651773557,44.839762514227,44.562115487262,44.728006681616,5778847.3728912
2013-03-18,44.411210262146,44.67851813204,44.260188866726,44.438858794538,4042013.6515812
2013-03-19,44.509141828561,44.609280630755,44.218832238442,44.467669029972,7023218.1820634
2013-03-20,44.631236818243,44.941179189767,44.631236818243,44.839762514227,4386908.0612365
2013-03-21,44.759140323134,44.839762514227,44.499848204227,44.590925722696,4419926.0439095
2013-03-22,44.738462008991,44.929678329654,44.688741118807,44.929678329654,6881351.8625361
2013-03-25,45.039110756182,45.101261868912,44.601381050071,44.801774824764,6813364.8306326
2013-03-26,44.879028077036,45.351376533789,44.879028077036,45.31908118923,4855716.8951005
2013-03-27,45.208603229965,45.58069671422,45.071406100741,45.550724775744,5264636.3176044
2013-03-28,45.683158922497,46.036897498693,45.561063932815,46.005763857176,7415616.0285044
2013-04-01,45.981600433908,46.108342235757,45.819078178375,46.069192843252,6364648.1634979
2013-04-02,46.399813528918,46.791655964882,46.390636074889,46.741005712264,8852015.876878
2013-04-03,46.821627903357,46.869954749892,46.368679887401,46.460919108911,8472712.2213415
2013-04-04,46.532363845976,46.92757522076,46.482759126095,46.66595969577,9794535.51254
2013-04-05,46.200465286964,46.418284607281,46.139475877275,46.409107153252,9969222.7986772
2013-04-08,46.379135214776,46.449418248799,46.017380887593,46.449418248799,7700535.1034949
2013-04-09,46.591146019885,46.821627903357,46.482759126095,46.599161770873,5937467.8689429
2013-04-10,46.8618228286,47.420718161959,46.784685746632,47.387261114358,9062039.3390936
2013-04-11,47.508310571303,48.010630966532,47.499016946969,47.841138492748,7660437.5612535
2013-04-12,47.720321376412,47.990998185127,47.658054093377,47.931054308176,5624165.4622657
2013-04-15,47.909214290992,48.001453512502,47.02202167805,47.061171070555,10745253.446557
2013-04-16,47.432219022072,47.75145501793,47.219046513921,47.740999690554,8771789.5475572
2013-04-17,47.448366694352,47.658054093377,47.139586025869,47.518649728374,16487553.905894
2013-04-18,47.467883305452,47.508310571303,46.775392122298,46.937914377831,10353593.325462
2013-04-19,47.011682520979,47.638421311973,47.000181660866,47.600433622509,12796639.368069
2013-04-22,47.798620161422,47.963349652735,47.551990605671,47.888535976849,4716653.9318813
2013-04-23,48.048618655995,48.379355511965,47.679894110561,48.18918472404,10824194.397956
2013-04-24,48.120063393059,48.128195314351,47.32267042524,47.360774285008,12635826.525878
2013-04-25,47.618904700872,47.679894110561,47.300830408056,47.551990605671,10833774.412485
2013-04-26,47.387261114358,47.649922172085,47.272020172622,47.540489745558,6174844.4511001
2013-04-29,47.592417871522,47.860887444457,47.581962544146,47.691511140978,3949922.0949878
2013-04-30,47.56813827795,47.56813827795,47.093466415114,47.335449158699,8217855.0201738
2013-05-01,46.92757522076,47.282475499998,46.799555545565,46.830689187083,9250640.1252244
2013-05-02,47.187912872404,47.448366694352,47.081965555001,47.351480660674,9803263.2373191
2013-05-03,47.779103550322,47.909214290992,47.592417871522,47.66955495349,6232502.4602716
2013-05-06,47.679894110561,47.71218945512,47.351480660674,47.360774285008,10918923.539632
2013-05-07,47.379129193067,47.563607636088,47.32267042524,47.508310571303,9847370.5337847
2013-05-08,47.467883305452,47.788164834047,47.467883305452,47.649922172085,20766138.717139
2013-05-09,47.592417871522,47.909214290992,47.551990605671,47.71218945512,7140270.8926582
2013-05-10,47.767486519905,48.232980928712,47.71218945512,48.177683863927,6045053.3935902
2013-05-13,48.128195314351,48.591366317075,48.069413140441,48.580910989699,9156360.5620511
2013-05-14,48.600543771104,49.110996087624,48.600543771104,49.070684992078,6580402.4497707
2013-05-15,49.04872880459,49.600653919698,49.018873036418,49.32986094068,11796392.290262
2013-05-16,49.22844426514,49.310344329579,48.780259231654,48.823009903588,7954010.5884885
2013-05-17,48.878306968373,49.142013558838,48.698475337519,49.100656930553,9246616.4844055
2013-05-20,49.132836104808,49.169778261534,48.716946415882,48.759580917512,8967778.0020756
2013-05-21,48.889691658182,49.359832879155,48.790714559029,49.289549845133,8319062.2582858
2013-05-22,49.561504527193,50.401415826338,49.059067961661,49.289549845133,20131994.350766
2013-05-23,48.878306968373,49.430232083482,48.726123869911,49.27107876677,6668420.8945514
2013-05-24,49.081024149149,49.199634029706,48.737624730024,49.122496947737,5906748.9856075
2013-05-28,49.521077261342,50.060455983601,49.419776756107,49.620286701103,9923717.2957073
2013-05-29,49.352862660905,49.352862660905,48.579865456962,48.842526514689,15882064.527717
2013-05-30,48.898985282515,49.359832879155,48.850658435981,49.189294872635,9719565.2593193
2013-05-31,48.970313849275,49.201957435789,48.092414860667,48.102754017738,13329912.37834
2013-06-03,48.379355511965,48.439299388917,47.941509635551,48.36890018459,12698195.562306
2013-06-04,48.366576778507,48.579865456962,47.795135052297,48.065928031316,13141365.402764
2013-06-05,47.997968403377,48.31011801068,47.284798906081,47.373553018466,12852070.314614
2013-06-06,47.363097691091,48.054427171203,47.160264340011,48.054427171203,16861950.386023
2013-06-07,48.299895023913,48.759580917512,48.289439696538,48.498081562826,7663410.160435
2013-06-10,48.716946415882,48.769920074583,48.408165747399,48.569410129586,5663611.2024677
2013-06-11,48.185815785219,48.669665102085,47.987513076002,48.366576778507,9941617.1162954
2013-06-12,48.591366317075,48.812554576213,47.876918946433,47.876918946433,8583247.7794536
2013-06-13,47.759354598613,48.680004259156,47.518649728374,48.620176552509,6904887.0368427
2013-06-14,48.487626235451,48.842526514689,48.436975982833,48.540599894152,7313965.2872737
2013-06-17,48.747963887095,49.029096023185,48.408165747399,48.651194023722,8437354.3474588
2013-06-18,48.629354006538,49.102864166332,48.629354006538,49.060229664702,7399675.085683
2013-06-19,49.060229664702,49.13399780785,48.267599679354,48.279100539467,22305661.285782
2013-06-20,48.007145857406,48.007145857406,46.897603282284,47.045139568579,28952062.380676
2013-06-21,47.238950382369,47.587623837005,46.891317744015,47.287059223871,15980562.545793
2013-06-24,46.881025227444,47.287059223871,46.445154497585,46.891317744015,19003305.341731
2013-06-25,47.287059223871,47.320365344911,46.812215706545,47.131168074004,5688248.8015699
2013-06-26,47.440753094919,47.991344908359,47.39946738238,47.810127228952,7599913.060625
2013-06-27,48.120868712403,48.260800679272,47.908773483281,47.979780282998,5338162.013013
2013-06-28,47.937453754177,48.158800683588,47.557787103573,47.61052179522,8770652.8302603
2013-07-01,47.752766687161,48.260800679272,47.178120452969,47.742358524336,25891974.13603
2013-07-02,47.710324512086,47.919065999853,47.501583024318,47.641514991187,5128320.2289197
2013-07-03,47.459140849243,47.732181654018,47.228542219544,47.569236082681,3926691.8588671
2013-07-05,47.889229266421,48.228651020769,47.752766687161,48.218474150451,4384367.8214311
2013-07-08,48.468501350757,48.631446922094,48.360719042392,48.487929921364,6630278.3152316
2013-07-09,48.67839930106,48.749406100777,48.421433325537,48.631446922094,5580984.8257889
2013-07-10,48.570616992695,49.108487718238,48.570616992695,48.950167997045,5039940.4182305
2013-07-11,49.448025118839,49.641848239891,49.351576143328,49.581133956745,7471844.2449739
2013-07-12,49.591310827063,49.891875440197,49.458317635411,49.880426461089,5578147.8417995
2013-07-15,49.998501286026,49.998501286026,49.707188373181,49.935474077808,4266154.3429083
2013-07-16,49.976759790347,50.05019516139,49.51914756481,49.641848239891,7064052.6440933
2013-07-17,49.769174765116,50.020358427958,49.696895856609,49.769174765116,4668539.6322591
2013-07-18,49.880426461089,50.090324411393,49.849433265122,49.912576119593,6544691.0244313
2013-07-19,49.81959653169,50.600671328576,49.718752998542,50.570950241399,6559526.3408303
2013-07-22,50.550249562002,50.919623696035,50.479127116032,50.818664516633,6172734.8731245
2013-07-23,50.898923016638,50.919623696035,50.541113507967,50.639759762297,5310828.796956
2013-07-24,50.792181524556,50.859950229172,50.410317595133,50.56169854111,3790092.9106557
2013-07-25,50.541113507967,50.818664516633,50.201576107366,50.809528462597,3869043.7164756
2013-07-26,50.720018262303,51.160514842306,50.460855007961,51.140970625445,4832666.2179873
2013-07-29,51.077943417228,51.21093660888,50.840521658565,50.988433216933,6497366.3999922
2013-07-30,51.379548846644,51.47935156351,50.792181524556,50.996412808432,5698839.1041263
2013-07-31,51.099684912906,51.441535238579,50.980453625434,51.019426412901,6477233.7527022
2013-08-01,51.339303950388,51.499936596653,51.21093660888,51.339303950388,8762391.2259941
2013-08-02,51.140970625445,51.361276738574,51.13183457141,51.361276738574,3817937.0279474
2013-08-05,51.318718917245,51.462120271722,51.190351575737,51.287725721277,3479784.9271072
2013-08-06,51.21093660888,51.371453608891,50.870358391996,51.049263146332,4280241.6162026
2013-08-07,50.950616892002,51.179943412912,50.748698533198,51.089392396335,3955206.4250489
2013-08-08,51.268297150671,51.330283542606,50.90921553321,51.089392396335,3629486.8354834
2013-08-09,50.96206587111,51.230365179486,50.728113500055,50.90921553321,3902426.6657538
2013-08-12,50.870358391996,50.870358391996,50.550249562002,50.701746154232,3841761.0674349
2013-08-13,50.898923016638,50.996412808432,50.441310791101,50.889786962603,4430145.7926444
2013-08-14,50.738290370373,51.019426412901,50.460855007961,50.488378816321,5880711.225232
2013-08-15,50.028338019457,50.180991074223,49.631555723319,49.641848239891,6461321.7075917
2013-08-16,49.51914756481,49.62230402303,49.34139927301,49.410093147655,10277846.34646
2013-08-19,49.289705397646,49.750902657045,49.270161180786,49.499603347949,8096296.3305566
2013-08-20,49.51914756481,49.840297211086,49.479018314807,49.641848239891,5029928.1489824
2013-08-21,49.550140760777,49.799011498547,49.227834651964,49.34139927301,6178357.4022417
2013-08-22,49.51914756481,49.750902657045,49.410093147655,49.660235994215,2768516.2491184
2013-08-23,49.671569327069,49.849433265122,49.479018314807,49.787446873186,2366644.4765376
2013-08-26,49.880426461089,50.171739373935,49.787446873186,49.859841427947,3941696.3132176
2013-08-27,49.448025118839,49.508739401985,48.950167997045,49.051127176447,6653335.1310221
2013-08-28,49.060378876736,49.43877341855,48.819487730465,49.259984310468,6008601.3126355
2013-08-29,49.17163057271,49.74049449422,49.008685001372,49.410093147655,4042555.7148175
2013-08-30,49.479018314807,49.479018314807,49.070671393308,49.218582951676,4127280.7508037
2013-09-03,49.72222238615,49.874644148409,49.310406077042,49.544358448097,6063016.6533577
2013-09-04,49.544358448097,50.155780190936,49.501916273022,50.104086315572,4049662.1243126
2013-09-05,50.208514882583,50.237195153478,49.992834619599,50.176365224079,4288034.1677996
2013-09-06,50.316297190948,50.49635840782,49.606344840032,50.198106719758,5636319.0912574
2013-09-09,50.288773382589,50.520412828571,50.137276790359,50.508963849463,4286729.0156692
2013-09-10,50.746385608126,50.880535262314,50.559501262291,50.828957033204,6500121.4305411
2013-09-11,50.950616892002,51.21093660888,50.818664516633,51.169650896341,6753926.0043278
2013-09-12,51.099684912906,51.309467216956,51.049263146332,51.089392396335,3098373.615578
2013-09-13,51.190351575737,51.278705313496,51.028562466936,51.21093660888,3668802.6907381
2013-09-16,51.661725705454,51.839473997254,51.527460405012,51.670861759489,6880452.5259785
2013-09-17,51.713303934564,51.713303934564,51.502249521725,51.704167880529,3654013.58213
2013-09-18,51.704167880529,52.125120243672,51.371453608891,52.021848139198,6868643.3839578
2013-09-19,52.183521601745,52.192773302034,51.752276722031,51.853351547687,6104125.8940046
2013-09-20,51.791081978175,51.879072928839,51.520429184901,51.539777980335,8986309.1822002
2013-09-23,51.481501251231,51.481501251231,51.000660650415,51.181134236398,4773764.9787011
2013-09-24,51.221098712681,51.241599222129,50.901267731013,50.921883411862,5956759.8199164
2013-09-25,51.000660650415,51.020009445849,50.518668335586,50.528803418908,5207466.5762461
2013-09-26,50.501392625377,50.879615507551,50.501392625377,50.699026750167,4319262.0576882
2013-09-27,50.420311958796,50.787017700831,50.371248941803,50.699026750167,3937072.2094037
2013-09-30,50.34038300623,50.740258111866,50.269552594373,50.590535290055,8585271.1164891
2013-10-01,50.63061493774,51.261063188964,50.559669354482,51.231464138807,11690927.707299
2013-10-02,50.889865762275,51.129652619975,50.779070874135,51.109152110527,6404826.508021
2013-10-03,51.048571953395,51.068151091631,50.448874466342,50.660329159299,7228343.9093543
2013-10-04,50.740258111866,51.261063188964,50.63061493774,51.221098712681,4503386.2929658
2013-10-07,50.868213538813,50.980160140967,50.649963733174,50.649963733174,3971793.0246078
2013-10-08,50.761910335328,50.950445919408,49.890408340987,49.917819134519,7359965.3975949
2013-10-09,50.019400310547,50.130195198687,49.579560728628,49.829828183855,11390573.089706
2013-10-10,50.259302339649,51.020009445849,50.259302339649,50.99029522429,7330068.2553133
2013-10-11,50.950445919408,51.290777410524,50.940080493282,51.231464138807,4694048.3121606
2013-10-14,50.980160140967,51.600358137468,50.849901285992,51.600358137468,8857784.9997307
2013-10-15,51.539777980335,51.69975105687,51.241599222129,51.269125187062,8043093.7817734
2013-10-16,51.520429184901,52.339413020206,51.520429184901,52.321100767385,7239833.1803948
2013-10-17,52.041349433401,52.811155080312,52.041349433401,52.763128605931,6823575.5949462
2013-10-18,52.819101907008,52.847664414553,52.281136291102,52.550752541762,7646235.0653425
2013-10-21,52.599815558756,52.610180984881,52.138323753374,52.281136291102,4102656.3820406
2013-10-22,52.420493686787,52.888895776252,52.369127241766,52.773494032056,5053931.956078
2013-10-23,52.638743492427,52.800904825588,52.420493686787,52.668457713986,5140749.3142835
2013-10-24,52.867128381389,52.969976442833,52.629529780315,52.668457713986,3725639.5071315
2013-10-25,52.688958223434,52.763128605931,52.469671875182,52.741476382469,3855906.690107
2013-10-28,52.752993522608,53.033896570606,52.659244001874,52.919646540424,8983396.5942119
2013-10-29,53.080771330973,53.281745426403,52.919646540424,53.272646885693,7263004.3192168
2013-10-30,53.457727327732,53.499995232043,52.819101907008,52.980226697556,8240294.4603253
2013-10-31,52.969976442833,53.176709108333,52.699323649559,52.773494032056,5904014.5760737
2013-11-01,52.888895776252,53.176709108333,52.741476382469,53.1161289512,10779210.628423
2013-11-04,53.165191968194,53.321825074088,52.99047695228,53.157360312899,3156136.1966264
2013-11-05,53.000727207004,53.100235297808,52.741476382469,52.980226697556,4248075.6758946
2013-11-06,53.165191968194,53.303512821266,52.800904825588,52.859181554693,4736099.1842392
2013-11-07,53.071672790262,53.218977012644,52.359913529654,52.390779465228,6050919.4911526
2013-11-08,52.390779465228,53.198361331795,52.390779465228,53.157360312899,6664390.886749
2013-11-11,53.100235297808,53.381138345805,53.100235297808,53.292110852528,5095661.541775
2013-11-12,53.198361331795,53.303512821266,53.023646315882,53.261244916955,3064654.4955299
2013-11-13,53.043110282717,53.562878817203,52.9093962857,53.562878817203,5214825.5226318
2013-11-14,53.699932784861,54.069978497536,53.680353646624,54.00824662639,6201780.5183796
2013-11-15,54.028862307239,54.318979067348,53.921522561141,54.318979067348,4004363.7598304
2013-11-18,54.371497226383,54.518916620166,53.959183609396,54.08022875226,3796644.6729006
2013-11-19,53.921522561141,54.219701319347,53.779861737427,54.138505481365,4515079.5414637
2013-11-20,54.192290525816,54.547479127711,54.08022875226,54.297326843886,4743996.52606
2013-11-21,54.482292114523,54.691328208051,54.383014366522,54.518916620166,4590281.5653072
2013-11-22,54.799819668163,55.252328104236,54.731407855736,55.252328104236,5924306.3936178
2013-11-25,55.542329692943,55.709213053562,55.377864931754,55.470462738474,5270089.4065829
2013-11-26,55.480712993198,55.617766960856,55.27167689967,55.309337947925,5035287.7161093
2013-11-27,55.38823035788,55.568703943862,55.17907909295,55.292177409118,4449530.1161033
2013-11-29,55.399517155216,55.470462738474,55.140266330681,55.262463187558,2837650.3467476
2013-12-02,55.231597251985,55.411034295355,55.097998426369,55.280890611781,4724390.177826
2013-12-03,55.17907909295,55.17907909295,54.682229667341,54.799819668163,4402284.384656
2013-12-04,54.569131351173,54.979256711533,54.169256245537,54.607944113443,3474854.9134738
2013-12-05,54.5382654156,54.807881666261,54.383014366522,54.508666365442,3617120.8734138
2013-12-06,54.971194713436,55.241962678111,54.818247092386,55.220310454649,4846484.2554651
2013-12-09,55.429231376775,55.490963247922,55.262463187558,55.327650200747,3902010.848144
2013-12-10,55.309337947925,55.309337947925,54.868461823393,55.109515566509,3545514.2805489
2013-12-11,55.119650649831,55.119650649831,54.091630720998,54.159121162214,9988976.5702547
2013-12-12,54.138505481365,54.192290525816,53.750147515868,53.769496311302,5645364.1564257
2013-12-13,53.931772815865,54.039112561963,53.579924184609,53.810727673001,4319473.9141032
2013-12-16,54.069978497536,54.383014366522,53.810727673001,53.910005421001,6211594.1977734
2013-12-17,53.931772815865,54.018612052515,53.400602312641,53.64856633984,5133584.7155181
2013-12-18,53.799210532861,55.000908934995,53.499995232043,54.979256711533,10210097.764039
2013-12-19,54.847846142544,54.900479472981,54.547479127711,54.856944683254,6691020.8879515
2013-12-20,54.790127196183,55.069992861826,54.691141921818,54.910790589731,6813225.5249659
2013-12-23,55.200749771184,55.209925694648,54.971007587461,55.118854654271,3849379.3790874
2013-12-24,55.128030577734,55.148447007441,54.940382942901,55.023425050248,3291895.192103
2013-12-26,55.042694489522,55.429459663518,55.042694489522,55.429459663518,2592908.4940037
2013-12-27,55.591070615523,55.591070615523,55.282759587141,55.377156899775,2668596.9058152
2013-12-30,55.377156899775,55.469260231542,55.097291234131,55.469260231542,2374138.8062538
2013-12-31,55.520416004852,55.562625252785,55.229195133922,55.440814868804,6007958.7699389
2014-01-02,55.312351940312,55.419251448664,55.001632232021,55.128030577734,8771743.9428457
2014-01-03,55.221280899934,55.499999575145,55.148447007441,55.261081467958,3642411.7495351
2014-01-06,55.429459663518,55.609193064364,54.948182477845,55.032371575625,9123492.0423261
2014-01-07,55.282759587141,55.790073455642,55.282759587141,55.609193064364,5713996.4517587
2014-01-08,55.701411095174,56.179132610504,55.552302338888,56.099531474457,7793039.8508247
2014-01-09,56.179132610504,56.560277531379,56.054110653311,56.518068283446,6204634.5406074
2014-01-10,56.660295097134,56.749072156645,56.209871954108,56.740010932225,7734240.5306376
2014-01-13,56.791166705535,57.072179361612,56.158716180798,56.279264875302,12815566.318296
2014-01-14,56.37136820707,57.072179361612,56.299796004052,56.987990263832,6943245.950264
2014-01-15,57.113012221025,57.113012221025,56.791166705535,56.936834490522,10054071.936665
2014-01-16,56.920891323504,57.18137285083,56.852645392742,57.083534566898,5489811.8467961
2014-01-17,57.083534566898,57.235969595439,56.861706617163,57.017582617003,6907491.6738506
2014-01-21,57.3076564975,57.453324282486,56.909536118217,57.353192017688,5696699.4832534
2014-01-22,57.495304132333,57.495304132333,57.207524232702,57.403200800566,5391278.8134715
2014-01-23,57.173343917799,57.353192017688,56.630702743963,56.997166187296,7052811.8774093
2014-01-24,56.660295097134,56.768456294962,55.656907866375,55.656907866375,13101803.588999
2014-01-27,55.636491436668,55.762775083338,55.032371575625,55.209925694648,13809761.820389
2014-01-28,55.562625252785,56.179132610504,55.530738918749,55.947096445915,8806212.1764218
2014-01-29,55.571571778162,56.001693190525,55.250873253105,55.440814868804,12281199.256777
2014-01-30,55.990337985238,56.581840951519,55.958451651202,56.448790061295,10714028.157629
2014-01-31,55.870821582123,56.289473090156,55.691088181277,55.958451651202,10820716.970483
2014-02-03,56.099531474457,56.259880736985,54.759387852579,54.858373126944,15808739.163534
2014-02-04,55.168978136191,55.469260231542,55.001632232021,55.398835018958,10079954.537705
2014-02-05,55.348711537037,55.469260231542,54.648015081538,55.088115310667,16492041.940706
2014-02-06,55.221280899934,55.469260231542,55.137091802155,55.398835018958,7842110.7799741
2014-02-07,55.479583145438,56.37136820707,55.330474389153,56.350951777363,11497047.162699
2014-02-10,56.457851285715,56.843469469278,56.238317316845,56.820759058706,7902753.4575305
2014-02-11,56.861706617163,57.643265898186,56.730949707804,57.589816144009,10380134.341184
2014-02-12,57.751312396971,57.9116616595,57.422584938883,57.589816144009,6535785.7366442
2014-02-13,57.27462317303,58.028884081749,57.18137285083,58.000438719011,8256306.2363996
2014-02-14,57.952609217957,58.300835513405,57.828619552153,58.21091146346,8379768.1069373
2014-02-18,58.467952019488,58.86848107868,58.347403324983,58.750111665998,10874178.729417
2014-02-19,58.728548245858,58.939020990307,58.308749747392,58.38835088344,10732638.419367
2014-02-20,58.411061294013,59.010593193324,58.271243160235,58.921930832856,9852158.8158743
2014-02-21,58.981000840154,59.221180636817,58.738756460711,58.810443362772,5195271.9960496
2014-02-24,59.010593193324,59.590855653362,58.921930832856,59.250658290944,6464204.2230823
2014-02-25,59.158554959177,59.428097710924,58.930992057277,59.101664233702,6858498.9797064
2014-02-26,59.270042429261,59.467898278948,58.960584410447,59.101664233702,7449000.9760128
2014-02-27,59.101664233702,59.437273634388,58.939020990307,59.437273634388,5980069.3091589
2014-02-28,59.489576398131,60.008245471918,58.930992057277,59.437273634388,10340646.760647
2014-03-03,58.65904062562,59.241597066524,58.609031842743,59.000384978471,8919815.5572608
2014-03-04,59.539585181008,60.19933407805,59.539585181008,60.11858595157,9658831.3276183
2014-03-05,60.21080398238,60.240396335551,59.880929533859,59.97073888476,10740156.891269
2014-03-06,60.289258127995,60.499730872444,59.467898278948,59.602096159605,14206791.286014
2014-03-07,59.921877092316,59.999184247498,59.069777899665,59.447481849241,12630294.39844
2014-03-10,59.447481849241,59.728494505318,59.147085054847,59.698902152147,7775873.8600247
2014-03-11,59.798919717902,59.999184247498,59.437273634388,59.580532739465,6031605.959539
2014-03-12,59.290458858968,59.640864436239,59.111872448555,59.570324524612,8822638.8903746
2014-03-13,59.759233848921,59.789973192525,58.630595262883,58.761581570327,12551349.124895
2014-03-14,58.668216549084,58.900252713673,58.411061294013,58.439506656751,8006054.4309462
2014-03-17,58.800120448875,59.260866505798,58.700102883121,59.010593193324,6430114.8579029
2014-03-18,59.126668625141,59.759233848921,59.069777899665,59.640864436239,6147183.6754534
2014-03-19,59.718171591421,60.040131805955,59.081247803995,59.457690064095,8404754.9611206
2014-03-20,59.457690064095,59.528229975722,59.135844548604,59.457690064095,4895323.3814055
2014-03-21,59.508060842286,59.721238307746,58.070684634154,58.177216214749,19504440.922178
2014-03-24,58.377820210396,58.449374684058,57.106985325147,57.531054170648,20495097.223933
2014-03-25,57.722628128885,58.431086000694,57.442582664875,58.04462326036,14646434.741711
2014-03-26,58.312095254557,58.761082431141,58.010560587595,58.061540292472,13638199.448569
2014-03-27,58.091030794396,58.239512042457,57.431152237772,57.930090380794,12960989.732727
2014-03-28,58.211164583243,58.647692594285,57.523052871676,57.712340744492,13128852.385045
2014-03-31,58.18853233758,58.538760623999,58.000273203203,58.490067004542,9508133.2239306
2014-04-01,58.749652004039,59.129485096653,58.459433459908,58.859612712764,10114907.893293
2014-04-02,59.000206966124,59.161261683998,58.810919093308,59.119312016532,8999251.0170717
2014-04-03,59.226986639837,59.267793264592,58.600027713268,58.989005147564,9609129.7293205
2014-04-04,59.309742932058,59.490000767464,57.981070085671,58.010560587595,20116444.567453
2014-04-07,57.771321748341,58.360903178285,57.163680243575,57.431152237772,15268036.309876
2014-04-08,57.481217508481,57.511736748845,56.609304529107,56.963076247927,15165038.362795
2014-04-09,57.163680243575,58.18853233758,57.046975582859,58.177216214749,14438586.477541
2014-04-10,58.156755750235,58.249799426849,56.110480690356,56.237472735464,17622475.33267
2014-04-11,55.986917773379,56.693203864039,55.561820189439,55.70915839479,14710434.125531
2014-04-14,56.080990188432,56.3406894922,55.391735434155,56.019837403434,11085252.516855
2014-04-15,56.237472735464,56.738582659635,55.418939850659,56.620620651938,17424536.365968
2014-04-16,56.943758826124,57.213516905742,56.541293487847,56.901809158658,29585655.087083
2014-04-17,56.924441404321,57.181854622668,56.590101411575,56.892664816976,8656852.7699956
2014-04-21,57.008340739253,57.585463003655,56.892664816976,57.566145581852,5545514.1914799
2014-04-22,57.981070085671,58.510413164785,57.897170750739,58.199848460411,8980460.9285304
2014-04-23,58.301922174436,58.333698761781,57.712340744492,57.907458135131,8669289.2294053
2014-04-24,58.211164583243,58.211164583243,57.279356165852,57.821272714779,8012691.9813613
2014-04-25,57.670391077026,57.800812250265,57.243007407666,57.390459917288,6368624.5079789
2014-04-28,57.867680248815,58.129551333731,56.981136322749,57.731658166295,9734747.7604572
2014-04-29,57.829159709479,58.11937825361,57.680678461419,58.070684634154,8955764.4259019
2014-04-30,57.969639658568,58.211164583243,57.771321748341,58.11937825361,11115208.868228
2014-05-01,58.11937825361,58.569394168633,57.789496127434,58.249799426849,6857522.2886811
2014-05-02,58.249799426849,58.342728799192,57.62844140956,57.752004326538,6126262.180131
2014-05-05,57.442582664875,58.147725712824,57.213516905742,58.129551333731,7218667.4023313
2014-05-06,58.000273203203,58.070684634154,57.585463003655,57.618268329439,6117723.6364694
2014-05-07,57.701024621661,57.789496127434,57.027658161056,57.782637871172,9058115.8076416
2014-05-08,57.812128373097,58.11937825361,57.305417539645,57.470930124089,7710005.01896
2014-05-09,57.531054170648,57.876824590496,57.106985325147,57.821272714779,7298097.9104088
2014-05-12,58.052510255061,58.449374684058,57.949293498326,58.409596797741,5244472.3100631
2014-05-13,58.528701848149,58.711131464704,58.419884182133,58.500354388935,3230398.3377386
2014-05-14,58.46857780159,58.711131464704,58.301922174436,58.538760623999,3746720.8974681
2014-05-15,58.333698761781,58.389250637499,57.680678461419,57.949293498326,6469381.9694294
2014-05-16,58.021876710426,58.199848460411,57.712340744492,58.147725712824,8913395.4313044
2014-05-19,58.147725712824,58.550191051101,58.000273203203,58.510413164785,4386054.057026
2014-05-20,58.510413164785,58.550191051101,57.969639658568,58.139724413853,4611822.6779148
2014-05-21,58.342728799192,58.680497920069,58.220308924925,58.630661257902,3921546.6968597
2014-05-22,58.647692594285,59.171434764119,58.459433459908,58.978717763172,3526104.5114478
2014-05-23,59.000206966124,59.119312016532,58.810919093308,59.010494350517,2796718.824931
2014-05-27,59.329060353862,59.370895717056,59.010494350517,59.329060353862,3246594.226186
2014-05-28,59.299569851937,59.451365923858,59.161261683998,59.161261683998,4401692.4703088
2014-05-29,59.309742932058,59.629451978114,59.309742932058,59.629451978114,2682165.6173164
2014-05-30,59.508060842286,59.821025936351,59.498002066436,59.789249349006,7778277.202934
2014-06-02,59.739412686839,59.941159725197,59.419703640784,59.872119945498,4880336.9419693
2014-06-03,59.731525692138,60.018200803868,59.610248860582,59.979794568803,3054481.4042033
2014-06-04,59.929957906637,60.151022366798,59.777933226174,60.151022366798,3599945.2725021
2014-06-05,60.221205189207,60.407178238164,59.789249349006,60.221205189207,3929846.1965822
2014-06-06,60.270013112934,60.398033896482,60.041061658073,60.161081142648,3950920.8748016
2014-06-09,60.161081142648,60.161081142648,59.731525692138,59.850516438275,5533352.0592478
2014-06-10,59.861832561106,60.051120433923,59.46279635096,60.051120433923,6922400.2251335
2014-06-11,59.799536733398,60.069409117287,59.770046231474,59.979794568803,5901166.5870122
2014-06-12,59.850516438275,59.970650227121,59.53755134421,59.681574725701,4305323.3616182
2014-06-13,59.731525692138,59.777933226174,59.471940692642,59.629451978114,2950721.3391759
2014-06-16,59.900467404713,60.200859028965,59.548981771312,59.74844272425,9021664.6941831
2014-06-17,59.74844272425,59.872119945498,59.53755134421,59.721238307746,3728159.2678945
2014-06-18,59.731525692138,60.209889066376,59.579615315947,60.200859028965,5374240.5321012
2014-06-19,60.279043150345,60.398033896482,60.130447598014,60.398033896482,4313801.0416938
2014-06-20,60.361589097358,60.688072319055,60.300779177447,60.680100981238,4426643.5571232
2014-06-23,60.708342292358,60.769379964779,60.400079271384,60.446313030718,3406712.1105637
2014-06-24,60.651859670119,60.967069142618,60.419210482143,60.489358254925,4868287.2279166
2014-06-25,60.457700656169,61.191746992778,60.419210482143,61.152231932461,20099194.081464
2014-06-26,61.299018424531,61.340924886193,60.718591155265,61.227959641714,11236433.226211
2014-06-27,61.050654313433,61.216572016262,60.859797710864,61.073201811827,4840859.4196096
2014-06-30,61.091308136295,61.248229615017,60.759131101872,60.830417637199,6540584.9071349
2014-07-01,61.073201811827,61.721499328785,60.998726741373,61.599537860198,8150625.9416017
2014-07-02,61.576990361804,62.06939128633,61.488850140809,62.06939128633,4036599.0151475
2014-07-03,62.201487741568,62.340530648332,61.931601018366,62.318894159974,2468586.8602898
2014-07-07,62.06939128633,62.32914302288,61.798365800583,61.849154610097,3900325.8912482
2014-07-08,61.75087940245,61.77912071357,61.06192806263,61.268613464576,7145438.1151575
2014-07-09,61.439086217586,61.588264111001,61.110439347053,61.526087676036,5879919.8544341
2014-07-10,61.039266687981,61.620946596047,60.810147663895,61.488850140809,4726646.8313089
2014-07-11,61.576990361804,61.671849281816,61.239233390911,61.620946596047,3779769.4380588
2014-07-14,61.98011230279,61.98011230279,61.671849281816,61.819774536432,4078741.2254901
2014-07-15,61.858264710458,61.898804657066,61.152231932461,61.287858551589,5498883.3349814
2014-07-16,61.488850140809,61.526087676036,60.821307536838,61.091308136295,5279119.9909279
2014-07-17,60.850687610503,61.361194859497,60.351567986961,60.419210482143,7322412.9095288
2014-07-18,60.611319723511,61.518230214474,60.499493241577,61.413122431556,8938743.799706
2014-07-21,61.227959641714,61.258478477924,60.947824055605,61.161342032822,3731882.7761605
2014-07-22,61.470743816341,61.858264710458,61.439086217586,61.690980492574,5640375.8703977
2014-07-23,62.150698932054,62.277215450821,61.898804657066,62.190213992371,7265003.8098248
2014-07-24,62.32914302288,62.401340568243,62.000496152348,62.059256299678,6107422.4480328
2014-07-25,61.931601018366,61.95187099167,61.518230214474,61.830023399338,4129327.460877
2014-07-28,61.849154610097,62.049007436772,61.556606512246,61.889694556704,7004884.0998782
2014-07-29,62.079526272982,62.169944019067,61.819774536432,61.942874767563,5321798.751462
2014-07-30,62.247835377156,62.480484565132,61.869424583401,62.190213992371,7752694.2888894
2014-07-31,61.631195458954,61.759875626556,60.910586520378,60.910586520378,8415151.3838143
2014-08-01,60.78076759023,61.268613464576,60.499493241577,60.957959042257,16923843.121816
2014-08-04,61.091308136295,61.340924886193,60.671104757132,61.216572016262,9208914.5290828
2014-08-05,60.957959042257,61.161342032822,60.428320582504,60.631589696815,10309530.374745
2014-08-06,60.371837960264,60.850687610503,60.150462521486,60.601070860605,9568212.7972099
2014-08-07,60.727587379372,60.799898800989,59.709989169019,59.821701774699,10947035.229574
2014-08-08,59.899707009042,60.569527138104,59.699854182367,60.528759438987,5472579.9800461
2014-08-11,60.769379964779,60.947824055605,60.468974405366,60.499493241577,4700624.1470184
2014-08-12,60.438455569156,60.601070860605,60.279142689089,60.446313030718,2878464.2806333
2014-08-13,60.688072319055,61.239233390911,60.671104757132,61.180587119835,4751902.7623554
2014-08-14,61.100304360401,61.898804657066,61.100304360401,61.898804657066,4797399.7394897
2014-08-15,62.190213992371,62.266966587915,61.391713695707,61.958703566941,7777642.1020042
2014-08-18,62.266966587915,62.517722100358,62.190213992371,62.440969504815,7448758.969488
2014-08-19,62.52683220072,62.888161556298,62.310011812122,62.84762160969,3874862.7774543
2014-08-20,62.64082233149,62.951476753809,62.558489799475,62.839650271874,4513779.83947
2014-08-21,62.93234554305,63.115230807802,62.869030345539,62.93234554305,3125885.6360463
2014-08-22,63.001126800778,63.170574667497,62.839650271874,62.992130576671,3248918.5428425
2014-08-25,63.367011206537,63.599774270767,63.212367252904,63.472232865709,5999180.972755
2014-08-26,63.561397972995,63.729707077169,63.429187641502,63.698049478414,3603438.3268381
2014-08-27,63.740980826366,63.879795980621,63.561397972995,63.649424317735,4151669.5525169
2014-08-28,63.472232865709,63.771385786322,63.396391280202,63.630293106977,3465953.9807241
2014-08-29,63.729707077169,63.919424917192,63.570394197102,63.858387244772,4139086.2995096
2014-09-02,64.048105084795,64.048105084795,63.659673180642,63.829007171107,5076751.1436786
2014-09-03,64.232242988347,64.408523430337,63.970213726706,64.118138981322,5421859.1644131
2014-09-04,64.261623062012,64.41968330328,63.668669404749,63.799627097442,6231385.9063988
2014-09-05,63.929559903844,64.180315416288,63.149165931648,64.170180429636,6349368.5123821
2014-09-08,64.048105084795,64.302276884874,63.929559903844,64.180315416288,7204784.4620877
2014-09-09,64.269594399828,64.291003135677,63.84825225812,64.010867549568,6667276.2716729
2014-09-10,64.099007770563,64.540619885575,63.970213726706,64.460451002396,7039628.8236688
2014-09-11,64.280754272771,64.370033256311,63.961103626345,64.280754272771,6360283.6786553
2014-09-12,64.252512961651,64.280754272771,63.630293106977,63.808737197803,7340346.6127135
2014-09-15,63.808737197803,63.879795980621,63.41802776856,63.639289331084,6082501.1968087
2014-09-16,63.561397972995,64.559751096334,63.472232865709,64.510101049365,6907899.5538668
2014-09-17,64.470472112794,64.810506608778,64.088872783912,64.559751096334,6704293.8079086
2014-09-18,64.769852785916,65.071397107873,64.651307604965,65.040878271663,5460682.0238182
2014-09-19,65.157847201316,65.309786369826,64.790991837767,64.876549816151,6833545.3684668
2014-09-22,64.740383272303,64.800069607357,64.280026881979,64.531027211138,4005694.111265
2014-09-23,64.167462539065,64.431966050489,63.828748261244,64.149533944125,7833909.3007376
2014-09-24,64.310437410105,65.271546265429,64.290239372768,65.271546265429,8120933.9637541
2014-09-25,65.189392450641,65.210725209177,64.19900778839,64.19900778839,11661538.047393
2014-09-26,64.41278926223,64.500616683012,63.846676856184,64.401555522363,6513030.3778181
2014-09-29,63.858024068172,64.479170452356,63.809571472986,64.26096356584,10284125.148308
2014-09-30,64.391456503694,64.509580980482,63.858024068172,63.910902076032,7581738.0006295
2014-10-01,64.098811906542,64.098811906542,63.031947035497,63.241303096662,11141664.486558
2014-10-02,63.241303096662,63.389838101576,62.568299953696,63.110696686688,7225188.7644898
2014-10-03,63.650823977284,64.489382943145,63.599080690622,64.41278926223,11383127.873947
2014-10-06,64.691930677118,64.909116314555,63.846676856184,64.110045646409,8287494.3865427
2014-10-07,63.980687429754,64.012232679079,63.09151989843,63.09151989843,11281753.235981
2014-10-08,63.218835616927,64.750368818852,63.062244091503,64.702029695786,11412290.964426
2014-10-09,64.51979347127,64.67161916766,63.322322190251,63.35942757345,15686363.522757
2014-10-10,63.35942757345,64.061706523343,62.971125979245,62.971125979245,15607034.691983
2014-10-13,63.002671228569,63.031947035497,61.411338219471,61.481010101073,17937666.852103
2014-10-14,61.839014639272,62.057334997908,60.600920339339,61.018611212591,19320985.9412
2014-10-15,60.330856694041,60.788943641968,59.208844372738,60.517631803352,32120127.979873
2014-10-16,59.700632540267,60.922840743418,59.448497489909,60.209328053657,30185005.295622
2014-10-17,60.788943641968,61.558738503186,60.649486406644,61.172706351379,15704742.28524
2014-10-20,60.971293338604,61.959408558458,60.971293338604,61.913225405669,9854456.2668642
2014-10-21,62.43099868865,63.589095144073,62.369042911199,63.551876288754,14961944.038449
2014-10-22,63.650823977284,63.731843070873,63.053393266153,63.229955884675,13813756.531411
2014-10-23,63.731843070873,64.660498899913,63.731843070873,64.310437410105,11165017.350393
2014-10-24,64.489382943145,65.241135737303,64.348677514502,65.210725209177,9703456.1268352
2014-10-27,65.220937699965,65.35029591662,64.990135408144,65.280624035019,9110782.7985965
2014-10-28,65.800439816156,65.800439816156,65.178045238653,65.76117846268,8770847.6651881
2014-10-29,65.739618759905,65.981654791593,65.35029591662,65.790454269608,10162376.065181
2014-10-30,65.69014491564,67.039555365169,65.630458580587,67.000180539573,11630629.845258
2014-10-31,67.839760754513,67.990565201824,67.049654383838,67.271378906069,11388662.650174
2014-11-03,67.368284096441,67.4582674875,66.869574129599,67.346724393665,8681073.9324136
2014-11-04,67.328795798725,67.541556023487,66.948437252911,67.356936884453,5716005.7184953
2014-11-05,67.970253692367,67.990565201824,67.130673477427,67.291576943407,6592086.4238264
2014-11-06,67.37826964299,67.849973245301,67.37826964299,67.700190047069,7962370.4884777
2014-11-07,67.700190047069,67.758741660924,66.820100285335,67.031725788898,13895561.750264
2014-11-10,67.18139551501,67.738543623586,66.92256560958,67.711537259056,5455261.6906539
2014-11-11,67.861093513049,68.211155002857,67.688956307202,67.959133424619,9777485.6470575
2014-11-12,67.700190047069,67.970253692367,67.593299310149,67.861093513049,3879942.1116322
2014-11-13,67.959133424619,68.200942512068,67.487543294427,67.809350226387,5216635.4425324
2014-11-14,67.790286910248,67.790286910248,66.977713059838,67.251180868732,6331845.3151286
2014-11-17,67.130673477427,67.758741660924,67.108205997692,67.582065570281,8587203.0968636
2014-11-18,67.629269972148,68.724389401042,67.572987800692,68.668107229585,8240093.8129875
2014-11-19,68.589244106273,68.628618931869,68.107668429533,68.28876993285,6253619.174562
2014-11-20,67.970253692367,68.268571895513,67.767819430513,68.000664220493,9041595.8743679
2014-11-21,68.734488419711,68.821067647174,68.130135909268,68.319180460976,8098687.3443242
2014-11-24,68.589244106273,68.679340969453,68.451942841227,68.668107229585,5019667.9596522
2014-11-25,68.809947379426,68.969716124207,68.490296417744,68.760360063042,5510247.8131996
2014-11-26,68.896526606889,69.206078549903,68.724389401042,69.179072185373,5325907.5104416
2014-11-28,69.249878788174,69.990511314584,69.249878788174,69.61003929665,4395483.9925646
2014-12-01,69.35132286334,69.937633306724,69.27121154671,69.438923339882,8533795.038627
2014-12-02,69.688902419962,70.311296997465,69.688902419962,70.2087182011,7444844.4760124
2014-12-03,70.370756388279,70.430442723332,70.052353619915,70.321282544014,6576880.6724064
2014-12-04,70.321282544014,70.61052297757,69.957831344061,70.230164431756,4235366.4438217
2014-12-05,70.280886469339,70.849154845663,70.2087182011,70.788447261531,8325073.8200031
2014-12-08,70.700619840749,71.429905155173,70.700619840749,71.040468839769,5941663.5834009
2014-12-09,70.218930691889,70.810914741266,69.810317588226,70.741129387544,9776211.4667535
2014-12-10,70.690407349961,70.732165090074,69.599940277982,69.648279401048,9011219.024966
2014-12-11,69.899279730207,70.670209312623,69.688902419962,69.848671164743,7383294.6366585
2014-12-12,69.290501807088,69.858883655532,68.724389401042,68.7795368513,10438470.678047
2014-12-15,69.185767040446,69.206078549903,67.910680829433,68.151468667804,17776212.036026
2014-12-16,67.861093513049,69.020324689671,67.323122192731,67.356936884453,14735628.646748
2014-12-17,67.441360141639,68.7795368513,67.314271367381,68.618519913201,17776239.581068
2014-12-18,69.401931428803,70.509305846643,69.2802893163,70.499206827975,16047491.455623
2014-12-19,70.451343084863,70.931257636218,70.020833164589,70.40985223908,17821990.750124
2014-12-22,69.999465944282,70.120546859359,69.388408665112,69.741589597605,9896618.3559218
2014-12-23,69.89850865468,69.949043826519,67.780440546402,68.140291669362,22189922.023471
2014-12-24,68.149335995418,69.030705569591,68.1303429107,68.638294872829,4519113.4175737
2014-12-26,68.909511600438,69.318880408555,68.871412376927,69.13041926436,4242830.8538209
2014-12-29,69.061004061879,69.471277302602,68.978022370314,69.371563607833,5225880.4437888
2014-12-30,69.279650644287,69.418594103325,68.989101669733,69.070952820541,4965136.327274
2014-12-31,69.269475777474,69.65860790604,68.369113118583,68.378044390563,7863592.284261
2015-01-02,68.708840616067,69.350196387525,68.348876439032,68.629250546773,7516770.8956312
2015-01-05,68.418517749664,68.871412376927,68.149335995418,68.278330695794,10784759.720176
2015-01-06,68.509187118377,69.091302554167,67.632452761308,68.049622300649,13344505.531007
2015-01-07,68.638294872829,69.667539178021,68.357920765088,69.650807174817,14146442.090693
2015-01-08,70.36723085254,70.922326364238,70.220373608204,70.837083591158,22138372.156786
2015-01-09,70.981679753981,70.981679753981,69.970297992751,70.210311795466,9724336.2792373
2015-01-12,70.78100876961,71.001916433532,70.052262197635,70.239479746997,11972058.332979
2015-01-13,70.78100876961,71.288960731739,69.33900403403,69.931068228482,14219776.81938
2015-01-14,69.249352151999,69.988273590787,69.070952820541,69.8211796669,12547783.532591
2015-01-15,70.076907986138,70.210311795466,69.030705569591,69.070952820541,16382776.298898
2015-01-16,68.956655150006,70.498486634431,68.936418470455,70.36723085254,13759277.638339
2015-01-20,70.599330869957,70.658797313776,69.549736831139,70.36723085254,10387243.734959
2015-01-21,70.042087330821,70.78100876961,69.949043826519,70.508548447168,8391031.7345565
2015-01-22,70.837083591158,71.36075006981,69.840285805693,71.34944466224,11497128.364201
2015-01-23,71.251992048985,71.319259224027,70.912151497424,70.941319448955,6815374.5018713
2015-01-26,71.009717164755,71.34944466224,70.579207244482,71.310214897971,7871491.2699228
2015-01-27,70.769816416115,71.299022544477,70.498486634431,70.801245449161,10040133.391677
2015-01-28,70.931257636218,71.190264523651,69.667539178021,69.783080443388,10652257.959112
2015-01-29,69.57890478267,70.429975864555,69.220184200468,70.36723085254,12119963.874144
2015-01-30,70.068994200839,70.528785126719,69.170892623461,69.269475777474,13886494.383142
2015-02-02,69.598123975539,69.686645316814,68.440902456653,69.65860790604,18042260.70312
2015-02-03,69.941130041219,70.158759136946,69.070952820541,70.130721726172,17432767.941792
2015-02-04,68.999276536546,69.628422467828,68.871412376927,69.249352151999,15184456.384886
2015-02-05,70.120546859359,70.481641577151,69.686645316814,70.419914051818,10801368.369829
2015-02-06,70.419914051818,70.710349972296,69.589079649483,69.783080443388,11886072.02807
2015-02-09,69.460198003183,69.65860790604,68.801997174446,68.956655150006,8139027.6044348
2015-02-10,69.521812474441,70.190075115915,69.360371254338,70.120546859359,8628936.839689
2015-02-11,70.030781923251,70.570162918426,69.793142256126,70.190075115915,8088133.2367299
2015-02-12,70.518610259906,70.642065310572,69.850347618431,70.440150731368,10124015.857004
2015-02-13,70.451343084863,70.78100876961,70.169838436365,70.720524839109,8592302.0273355
2015-02-17,70.73838738307,71.263071348403,70.720524839109,71.230624828677,8381715.6225294
2015-02-18,71.22056301594,71.34944466224,70.869530110885,71.310214897971,7780916.4721567
2015-02-19,71.230624828677,71.546837078416,71.1095439136,71.42914778561,5383561.3921841
2015-02-20,71.329321036765,72.210690610938,71.199308849708,72.178131037136,8213663.5208925
2015-02-23,72.250937861888,72.741027280056,72.158007411661,72.511075290078,8576419.3316539
2015-02-24,72.609884552242,72.647870721678,72.146702004091,72.418031785776,8052217.2436654
2015-02-25,72.358678396032,72.609884552242,72.097410427085,72.386715806806,9629675.98375
2015-02-26,72.386715806806,72.618702770147,72.053658499788,72.59179590013,4424874.06837
2015-02-27,72.572802815412,72.647870721678,72.199385203368,72.240989103226,6745250.3804303
2015-03-02,72.467436416857,72.908121203944,72.340702797995,72.88901506515,6769900.7094009
2015-03-03,72.839610434068,72.860977654376,71.866440950425,72.229683695656,10144003.670785
2015-03-04,72.022342520818,72.678169213966,71.60065081845,72.582977682225,9153500.1209922
2015-03-05,72.668220455304,73.167128091377,72.582977682225,72.839610434068,6252100.2155278
2015-03-06,72.49999599066,72.659176129248,71.319259224027,71.410041646816,12314800.466736
2015-03-09,71.539036347192,71.919124149702,71.22056301594,71.847334811632,10306197.306033
2015-03-10,71.299022544477,71.539036347192,71.001916433532,71.048946929024,12323898.970938
2015-03-11,71.36075006981,71.510998936418,70.961556128506,71.009717164755,7525098.8540945
2015-03-12,71.340513390259,71.951570669429,71.269854592946,71.951570669429,7574100.7471948
2015-03-13,71.847334811632,72.28349743569,71.329321036765,71.806974506606,6480301.2602577
2015-03-16,72.331771526015,73.410420462288,72.166825629566,73.400358649551,13635099.376561
2015-03-17,73.131176895304,73.344283828002,72.729721872486,73.184990635338,10142397.475326
2015-03-18,73.081885318298,74.45097017505,72.751089092794,74.142558656534,12886900.355666
2015-03-19,74.152733523348,74.670634244139,74.005763224935,74.568659467855,9403799.9537676
2015-03-20,75.400108978244,76.011712893279,74.479941023494,74.901468588161,8852569.375429
2015-03-23,74.681178440699,75.089290177552,74.4005734371,74.691212127047,4667698.8851826
2015-03-24,74.775089235395,74.981963555043,74.030454422711,74.04037537101,8467600.9415778
2015-03-25,74.248489809196,74.620863584562,72.669593434989,72.688646165245,15038998.120014
2015-03-26,72.278279667415,73.122462177237,71.917066958886,72.518749925622,18253700.792956
2015-03-27,72.679627121337,73.320317452977,72.602514295921,73.037457688401,8841500.1869812
2015-03-30,73.631248991717,73.890659242132,73.537225458973,73.777695717179,8008101.2838692
2015-03-31,73.486944289184,74.170136865242,72.498457076828,72.498457076828,8442899.3996104
2015-04-01,72.340849284529,72.810515996057,71.311099946293,71.772874994401,21829299.969858
2015-04-02,71.833189850538,72.320781911833,71.637589335775,71.988655619908,7560098.3068988
2015-04-06,71.600611255751,72.488536128529,71.50230367715,72.10161914486,5746200.2246863
2015-04-07,72.207818386881,72.810515996057,72.207818386881,72.268245981067,5599341.4192382
2015-04-08,72.43036329532,73.200702383142,72.340849284529,72.880977276591,12577001.155865
2015-04-09,72.902172029776,73.548499263858,72.799354929221,73.433280977929,8181147.122277
2015-04-10,73.441172641349,74.158975798405,73.209721427051,74.059540839316,5084199.794294
2015-04-13,74.107567248128,74.438453421515,73.631248991717,73.662590169299,6814801.2720256
2015-04-14,73.738575614227,73.85931806455,73.181762390935,73.777695717179,5878602.0994354
2015-04-15,74.18017055159,74.332254179494,73.827976886968,73.972281589502,6254620.0252486
2015-04-16,74.049394414919,74.231691839916,73.81794320062,73.931921368012,4439527.1110277
2015-04-17,73.441172641349,73.653571125391,72.821677062894,73.287961632956,12115298.750225
2015-04-20,73.662590169299,73.942067792409,73.548499263858,73.738575614227,6659539.2917649
2015-04-21,74.107567248128,74.449727226401,74.077353451035,74.231691839916,6577200.5204283
2015-04-22,74.4005734371,74.50790005961,73.972281589502,74.351306909751,6078169.4522184
2015-04-23,74.248489809196,74.81984624079,73.890659242132,74.630784532861,10532400.330497
2015-04-24,74.479941023494,74.731459610488,74.069461787615,74.390427012703,10397195.608807
2015-04-27,74.571484319164,74.640930957258,72.951325819076,73.037457688401,17847702.063689
2015-04-28,73.21862773291,73.527304510674,72.196657320045,73.405321941813,15798381.830757
2015-04-29,72.959217482496,73.41546836621,72.251448011788,72.727766268198,13661200.305792
2015-04-30,72.391130454319,72.778047437987,71.328912558012,71.709177996798,14554403.41279
2015-05-01,72.196657320045,72.718859962338,72.186510895648,72.679627121337,11508301.731638
2015-05-04,72.821677062894,73.433280977929,72.789208504824,73.143656930422,8561701.116912
2015-05-05,72.984921757635,72.99619556252,72.148518173184,72.217852073229,11373701.580634
2015-05-06,72.399022117738,72.448175907039,71.419553949291,71.936006951093,10152164.719242
2015-05-07,71.843336274935,72.52979825441,71.730372749983,72.278279667415,9019727.8043224
2015-05-08,72.99619556252,73.653571125391,72.959217482496,73.450078947208,11222296.868676
2015-05-11,73.712871339088,73.839250691854,73.423247291581,73.486944289184,7980597.7892955
2015-05-12,72.942532251266,73.320317452977,72.679627121337,73.016262935216,7019849.1117448
2015-05-13,73.329336496885,73.642410058554,72.967109145916,73.102394804541,6005822.1952504
2015-05-14,73.497090713581,74.136653664732,73.191796077283,74.107567248128,6894398.9055589
2015-05-15,74.231691839916,74.351306909751,74.030454422711,74.259650876032,3872345.9015795
2015-05-18,74.211511729171,74.786250302231,74.170136865242,74.701245813395,6792242.5575221
2015-05-19,74.797411369068,75.240246424968,74.610717160165,75.046787933134,5869168.6503162
2015-05-20,75.183200972248,75.472712281706,74.851187418371,75.150845152227,10577011.565704
2015-05-21,75.119503974645,75.240246424968,74.882415857904,75.161893481014,4537899.5262598
2015-05-22,74.998648786273,75.338666741618,74.920408580368,74.981963555043,4612300.1771582
2015-05-26,74.748257579767,74.829879927138,74.069461787615,74.22053077308,9533833.7889482
2015-05-27,74.479941023494,75.161893481014,74.280845629217,75.078016372667,13043699.318689
2015-05-28,75.027735202877,75.338666741618,74.766182929535,75.129537660993,5766396.1052333
2015-05-29,75.007667830181,75.618144364728,74.711392237792,74.940475953064,9839101.7407036
2015-06-01,75.368767800662,75.528630353938,74.739351273908,75.240246424968,7466722.5431864
2015-06-02,74.808572435904,75.089290177552,74.460888293237,74.748257579767,5722216.8339933
2015-06-03,74.998648786273,75.066968043879,74.681178440699,74.892449544252,5357901.2860456
2015-06-04,74.620863584562,74.91037489402,74.107567248128,74.36810487903,6479502.4340392
2015-06-05,74.147814731569,74.390427012703,73.738575614227,74.341273223403,7772202.4524154
2015-06-08,74.36021321561,74.517821007909,73.972281589502,73.972281589502,6736503.107735
2015-06-09,74.211511729171,74.211511729171,73.662590169299,73.951086836318,8297528.7681607
2015-06-10,74.117600934476,74.95174975795,73.98231527585,74.861108366671,7728757.4304859
2015-06-11,75.150845152227,75.491877750011,74.971817130646,75.368767800662,4912013.4121437
2015-06-12,74.998648786273,75.10823016976,74.341273223403,74.438453421515,6330198.515784
2015-06-15,73.99122158171,74.681178440699,73.588746747299,74.529094812794,7150101.0043473
2015-06-16,74.489861971793,74.940475953064,74.332254179494,74.901468588161,6041399.7492333
2015-06-17,74.901468588161,75.161893481014,74.497753635213,74.971817130646,5132099.5005299
2015-06-18,75.10823016976,76.283411591018,75.078016372667,76.032907646464,9511097.9960482
2015-06-19,75.839572007953,76.012254614984,75.657901366724,75.712616024905,10327300.644957
2015-06-22,76.274031111004,76.65748311998,76.210665469907,76.299759358896,6635001.4884513
2015-06-23,76.408963974403,76.647371581507,76.179432051069,76.451320085561,4631642.1671925
2015-06-24,76.348856495703,76.420086666723,75.679135597517,75.679135597517,7294400.3340817
2015-06-25,75.908667520851,76.459072265057,75.712616024905,76.096966837301,9232403.1840987
2015-06-26,76.210665469907,76.50255188049,75.723626366798,75.992256238893,6147401.3085441
2015-06-29,75.306918631289,75.723626366798,74.091287005997,74.130160253903,13675799.652895
2015-06-30,74.933578160786,74.952565383029,74.149147476147,74.389914442228,8722221.202307
2015-07-01,75.161986579845,75.260180853459,74.747525852885,75.190972990133,7756502.0942079
2015-07-02,75.358150426218,75.409382221147,74.703035083604,74.840102605125,5678699.0177633
2015-07-06,74.370927219985,75.268944186802,74.140271792376,74.807745682012,9352499.6374394
2015-07-07,75.068511024184,75.173221622592,73.887370980127,75.173221622592,10653197.246747
2015-07-08,74.570349228755,74.797634143539,73.858384569839,73.877259441655,13074801.369179
2015-07-09,74.681800852811,74.870100169261,74.238241365136,74.279586322447,6654499.7521539
2015-07-10,75.212207220926,75.368261964691,74.778759271723,75.279055725275,8059399.5933977
2015-07-13,75.819573631863,76.079103119333,75.60779307607,75.918666708897,7815100.986139
2015-07-14,75.961022820055,76.779945085929,75.791710725848,76.677481496071,5831834.9186337
2015-07-15,76.920383120274,77.261366667664,76.561648205343,76.779945085929,6994933.6749589
2015-07-16,77.059697650344,77.252490983894,76.837917906507,77.139915855562,5109200.2073274
2015-07-17,77.050821966574,77.070820342665,76.65748311998,76.969480257081,3877799.6443956
2015-07-20,77.070820342665,77.39955769346,76.989478633172,77.221369915483,3874699.9526376
2015-07-21,77.190136496644,77.38843500114,76.532661795054,76.881509872367,8140100.1670367
2015-07-22,76.667482308025,77.118793975197,76.551649017297,77.050821966574,5765299.2363409
2015-07-23,77.190136496644,77.348325898531,76.628496709691,76.771181752586,5677398.6548921
2015-07-24,76.002255426939,76.050116709044,74.711798416948,74.847742434194,13229700.702101
2015-07-27,74.671801664766,74.933578160786,74.389914442228,74.778759271723,11036899.420398
2015-07-28,75.201084528606,76.149322136505,74.817744870058,76.127076751865,11445000.67324
2015-07-29,76.459072265057,76.610632991722,75.939788589262,76.263020769111,9367002.8564614
2015-07-30,76.189431239114,76.329756923032,75.549820255492,76.149322136505,5381096.3018316
2015-07-31,76.440197393241,76.929371154472,76.386606239335,76.590634615632,7910201.5753979
2015-08-03,76.667482308025,76.900384744183,76.012254614984,76.532661795054,8447827.5854628
2015-08-04,76.910383932229,76.949369530563,76.254032734913,76.49142918817,10778599.252395
2015-08-05,76.960604573311,77.261366667664,76.828031068889,77.128793163242,5391199.4662244
2015-08-06,77.20013568469,77.271478206137,75.379272306583,75.45286183658,13357991.505599
2015-08-07,75.43061645194,75.569930982011,74.525746109047,75.317030169762,10863602.061787
2015-08-10,75.569930982011,76.263020769111,75.569930982011,75.929789401217,7951100.6350923
2015-08-11,75.409382221147,75.69014593941,74.911332776145,75.289167263748,7914869.9588738
2015-08-12,74.723033459695,75.41949375962,73.89838132202,75.339275554402,9665800.0396001
2015-08-13,75.400506537376,75.679135597517,74.991550981363,75.173221622592,6329299.5489767
2015-08-14,74.9614410668,75.41949375962,74.787747305921,75.379272306583,5503898.4791592
2015-08-17,75.129742007159,76.159433674978,74.828867562378,76.138199444185,5795897.6990465
2015-08-18,76.060228247517,76.440197393241,75.908667520851,76.032365341502,5465900.7812059
2015-08-19,75.61891576839,76.24302239302,75.181086152516,75.723626366798,10070297.250142
2015-08-20,75.161986579845,75.45286183658,73.960848159697,73.960848159697,12992799.535249
2015-08-21,73.218773586217,73.848273031366,71.686538456297,71.696537644342,24008199.443357
2015-08-24,67.390932212173,71.071419865865,56.628997114659,68.651166957173,33675506.252632
2015-08-25,70.800655335647,71.341173242235,67.858871742611,67.958077170073,17883700.315955
2015-08-26,69.840171531154,70.900984267384,68.170868879713,70.827394737387,27490401.600188
2015-08-27,71.750016447821,72.3105327305,70.690327215866,72.208069140641,18689598.634966
2015-08-28,71.852592388107,72.238179055205,71.229721618179,71.80124824275,10045499.716077
2015-08-31,71.480375421878,72.102235037959,70.309234565867,70.490905207096,15143001.144667
2015-09-01,68.6410554187,69.759840975508,68.322429606378,68.6410554187,21723601.876116
2015-09-02,69.779951702026,70.049592727969,68.909685290796,70.049592727969,12491700.350296
2015-09-03,70.450796104487,70.838629780134,69.391106872531,69.549296274418,14080000.714544
2015-09-04,68.488483538188,69.268532556155,68.178733409636,68.681276871737,16587899.035031
2015-09-08,69.938141103913,70.700438754339,69.519186359854,70.598986318328,11697398.504041
2015-09-09,71.416897430354,71.469252729558,69.333134051954,69.511434180358,12423901.996809
2015-09-10,69.539297086372,70.709202087682,69.322011359634,70.181042728116,17313714.205975
2015-09-11,69.889156317533,70.659093797027,69.689734308763,70.630107386739,7632999.0311642
2015-09-14,70.649206959409,70.780656959557,70.088690676731,70.407316489053,6232200.4033932
2015-09-15,70.759535079191,71.592950550209,70.500904395141,71.416897430354,8414499.1684063
2015-09-16,71.448130849192,71.750016447821,70.909859951154,71.619689951949,12003301.465795
2015-09-17,71.5528414476,73.257646834124,71.5528414476,72.268288969768,19148977.620108
2015-09-18,71.051561897089,71.671066140887,70.810656018403,70.940512347063,14362703.300731
2015-09-21,71.398032015368,71.573338059059,69.500562385377,69.969052674552,23859999.016581
2015-09-22,69.007444171801,69.64922549267,68.75993353157,69.541534295971,29233900.654652
2015-09-23,69.601536875421,70.119954684064,69.110769509174,69.469441644542,9578718.099486
2015-09-24,68.899752975101,69.169652637515,67.98829588204,68.75993353157,20064474.995798
2015-09-25,69.309584026157,69.521608066228,66.340575794497,66.881382625323,30973701.781704
2015-09-28,66.458342051179,66.600400396929,63.729232192207,64.288845801666,66469670.22876
2015-09-29,64.459785986032,65.979776702022,64.080068169812,64.880475712847,31775998.943829
2015-09-30,65.840964764488,66.42050460369,65.380310633077,66.229526244471,26565600.462916
2015-10-01,66.391622765074,66.951236374533,65.750960895314,66.900189403956,19853100.319065
2015-10-02,66.033062574817,68.298048003939,65.71995209959,68.286853492847,23741699.59399
2015-10-05,68.879826745359,69.018638682892,67.804034229476,68.471227090523,18389805.831233
2015-10-06,68.248120484471,68.45006946456,65.9098110077,66.859105548251,30431500.147845
2015-10-07,67.348753463388,68.255844697124,66.530434702607,67.930532204808,27466144.527232
2015-10-08,67.541970724826,68.350214425625,66.870188114231,68.132593130008,23182699.561011
2015-10-09,68.239164875598,68.729932241845,67.939487813681,68.4402182948,13889900.103897
2015-10-12,68.14143679377,68.840869846761,68.049305967488,68.621121594037,11074498.859253
2015-10-13,68.255844697124,69.188459416148,67.687387423903,67.759480075332,17273301.778408
2015-10-14,68.122630015137,68.681124173486,67.448608502324,67.629623746672,21786200.573446
2015-10-15,67.262107947541,69.140770798899,67.187776393894,69.140770798899,22133301.73966
2015-10-16,69.289545851304,69.860242026743,69.159577577533,69.762513944915,17656901.70211
2015-10-19,69.530451729991,70.201114889476,69.148495011552,70.010024585146,15694682.781517
2015-10-20,69.792403289529,70.010024585146,68.621121594037,68.908708583974,14802001.567682
2015-10-21,69.299508966175,69.570416134587,67.160014006388,68.286853492847,36068300.199715
2015-10-22,68.392305787328,68.498989478029,67.027806830398,67.880604685341,35524497.174316
2015-10-23,68.580037738331,69.688070446157,68.298048003939,69.330629707009,26524103.88672
2015-10-26,69.159577577533,70.070027164596,68.929754264826,69.601536875421,17831902.814508
2015-10-27,69.792403289529,70.878270865395,69.783671570878,70.878270865395,25160900.873561
2015-10-28,70.770579668695,71.5122160285,70.13663450559,71.467885764578,18157899.477575
2015-10-29,71.881970729849,72.99672014433,71.490050896539,71.790959354676,22780598.971591
2015-10-30,72.008692595404,72.208402673274,71.343626691464,71.343626691464,12427100.083981
2015-11-02,71.752114401189,72.912313530701,71.343626691464,72.862386011234,18646617.516104
2015-11-03,72.672527103124,72.83014581929,72.092987263922,72.601441957693,10428704.845815
2015-11-04,72.862386011234,72.884551143195,71.842118270364,72.279487818705,11533042.646144
2015-11-05,72.3327736915,72.351692415244,71.368030725643,72.050783957107,9171898.8991075
2015-11-06,71.610056055439,71.82208009551,70.919466666211,71.752114401189,12661000.521369
2015-11-09,71.62113862142,71.62113862142,70.790617843549,71.199217498385,15624967.308597
2015-11-10,71.220263179237,71.842118270364,71.080443735705,71.676663396433,9737401.7706278
2015-11-11,71.948690015954,71.948690015954,70.959319125696,70.969394185679,10580898.287797
2015-11-12,70.779535277569,70.889465376486,69.740236867843,69.740236867843,10870800.594278
2015-11-13,69.601536875421,70.27992424756,69.480412265412,69.570416134587,18196800.322376
2015-11-16,69.419514125075,70.439781865945,69.408319613983,70.439781865945,12959799.647671
2015-11-17,70.578593803478,71.209180613256,70.221041119219,70.740690324081,7882300.4526119
2015-11-18,70.779535277569,72.198439558403,70.779535277569,72.120749651429,12816301.275396
2015-11-19,71.658864123798,71.752114401189,70.847262069672,70.909391606229,11127899.592929
2015-11-20,71.283624112014,71.872119560089,71.283624112014,71.520052186264,9224398.9626254
2015-11-23,71.376762444295,71.779876788696,71.127012901845,71.343626691464,10362700.133946
2015-11-24,70.900547942467,71.629982285182,70.858344635652,71.562255493079,7174599.7765249
2015-11-25,71.752114401189,72.050783957107,71.602219897675,71.948690015954,4594300.4632601
2015-11-27,72.140787826282,72.217358282147,71.899881947595,72.092987263922,2657899.2527498
2015-11-30,72.198439558403,72.208402673274,71.105967220994,71.105967220994,8846099.4828041
2015-12-01,71.47908027567,72.371730590098,71.322469065501,72.311728010648,10659528.593943
2015-12-02,72.39277627095,72.612636468785,71.592256782804,71.697709077285,9875111.535796
2015-12-03,71.757711656735,71.853088891233,69.819046225927,70.127790841827,13191352.037956
2015-12-04,70.439781865945,71.888687436504,70.269849187577,71.779876788696,14929699.483372
2015-12-07,71.629982285182,71.998617535422,71.012604998491,71.376762444295,8511099.7208355
2015-12-08,70.838418405909,71.741031835209,70.838418405909,71.541097867116,7483562.064892
2015-12-09,71.209180613256,71.899881947595,70.540756355989,70.819499682165,17593599.000716
2015-12-10,70.819499682165,71.842118270364,70.749533987844,71.352358410115,9778402.9782368
2015-12-11,70.588556918349,70.878270865395,70.211078004347,70.300969928411,15178200.684694
2015-12-14,70.569638194605,70.847262069672,69.668144216415,70.759497102715,21090631.02372
2015-12-15,71.531246697356,72.019663216273,71.301311439539,71.676663396433,14006200.038736
2015-12-16,72.279487818705,72.716969312156,71.272429600923,72.612636468785,15273697.840892
2015-12-17,72.810219589548,72.810219589548,71.768794222715,71.830923759272,11468999.59388
2015-12-18,71.338042093986,71.429784521436,70.478918292827,70.489954137685,13007275.453533
2015-12-21,70.908981822719,71.126800417174,70.547474298759,71.126800417174,6707201.6239746
2015-12-22,71.376611814396,71.709359257819,70.971964169631,71.60881044912,7495791.5970528
2015-12-23,72.061057141906,72.540949183425,71.990271672367,72.380539276864,8090899.042855
2015-12-24,72.138419529087,72.678061195288,72.110774180354,72.446865819188,2568254.7679653
2015-12-28,72.24008306959,72.302062157879,71.907335626167,72.110774180354,6534742.9045849
2015-12-29,72.595125149088,73.161074485858,72.435829974331,72.987510744012,7243106.1208352
2015-12-30,72.909033625028,73.101324861176,72.61050844798,72.678061195288,8496203.3991064
2015-12-31,72.416991006847,72.748735191647,72.033411793173,72.033411793173,6591728.0606794
2016-01-04,70.770755079052,71.001838981972,70.010173569346,70.732185358642,19666254.554815
2016-01-05,70.931164985613,71.376611814396,70.759719234195,71.068276997476,14540153.811742
2016-01-06,70.061005339597,70.983111487669,70.000140983112,70.489954137685,14650990.994068
2016-01-07,69.129981337095,70.010173569346,68.870248826819,69.061536804344,17850179.788045
2016-01-08,69.472761366752,69.650895508993,67.901769835711,68.019039621467,17022724.171149
2016-01-11,68.319682788941,68.343983942263,66.259992835131,67.210747590559,28563797.055751
2016-01-12,67.749163051776,68.459024264411,66.960936193336,68.070986123522,13720567.198831
2016-01-13,68.200295012758,68.522006611324,65.979080420583,66.049865890122,16202037.706647
2016-01-14,66.218970704752,68.26004463744,65.809975605952,67.821063253118,23341875.360712
2016-01-15,66.100809133554,67.179869519595,65.917212805474,66.87911487894,17882291.655683
2016-01-19,67.601126668236,67.852052797263,66.132690463141,66.86139064326,13495200.733687
2016-01-20,65.680666716716,67.64081112045,64.860224109147,66.991925737481,24665609.160266
2016-01-21,67.158801088504,67.502584376784,66.159332553251,66.789490441918,17102840.581025
2016-01-22,67.728206093865,68.029963993143,67.402035568085,67.852052797263,11343828.611628
2016-01-25,67.648614243077,68.101975667666,67.129037749343,67.220668703612,10131859.994182
2016-01-26,67.262694092614,67.860859178513,66.737543939862,67.728206093865,12449354.930698
2016-01-27,67.610936308109,68.319682788941,66.489962006247,66.960936193336,15916980.776108
2016-01-28,67.282647791902,67.320214253688,65.050397354869,65.401983765775,26119824.613127
2016-01-29,65.259409568074,66.49977164612,65.072580517764,66.468893575156,17578193.544469
2016-02-01,66.021217282765,66.907874959477,65.670634130482,66.568439125232,16705469.447066
2016-02-02,66.100809133554,66.273146670415,65.409786888402,65.608655042193,12968674.823298
2016-02-03,65.798939761095,66.11173350523,64.569502054726,66.039944777068,19452817.318815
2016-02-04,65.840965150097,66.420179795331,65.092422743871,65.680666716716,18958125.599717
2016-02-05,65.319047719576,65.49818512044,64.065308859885,64.402515230523,16743361.866942
2016-02-08,63.680614914407,63.945921083702,62.759623498139,63.520316481026,24652739.268577
2016-02-09,62.748476180101,64.630366411212,62.68003164735,63.989061204508,20735806.862911
2016-02-10,64.411433084953,65.561167467353,64.35714564611,64.559469468492,14728498.874347
2016-02-11,63.400817231663,64.028745656722,63.037080244095,63.520316481026,22801015.200308
2016-02-12,63.870676686948,64.402515230523,63.327913771697,64.371525686378,10310230.415875
2016-02-16,65.061433199726,65.608655042193,64.84038188304,65.578780229852,17302027.683948
2016-02-17,66.09077654732,66.489962006247,65.588812816086,66.410258682278,12140011.721309
2016-02-18,66.489962006247,66.758612370953,65.840965150097,66.000037378494,9720794.9843238
2016-02-19,65.680666716716,66.122880823268,65.513679892512,65.928248650331,8875405.2742103
2016-02-22,66.468893575156,66.87911487894,66.362771107438,66.871311756314,7515725.5026631
2016-02-23,66.692174355449,67.038298580517,66.298674028721,66.372692220491,8211933.3689657
2016-02-24,65.99022773862,66.681249983772,65.2848254532,66.590510814946,11118605.959316
2016-02-25,66.889035991993,67.458440997355,66.558406538998,67.417530340157,9496412.59692
2016-02-26,67.728206093865,67.996856458572,67.241737134704,67.299145822597,10365818.1454
2016-02-29,67.099162937002,67.273729937472,66.198013746842,66.229003290986,11091742.807783
2016-03-01,66.60054340118,67.668456469184,66.159332553251,67.648614243077,14548522.090461
2016-03-02,67.491660005107,67.781267327724,67.350089066029,67.760310369813,10923737.763752
2016-03-03,67.589979350199,67.648614243077,66.955362534317,67.569022392288,10815044.206648
2016-03-04,67.569022392288,67.842020211029,67.093589277984,67.407609227103,9855652.5274339
2016-03-07,66.971972038193,68.182570777078,66.960936193336,67.950372142355,11082433.866518
2016-03-08,67.550183424804,67.770120009687,67.029380726087,67.119005163109,8204158.4312359
2016-03-09,67.299145822597,67.532459189125,66.779569328864,67.241737134704,13032475.26043
2016-03-10,67.569022392288,68.029963993143,66.758612370953,67.282647791902,11288361.178371
2016-03-11,67.708363867758,68.599480471685,67.657420624326,68.589447885451,10618104.744519
2016-03-14,68.340639746852,68.570720391148,68.126276820988,68.299729089654,6140944.4793316
2016-03-15,67.852052797263,67.985820613714,67.038298580517,67.241737134704,15225428.284922
2016-03-16,67.108972576876,67.464014656374,66.549600157748,67.080212496339,16881339.877149
2016-03-17,67.020574344837,67.029380726087,65.659598285625,66.298674028721,20920455.302611
2016-03-18,66.180944316574,67.079876013097,66.058650507372,66.839620327989,19524653.671453
2016-03-21,66.899156642005,67.370670919991,66.78897003099,67.229716475053,12183574.934181
2016-03-22,67.012675509403,68.108765708499,67.012675509403,67.900610759867,13200184.808914
2016-03-23,67.851071214995,67.969921692603,67.355342540636,67.417988960609,9105003.1417041
2016-03-24,67.119529864037,67.640583686895,66.869388484997,67.390442307855,8492749.7527396
2016-03-28,67.570162002032,67.639472934768,67.098647724046,67.19772681379,7156296.1144259
2016-03-29,67.079876013097,68.039454775764,66.848506345006,67.979918461747,10455125.28589
2016-03-30,68.321474740854,68.498750780351,67.870842602858,67.989915230892,7607714.4513981
2016-03-31,67.890613990722,68.290595831718,67.746438364615,67.779427702792,8602692.3588424
2016-04-01,67.499629241956,68.800653208517,67.370670919991,68.552733333731,9120164.8533254
2016-04-04,68.711459812705,69.618055698905,68.700352291433,69.370246899332,17045426.526939
2016-04-05,68.561619350749,68.88007198561,68.311477971709,68.466872194301,16555013.2807
2016-04-06,68.488976161632,70.339711355931,68.488976161632,70.309943198923,24546336.373617
2016-04-07,69.810882268183,70.279064289787,69.179641834309,69.540969501279,19216681.120503
2016-04-08,69.969497671944,70.000376581079,68.935054215905,69.349364759342,12883771.333797
2016-04-11,69.32070735446,69.519976286076,68.668473705383,68.822757175848,8695546.1555718
2016-04-12,68.811649654576,69.524419294584,68.800653208517,69.381132270179,13510509.272383
2016-04-13,69.700695657167,70.069798589027,69.325039287756,70.02903398596,9706174.1300722
2016-04-14,70.011373027138,70.297724925524,69.810882268183,70.069798589027,6655194.4197442
2016-04-15,70.240521190974,70.240521190974,69.551965947338,70.020147968943,7945342.3408284
2016-04-18,69.820879037328,70.747246311392,69.710692426312,70.670160113766,11505366.329607
2016-04-19,70.793564675095,71.302511299767,70.531427173082,70.918079988551,6650310.8653817
2016-04-20,70.940072880669,71.638513818237,70.876093558144,71.302511299767,10763419.171086
2016-04-21,71.340054721665,71.880879932387,71.25075025064,71.720043024372,12462917.874612
2016-04-22,71.761918379566,72.114471104732,71.439133811409,71.871993915369,12052774.649241
2016-04-25,71.599970719424,71.822454370497,71.359826109529,71.590085025492,8937188.6009584
2016-04-26,71.729928718304,71.729928718304,71.108685053575,71.32228268763,7429178.7841509
2016-04-27,71.367601374419,71.542655909662,70.940072880669,71.241864233623,9116246.2094241
2016-04-28,70.827664765399,71.590085025492,70.510433957878,70.89719784856,19512040.848429
2016-04-29,70.261514406178,70.395915413566,69.370246899332,69.791110880319,13568486.502994
2016-05-02,69.919958127072,70.221749480025,69.629052144964,70.189870893975,9065258.4525301
2016-05-03,69.940840267062,70.401469174202,69.700695657167,69.975051432579,9427034.5197863
2016-05-04,69.52997305522,69.651156112295,69.110219826361,69.299714139257,11793786.508629
2016-05-05,69.309599833189,69.690809963235,69.153205933682,69.58839861711,10135702.70618
2016-05-06,69.33825723807,69.540969501279,68.608937391366,69.179641834309,14157584.764036
2016-05-09,69.179641834309,70.184317133339,69.148762925174,69.969497671944,13606995.779997
2016-05-10,70.250406884906,70.566638015513,70.059912895096,70.556752321581,11073006.562782
2016-05-11,70.452119471201,70.628284758571,69.700695657167,69.720578120244,8452542.1243963
2016-05-12,69.859311060928,70.069798589027,68.899843373474,69.32070735446,11322942.881071
2016-05-13,69.222627941631,69.672038252286,69.08156242148,69.137766479115,11942141.265282
2016-05-16,69.148762925174,70.229524744915,69.120105520293,70.079684282959,8334333.7848317
2016-05-17,69.948615531953,70.131445332086,69.099223380302,69.349364759342,14913738.708675
2016-05-18,69.243510081622,69.990379811934,69.16864538825,69.640159666236,11515165.208667
2016-05-19,69.243510081622,69.557519707974,68.608937391366,69.049572760217,8765623.3452261
2016-05-20,69.309599833189,69.929954896216,69.278720924053,69.690809963235,7925907.065279
2016-05-23,69.58839861711,69.720578120244,69.349364759342,69.410900427187,5050934.1035261
2016-05-24,69.760231971184,70.521430403937,69.672038252286,70.409022288667,11936172.980908
2016-05-25,70.598516601563,70.991833929796,70.587520155504,70.847547228476,8953466.8129255
2016-05-26,70.876093558144,71.002941451068,70.628284758571,70.857432922408,5257681.8283173
2016-05-27,70.807893377536,71.340054721665,70.807893377536,71.180217490565,9638662.1680446
2016-05-31,71.398258133129,71.522884521798,71.042484226795,71.340054721665,7669315.3156552
2016-06-01,71.127345689311,71.76736106499,71.070030879549,71.609856413356,9301693.2861359
2016-06-02,71.550431174552,72.529781325083,71.4600159514,72.529781325083,12460971.714658
2016-06-03,72.31385111156,72.547442283905,71.709046578313,72.291747144229,13885075.168816
2016-06-06,72.302854665501,72.809579785918,72.119913790155,72.678511034912,9109177.7637332
2016-06-07,72.377719358872,72.448252118948,72.052824361674,72.228989649044,6430723.386602
2016-06-08,72.167342905985,72.611310531217,72.013059435521,72.479019952871,4615680.5130385
2016-06-09,72.324847557619,72.836015686545,72.147460442909,72.36128022739,9598369.2136581
2016-06-10,71.937083990022,71.979959022131,71.449130580554,71.78291159477,10270935.406724
2016-06-13,71.522884521798,72.06370973252,71.191213936624,71.208874895446,8712758.4153899
2016-06-14,71.042484226795,71.348718588257,70.741803625969,71.32228268763,7983921.5125684
2016-06-15,71.512887752654,71.657285529187,70.773682212019,70.918079988551,7842499.9507524
2016-06-16,70.617288312512,71.198989201514,70.270289347983,71.080027648693,9333757.7237387
2016-06-17,70.901239132481,70.929670917794,69.799590423764,70.059680413139,10795648.792321
2016-06-20,70.660951826262,71.00213325001,70.411814158856,70.504079174227,7970729.9899443
2016-06-21,70.743260185298,70.807978451476,70.094639339826,70.254941506821,7014943.9356705
2016-06-22,70.260362353048,71.25226658305,70.203277523393,70.461154922472,11200763.046363
2016-06-23,71.076808172523,71.389447181444,70.753106212119,71.378494859476,7599367.8141295
2016-06-24,69.3486645213,70.400861836887,69.050075460763,69.392473809175,22560175.62476
2016-06-27,68.840653789182,69.07861787559,68.088926235885,68.378664935235,18634367.089579
2016-06-28,68.858133252526,69.75898939182,68.843862045113,69.740293003813,13115661.694995
2016-06-29,70.203277523393,71.24242055623,70.203277523393,71.040521691658,8968420.4241063
2016-06-30,71.181021175497,71.751537583496,70.826564209968,71.706622000473,9535172.6279739
2016-07-01,71.867919833101,72.33201064783,71.636261629039,72.15854356857,6793138.4451961
2016-07-05,71.731845529856,72.37913882115,71.731845529856,72.087298161017,8359776.5996822
2016-07-06,71.980872567747,73.049553681044,71.897457913562,72.901420760681,18781882.281826
2016-07-07,73.340398675543,73.350244702363,72.459345219404,72.790680616332,8013090.0602551
2016-07-08,73.150447798573,73.707909923821,72.757713020912,73.572941915724,11013166.235918
2016-07-11,73.907596198097,74.102967921294,73.419388149134,73.490633556687,7369435.5406572
2016-07-12,73.647506208722,73.953728705783,73.591527674216,73.851728293106,10237171.926529
2016-07-13,74.081063277357,74.173107033699,73.745302699835,73.830819314802,6401926.3945697
2016-07-14,74.310287632093,74.660430046543,73.869207756449,74.140250067793,4793872.3603285
2016-07-15,74.41892581566,74.630781336567,73.98547937654,74.081063277357,7101463.1420809
2016-07-18,74.102967921294,74.250990212142,73.841771636771,74.110711987332,3954260.0224109
2016-07-19,74.198330563081,74.375005898271,73.729814567759,73.948197230041,6622395.8007248
2016-07-20,74.291701873601,74.744840366361,74.189701460924,74.619718385084,4836997.9905494
2016-07-21,74.619718385084,74.989552853174,74.551791862976,74.841419932811,9230809.7036241
2016-07-22,74.831463276476,75.082702904664,74.616399499639,74.989552853174,5441815.8381847
2016-07-25,75.009244906814,75.07186121221,74.448574525635,74.909457084434,5868394.0225148
2016-07-26,74.619718385084,74.889654401279,74.479218901244,74.779909922563,6904219.3653886
2016-07-27,74.630781336567,75.235371635135,74.488069262431,75.121201975826,7983150.2881047
2016-07-28,74.999398879994,75.239686186214,74.679015805035,75.050952233907,5470049.5053927
2016-07-29,74.909457084434,75.341686598891,74.729462863799,75.195766268825,4803202.1660423
2016-08-01,75.270330561823,75.99893654652,75.270330561823,75.679659766709,9255078.8641553
2016-08-02,75.738846557145,75.738846557145,74.929149138074,75.391137992021,12149029.297282
2016-08-03,75.341686598891,75.391137992021,75.030043255603,75.178286805481,9760846.0187562
2016-08-04,75.228733864245,75.351643255226,74.96864387487,75.07186121221,8415448.2986202
2016-08-05,75.399877723693,75.399877723693,74.831463276476,75.250638508182,8239063.2953353
2016-08-08,75.188022202786,75.188022202786,74.351994959185,74.611974319045,6655426.9767026
2016-08-09,75.009244906814,75.046637682828,74.581329943436,74.790972874047,11261259.595496
2016-08-10,74.759111573775,74.759111573775,74.343255227513,74.53519743575,7031363.3729803
2016-08-11,74.739419520134,75.050952233907,74.60223892174,74.947845526081,6599844.5930875
2016-08-12,74.831463276476,74.866643462193,74.507761316072,74.779909922563,6211550.7839279
2016-08-15,74.779909922563,75.088234380406,74.779909922563,74.909457084434,4117330.6629261
2016-08-16,74.800818900867,74.810664927687,74.240148519688,74.240148519688,6030149.5404701
2016-08-17,74.081063277357,74.448574525635,73.924079995807,74.390383400833,7291075.0155743
2016-08-18,74.379431078864,74.581329943436,74.189701460924,74.41892581566,4172552.1397265
2016-08-19,74.269686600149,74.410186083988,74.034820140156,74.351994959185,4323454.9345755
2016-08-22,74.390383400833,74.785441398305,74.310287632093,74.507761316072,4086136.8307325
2016-08-23,74.770063895743,74.999398879994,74.540728911492,74.581329943436,8557867.9605607
2016-08-24,74.551791862976,74.705345629565,73.229547901679,73.408325197651,8625748.5173029
2016-08-25,73.210851513672,73.510436239843,72.470186911858,72.790680616332,8756353.9493453
2016-08-26,72.869670089924,73.450143154258,72.631484744486,73.071458324981,9968240.7553039
2016-08-29,73.09889444466,73.408325197651,72.921223443836,73.229547901679,7364217.8853175
2016-08-30,73.322808582684,73.322808582684,72.800526643152,72.969457912304,5569393.6630588
2016-08-31,72.879516116744,72.969457912304,72.479037273045,72.757713020912,4751610.7191489
2016-09-01,72.757713020912,72.850973701917,72.239856261973,72.600729739362,9481741.1031538
2016-09-02,72.718218284116,72.869670089924,72.448282267921,72.6688775205,8037935.2134802
2016-09-06,72.76866534288,73.071458324981,72.661133454462,72.910271121868,8735821.4502804
2016-09-07,72.850973701917,73.171467406391,72.698526230475,72.910271121868,7556418.0804118
2016-09-08,72.67872354732,73.023223856513,72.610686395697,72.969457912304,4810952.5487511
2016-09-09,72.56245192723,72.56245192723,71.493770813933,71.511250277276,14259289.721162
2016-09-12,71.103137997054,72.757713020912,71.086543569828,72.571191658901,12991816.886064
2016-09-13,72.116946870993,72.116946870993,71.222617873074,71.596877521758,12187909.715525
2016-09-14,71.570547697227,72.070924992822,71.309351412704,71.596877521758,13099255.017018
2016-09-15,71.471755540481,72.540547283292,71.300611681032,72.34185667465,9632960.1471566
2016-09-16,71.99226620143,72.209808111589,71.822993468906,72.108200390633,8690989.6595824
2016-09-19,72.290807758988,72.43385203426,71.763924338285,71.84811989014,9919663.3977763
2016-09-20,72.158453233102,72.342162637476,72.036017031386,72.072053609209,5286600.3320004
2016-09-21,72.311526036146,72.930098853634,71.867736131279,72.791242315234,8485850.9938012
2016-09-22,73.086477764735,73.47108833538,73.05143301933,73.337741977077,6502153.4443514
2016-09-23,73.230624076026,73.410035539926,73.09077570521,73.107196041893,5410544.0893568
2016-09-26,72.838409456849,72.900564288323,72.090678017931,72.260171157659,5529535.4760495
2016-09-27,72.168261353671,72.780442362248,72.011992646171,72.769422002057,7826817.9044518
2016-09-28,72.838409456849,72.849209409836,72.281991470836,72.662304101007,6522586.8909439
2016-09-29,72.570504500621,72.662304101007,71.17036773843,71.378101528019,8835833.4641298
2016-09-30,71.529962091443,72.311526036146,71.487423501108,72.108200390633,7439793.7509408
2016-10-03,71.790152795538,72.051335332051,71.492823477601,72.051335332051,9176663.2435063
2016-10-04,71.970445888253,72.270971110646,71.546382428127,71.909172685595,10584475.01532
2016-10-05,72.099494306083,72.351860554443,71.986866224937,72.190081666848,12630491.191736
2016-10-06,71.950829647114,72.02290280276,71.492823477601,71.919091009766,9308916.1511253
2016-10-07,71.84811989014,72.209808111589,71.451276719684,71.867736131279,9920301.085261
2016-10-10,72.002184525602,72.418643937197,72.002184525602,72.198897955,11039461.83323
2016-10-11,71.84811989014,71.84811989014,70.077368414746,70.391118069367,12482286.947977
2016-10-12,70.431452587664,70.710157496879,69.989866754834,70.056650137588,11696032.003342
2016-10-13,69.649998846562,70.347257035809,69.419342707777,70.088278571335,13614705.55726
2016-10-14,70.251159494949,70.442472947854,69.599746004094,69.621566317271,8377606.0593194
2016-10-17,69.510150475746,69.649998846562,69.240151651081,69.390910178486,8456970.2465733
2016-10-18,70.028217608297,70.36929775619,69.859826504588,70.223829001677,5490718.8807873
2016-10-19,70.305820481493,70.36929775619,69.937409840328,69.960332189524,5296696.288083
2016-10-20,70.047833849436,70.510137959423,69.923303779284,70.288408312392,6869928.035925
2016-10-21,69.933001696252,69.933001696252,69.529766716885,69.711272049221,5502156.9997674
2016-10-24,70.017197248107,70.088278571335,69.581121595372,69.581121595372,7340388.6105388
2016-10-25,69.499130115556,69.711272049221,69.291506529569,69.380110225499,7922098.6615262
2016-10-26,69.270788252411,69.380110225499,68.677231652556,68.959242669828,8067552.706464
2016-10-27,69.489321994986,69.759320819651,69.100193076663,69.280486169378,6974727.4452044
2016-10-28,68.450983657847,68.640093038714,67.480420535878,67.782047794289,18451878.937695
2016-10-31,67.760227481112,67.771027434099,67.334951781365,67.360078202599,12688900.437611
2016-11-01,67.401735164118,67.588530269346,66.482416717035,67.000483849586,14908658.548962
2016-11-02,66.86934156332,67.385204623833,66.648603748706,66.648603748706,17942886.302694
2016-11-03,66.86934156332,67.151352580593,65.959941440408,66.019010571029,22065115.948363
2016-11-04,66.201617939384,67.026712306839,66.129434580137,66.482416717035,21379524.135939
2016-11-07,67.197307482587,68.364694237556,67.162262737181,68.182086869201,17346363.055065
2016-11-08,67.742705108409,68.824794275505,67.648701435985,68.369984010447,14861446.802543
2016-11-09,71.311318145265,71.568202741304,69.260869928239,70.78024698769,49730878.218859
2016-11-10,71.939809286924,72.072053609209,71.057739657284,71.559496656753,28327450.408739
2016-11-11,71.356281214842,71.356281214842,70.182282243759,70.491623754303,15854231.065722
2016-11-14,70.799863228829,70.879650636607,70.130927365271,70.267469628031,17406159.294091
2016-11-15,70.538570488714,70.538570488714,69.813981806196,70.472007513164,10371554.183481
2016-11-16,70.288408312392,70.63147212512,70.077368414746,70.172474123189,7585041.0277703
2016-11-17,70.223829001677,70.470905477145,70.011797271613,70.452281068424,12692098.024064
2016-11-18,70.510137959423,70.700459579911,69.659806967132,69.700251689031,12143876.172487
2016-11-21,69.850018384018,70.017197248107,69.763728963727,69.950634272556,6784326.9540074
2016-11-22,69.923303779284,69.923303779284,68.472803971024,68.940618261106,14498279.663152
2016-11-23,67.790864082442,69.219323170321,67.790864082442,69.210617085771,13667572.31995
2016-11-25,69.409534587208,69.540676873474,69.205106905676,69.479513874417,4009285.768692
2016-11-28,69.34947362417,69.359171541138,68.852124768777,68.959242669828,6492882.7308955
2016-11-29,69.12201338984,69.610656160683,69.111103233252,69.409534587208,7087552.3847746
2016-11-30,69.460889465695,69.479513874417,68.719880446492,68.748312975784,8640376.3033117
2016-12-01,68.8303044556,69.001781260163,68.049842546916,68.249862084372,11395651.006419
2016-12-02,68.369984010447,68.682631629049,68.139438075264,68.410538935948,7959129.365871
2016-12-05,68.69254995322,68.7897495301,68.068356752036,68.290196602669,5827716.1309364
2016-12-06,68.490326343726,68.500134464296,68.089185232796,68.479305983536,5490693.2634996
2016-12-07,67.938316501789,67.938316501789,66.969957451859,67.891369767378,12740035.288668
2016-12-08,67.679338037315,68.089185232796,67.290209118992,68.023614089663,7583538.7568243
2016-12-09,68.26077224096,68.976654838929,68.26077224096,68.852124768777,12089184.178045
2016-12-12,68.719880446492,69.280486169378,68.719880446492,69.178878448423,15001640.154461
2016-12-13,69.430363067968,69.840210263449,69.23023332691,69.738602542493,11022227.802896
2016-12-14,69.728684218322,70.099188727923,69.140637798562,69.380110225499,11681704.620266
2016-12-15,69.659806967132,69.902475298524,69.408432551189,69.830291939277,8208111.1047321
2016-12-16,69.679472403737,69.872143539621,69.380261590778,69.581491011741,8256514.4077271
2016-12-19,69.632621279009,69.941707036289,69.199550109684,69.290948205465,9318324.4510415
2016-12-20,69.320353595224,69.479230477206,69.07984384018,69.240915154234,4884946.4717506
2016-12-21,69.281182982747,69.310588372506,68.729393038351,68.850196523891,5420252.671433
2016-12-22,68.756603996038,68.961234786712,68.480215276624,68.940607125239,4440989.41213
2016-12-23,68.961234786712,69.498760922643,68.961234786712,69.458602815733,4188552.2860509
2016-12-27,69.549891189911,69.9972261677,69.530360744474,69.602118673214,5141175.0709548
2016-12-28,69.670804397054,69.745853973902,69.059106457104,69.070078617462,4558823.7287339
2016-12-29,69.109139508336,69.409557258934,69.077759129712,69.189675165362,5539171.3162695
2016-12-30,69.199550109684,69.270320543993,68.721822247704,68.940607125239,6648980.3433977
2017-01-03,69.310588372506,69.862268595298,69.219080555121,69.841640933826,11792671.423422
2017-01-04,69.948290332504,70.579518717891,69.948290332504,70.39123644615,9161928.4819357
2017-01-05,70.330231234561,70.768788484064,70.267141312503,70.748051100988,5973638.6660105
2017-01-06,70.768788484064,71.151826602156,70.513027426122,70.951584675626,5768848.5765311
2017-01-09,70.951584675626,71.369514263656,70.81772431926,71.249807994152,5751180.4587956
2017-01-10,71.369514263656,71.910332047694,71.210637381674,71.497888539843,10297445.277399
2017-01-11,71.589286635624,71.838574118954,70.048356434968,70.778553706782,23641488.076235
2017-01-12,70.43139455306,70.891676680072,70.257266368181,70.84932414109,9357706.7010959
2017-01-13,70.912414063148,71.161591824875,70.748051100988,70.922179285867,5242303.381399
2017-01-17,70.47923317222,70.679584820355,69.977695722263,70.558671613211,6038232.4663944
2017-01-18,70.700212481827,70.860186579845,70.330231234561,70.470674887141,6162069.1830112
2017-01-19,70.450924998497,70.610899096514,69.913398862566,70.016756613137,6466169.0358396
2017-01-20,70.016756613137,70.37159627911,69.778441290165,69.841640933826,6929939.8966051
2017-01-23,69.745853973902,69.940609820253,69.290948205465,69.549891189911,10003574.866846
2017-01-24,69.479230477206,69.530360744474,68.74683877332,69.070078617462,8695814.3694809
2017-01-25,69.129986613016,69.745853973902,69.090706278935,69.717545800178,6545567.5922872
2017-01-26,69.570628572987,69.689237626455,69.170144719925,69.180019664247,6612427.4548929
2017-01-27,69.339884040661,69.800275889277,69.320353595224,69.745853973902,7259930.383292
2017-01-30,69.581491011741,69.717545800178,69.120111668694,69.409557258934,7281928.46258
2017-01-31,69.038478795631,70.518513506301,68.991737392507,70.518513506301,14340678.282916
2017-02-01,70.518513506301,71.132186435116,70.380264285792,71.132186435116,19481596.974568
2017-02-02,70.778553706782,71.151826602156,70.553404976239,71.110461557607,14529773.18069
2017-02-03,71.339011657861,71.489110811557,71.001617726857,71.422838962995,15104790.604585
2017-02-06,71.287881390594,71.497888539843,71.151826602156,71.497888539843,11561593.725679
2017-02-07,71.547921591075,71.827601958596,71.328149219107,71.568549252547,11276919.888815
2017-02-08,71.19209443067,71.532780009781,70.991962225742,71.461899853869,6787507.8697216
2017-02-09,71.454438784826,71.929862493131,71.391239141165,71.720952559918,7869248.417304
2017-02-10,71.827601958596,72.021370310516,71.661154285968,71.859201780427,4439744.2725069
2017-02-13,71.929862493131,72.342306000983,71.929862493131,72.302147894073,6465227.1405528
2017-02-14,72.221502515443,72.870176635799,72.162801457528,72.870176635799,10383381.96552
2017-02-15,72.711299753817,73.799518618109,72.640529319509,73.660172181564,10091710.535866
2017-02-16,73.682006780676,73.749485566877,73.05845890754,73.557911647029,11332624.035535
2017-02-17,73.278231279507,73.700440010077,73.278231279507,73.660172181564,11779512.457073
2017-02-21,73.64930974281,74.231492571397,73.64930974281,73.992189753992,10651814.770874
2017-02-22,73.898487504536,74.13899725958,73.814769921006,73.877859843064,6633964.2352209
2017-02-23,73.961687148198,74.543760255181,73.869082114777,74.419774843138,8685587.6839721
2017-02-24,74.298971357598,74.820258696199,74.269565967839,74.779990867686,9062982.6117898
2017-02-27,74.827829486846,75.180474720747,74.669062326468,75.140206892234,8178053.1519551
2017-02-28,74.930090021381,75.230507771979,74.770225644967,74.991095232971,10258585.894094
2017-03-01,75.441721858868,75.930312159603,75.225131413404,75.743127103898,15196546.827195
2017-03-02,75.620129186286,75.88455825091,75.492852126135,75.50250762725,7889323.1923625
2017-03-03,75.389384653961,75.858444509259,75.364368128345,75.798646235308,6623729.2794121
2017-03-06,75.691887115027,75.753989542652,75.241370210733,75.511285355536,5882732.4464639
2017-03-07,74.888834698436,75.360088985805,74.741917471244,74.981220288649,12330481.686183
2017-03-08,74.970467571498,75.538496313224,74.921531736302,75.277358896707,8130033.0329296
2017-03-09,75.271872816528,75.787674074951,75.220742549261,75.691887115027,8451292.8394997
2017-03-10,76.010847816629,76.09028625762,75.701762059349,75.98144242687,10447051.33014
2017-03-13,76.047714275432,76.047714275432,75.620129186286,75.919339999245,6898445.6749819
2017-03-14,75.711527282067,75.961911981433,75.556929542625,75.637465199652,7296323.3793286
2017-03-15,75.753989542652,76.744227014948,75.748503462473,76.588641781073,11044878.241652
2017-03-16,76.401456725369,76.401456725369,75.556929542625,75.847582070504,12127390.683909
2017-03-17,75.389319720574,75.524992639939,75.11939511307,75.160610818631,10400969.609836
2017-03-20,75.181164008671,75.286335119412,74.894949904806,75.048880179154,4728298.3343454
2017-03-21,75.130218335485,75.389319720574,72.33061147078,74.461255729849,16650419.933584
2017-03-22,74.568613350169,74.667224932173,74.110976895324,74.482902174679,9954250.2007238
2017-03-23,74.391834050722,74.763650004598,74.112070150114,74.24861767331,13250455.636129
2017-03-24,74.287756194771,74.618465768565,73.981972830175,74.287756194771,9229474.6378788
2017-03-27,73.757418296431,74.618465768565,73.619886843924,74.491538887516,6941056.1780226
2017-03-28,74.338701867957,74.640112213396,74.110976895324,74.539314121813,7384704.4886096
2017-03-29,74.568613350169,74.740910304979,74.391834050722,74.557680802275,4357826.093563
2017-03-30,74.472078952264,74.721450369727,74.268296259519,74.568613350169,7136724.8108799
2017-03-31,74.391834050722,74.557680802275,74.279010156456,74.360348312787,5850354.1535635
2017-04-03,74.441686469119,74.789778794065,74.130546156055,74.420040024289,12354818.169592
2017-04-04,74.399486834248,74.482902174679,74.170559281347,74.381010828307,5228589.5065527
2017-04-05,74.482902174679,74.918782859215,74.100153672909,74.150006091306,6460844.2722061
2017-04-06,74.170559281347,74.414573750342,73.951580347029,74.279010156456,5253260.664702
2017-04-07,74.327769320063,74.595726068946,74.130546156055,74.409216801874,5638152.3125217
2017-04-10,74.391834050722,74.639018958606,74.203138274071,74.268296259519,4518570.8949077
2017-04-11,74.150006091306,74.338701867957,73.75960480601,74.170559281347,5472620.1020352
2017-04-12,74.089330450494,74.287756194771,73.870242190698,74.170559281347,3782171.2702593
2017-04-13,74.078507228079,74.322521697074,73.981972830175,73.981972830175,6664365.8792192
2017-04-17,73.889811451428,74.268296259519,73.829135810616,74.24861767331,6148612.233178
2017-04-18,73.838756452763,73.838756452763,73.160063879501,73.440921034899,7519486.0570204
2017-04-19,73.682639668836,73.870242190698,73.528709394488,73.660993224006,5023118.2592148
2017-04-20,73.809566549886,74.268296259519,73.471313518044,74.119613608161,7297512.0358079
2017-04-21,73.990609543011,74.05675145777,73.509249459236,73.682639668836,6437310.2505377
2017-04-24,74.391834050722,74.58807328542,74.307216130022,74.409216801874,5450016.6324423
2017-04-25,74.711611076623,74.945895577992,74.500284925831,74.731289662832,9023773.7498405
2017-04-26,75.002307525125,75.441467974029,74.940538629524,75.141150883379,6240315.4195787
2017-04-27,75.160610818631,75.649623685931,75.007773799072,75.297267667306,6962753.9963388
2017-04-28,75.357943308118,75.538986301243,75.236482701015,75.50323686963,5781071.8308973
2017-05-01,75.63016375068,75.815579762962,75.50323686963,75.671270130761,7181831.2246184
2017-05-02,75.740801135367,75.901181612973,75.297267667306,75.879425842664,5191156.2278671
2017-05-03,75.649623685931,75.711501907011,75.339467302177,75.511873582466,8094142.0816147
2017-05-04,75.767804528666,76.008539233292,75.660556233825,76.008539233292,4275350.0365138
2017-05-05,76.181929442892,76.199421519522,75.660556233825,75.971696546889,5720070.4072264
2017-05-08,75.909818325809,75.971696546889,75.389319720574,75.50323686963,6558505.2052947
2017-05-09,75.538986301243,75.730961842263,75.451197941654,75.587745464851,3829080.6862848
2017-05-10,75.472844386484,75.482683679589,75.058719472258,75.367673275744,4314914.6391305
2017-05-11,75.250695013278,75.441467974029,75.028326989113,75.411075490883,6791571.149017
2017-05-12,75.378605823638,75.488040628057,75.232109681858,75.277698406576,2569026.4843453
2017-05-15,75.318914112136,75.810113489015,75.250695013278,75.767804528666,7320753.7036528
2017-05-16,75.691823320802,75.760261070619,75.263595419793,75.482683679589,5470830.0112735
2017-05-17,74.870023695607,75.080365917088,74.491538887516,74.491538887516,11430546.628881
2017-05-18,74.451525762223,75.250695013278,74.451525762223,74.821155206521,10690541.92191
2017-05-19,74.951361851939,75.263595419793,74.849361180087,75.028326989113,9107475.4795442
2017-05-22,74.961091819565,75.313447838189,74.80060201648,75.232109681858,4988397.3231003
2017-05-23,75.328644079762,75.634427444358,75.26906169374,75.482683679589,4216094.4355179
2017-05-24,75.518433111203,75.730961842263,75.339467302177,75.671270130761,5215730.5495763
2017-05-25,75.838319462582,76.181929442892,75.660556233825,76.027999168544,4471535.1303843
2017-05-26,75.971696546889,76.189582226417,75.810113489015,75.890358390558,4502313.4400143
2017-05-30,75.649623685931,75.971696546889,75.649623685931,75.778627751081,4649652.3890598
2017-05-31,75.930480841329,76.250367192708,75.86433892657,76.080038096519,5884380.6340656
2017-06-01,76.210135416458,76.980005439156,76.132077024495,76.921516307923,9144747.3641631
2017-06-02,77.140495242241,77.520073305122,77.067903124224,77.421352397639,4827098.2484182
2017-06-05,77.421352397639,77.501597299181,77.018050705828,77.201280208532,5553886.1647107
2017-06-06,77.048443188973,77.28808463881,76.881393857152,77.007118157934,4316464.0221701
2017-06-07,77.109009504306,77.292348332489,76.970275471531,77.222926653362,4412843.0252437
2017-06-08,77.171980980176,77.35411722809,76.792512242774,76.999574699887,6296708.3509588
2017-06-09,77.09829560737,77.755341735801,76.999574699887,77.520073305122,13412484.211991
2017-06-12,77.46147484841,77.741238749018,77.048443188973,77.421352397639,7687977.7735628
2017-06-13,77.491867331555,77.680453782727,77.302078300115,77.578562436355,5578587.7571696
2017-06-14,77.710846265873,78.170559904817,77.680453782727,77.951580970499,6782256.4057436
2017-06-15,77.651154554371,77.929934525669,77.43982840358,77.871336068957,8185978.072276
2017-06-16,77.660749516928,77.850877238402,77.278425101065,77.688843991235,13330805.60324
2017-06-19,77.800132955351,78.570117559329,77.758971283692,78.499881373561,7997656.3373692
2017-06-20,78.489100935746,79.194294019519,78.458828595213,78.75904745438,7847165.0865619
2017-06-21,78.918902835322,79.799196363614,78.870336418496,79.76021255818,9481246.0186013
2017-06-22,79.890884531702,81.080108384063,79.859741044679,80.589761803422,12340489.044566
2017-06-23,80.489253277121,80.640506086473,80.169542515238,80.469870267715,8760491.1387178
2017-06-26,80.701050767538,80.701050767538,80.270051041538,80.39212044347,7434431.4911161
2017-06-27,80.39212044347,80.489253277121,79.64260778201,79.663079724529,8420222.1920628
2017-06-28,79.922245805347,80.278653613128,79.880212987198,80.079923320064,8663405.5646365
2017-06-29,79.99030412489,80.059451377545,78.864891752932,79.350882601123,8440697.8094472
2017-06-30,79.663079724529,79.663079724529,79.239702530318,79.239702530318,7813486.8903456
2017-07-03,79.509649048952,79.749541013676,79.371572330264,79.382243874768,5904200.8460369
2017-07-05,79.491354972659,79.951429212767,79.208450149984,79.848851713553,8955387.2759556
2017-07-06,79.509649048952,79.663079724529,78.710481037554,78.819592135445,6416354.2396495
2017-07-07,79.100427985206,79.308849782973,78.899519825916,79.219121694488,4371416.5357345
2017-07-10,79.250482968133,79.279666375553,78.870336418496,79.06906671156,3580015.498176
2017-07-11,79.020500294735,79.191136113492,78.580897997145,78.980536449499,4117472.2142035
2017-07-12,79.371572330264,79.778724421096,79.350882601123,79.518360513853,8808196.9013343
2017-07-13,79.588596699621,79.837962382426,79.048485875731,79.588596699621,9437737.4149614
2017-07-14,79.76021255818,80.298036622534,79.599377137437,80.130776496426,5741781.0712736
2017-07-17,80.231176129415,80.284098278692,79.81857937302,79.837962382426,5508242.923729
2017-07-18,79.739740615662,79.980612620187,79.360682999137,79.901773862829,8042540.846202
2017-07-19,80.239887594317,80.548709025074,80.239887594317,80.548709025074,8177869.3625294
2017-07-20,80.740905719462,81.208602491359,80.61023374594,81.080108384063,8222312.2113509
2017-07-21,80.909472565305,81.107113925257,80.84457215179,80.991469228691,4044516.8320666
2017-07-24,80.92014410981,81.040144538827,80.615678411504,80.960216848357,4473077.9667893
2017-07-25,81.148057810294,81.208602491359,80.259270603723,80.381231112343,8484462.8907041
2017-07-26,80.200903788883,80.278653613128,79.890884531702,80.109106727484,4964047.4203575
2017-07-27,80.19121228418,80.19121228418,79.231099958728,79.558324359089,12026904.880991
2017-07-28,79.588596699621,80.059451377545,79.250482968133,79.961229610781,6426093.9076999
2017-07-31,80.059451377545,80.225731463852,79.880212987198,79.890884531702,5479694.2798466
2017-08-01,80.180431846364,80.180431846364,79.610157575252,79.710557208242,8678809.0362295
2017-08-02,79.699776770426,79.699776770426,79.250482968133,79.528052018556,7707383.8595534
2017-08-03,79.568015863792,79.81857937302,79.308849782973,79.663079724529,8003586.8035601
2017-08-04,79.951429212767,79.951429212767,79.382243874768,79.480574534843,3930104.6672231
2017-08-07,79.401626884174,79.663079724529,79.335855324168,79.653388219826,4576659.7392774
2017-08-08,79.548632854386,79.691174198836,79.121988860837,79.279666375553,4423068.5351825
2017-08-09,79.08964754739,79.449322154509,78.949175175854,79.371572330264,4873771.9288423
2017-08-10,79.130591432427,79.19864975197,78.370407226463,78.379989837855,7045886.4200689
2017-08-11,78.421151509514,78.991316887315,78.421151509514,78.598212033636,8318560.761008
2017-08-14,78.940463710953,79.255927633697,78.940463710953,79.130591432427,3955745.9475084
2017-08-15,79.230011025615,79.392044272782,79.111208423021,79.130591432427,4650773.4372933
2017-08-16,79.260283366148,79.50006643756,79.16521950541,79.350882601123,3756886.9070234
2017-08-17,79.100427985206,79.440610689608,78.329245554804,78.360606828449,7133150.8458461
2017-08-18,78.070079473985,78.530153714094,77.950187938279,77.999843288217,8179551.7445854
2017-08-21,77.928627062648,78.44913709051,77.82060489787,78.350806430435,10268991.555688
2017-08-22,78.370407226463,79.392044272782,78.318465116988,79.297960451846,5448327.1599165
2017-08-23,79.03128073255,79.043150103479,78.666270353179,78.700789532851,5653380.5515049
2017-08-24,78.779628290209,79.039883304141,78.62946441397,78.929792166448,5489333.0234919
2017-08-25,79.100427985206,79.401626884174,78.889719427902,78.949175175854,5470459.2338218
2017-08-28,79.170555277662,79.50006643756,79.150083335144,79.371572330264,7432312.0786085
2017-08-29,79.039883304141,79.599377137437,78.970736051485,79.518360513853,4237750.9573117
2017-08-30,79.429721358481,80.130776496426,79.409249415963,79.933135136474,3660886.5017753
2017-08-31,80.130776496426,81.368457872301,80.130776496426,81.291796981168,6987189.1564137
2017-09-01,81.409401757338,81.581235402519,80.914808337558,81.230163366991,6471617.2957945
2017-09-05,80.889980662588,81.368457872301,80.504389447388,80.879200224773,8072830.2045949
2017-09-06,81.158947141421,81.35114383581,80.794916801851,81.272305078451,8790899.9397552
2017-09-07,81.262613573748,82.352417832921,81.241052698117,82.168714816812,7250394.4495048
2017-09-08,82.051001147331,82.680622273084,81.910637669106,82.540258794859,4302626.8315669
2017-09-11,82.909624906681,83.197974394919,82.730386516334,83.179571425315,6180161.5024765
2017-09-12,83.197974394919,83.36969914679,83.032674348414,83.358809815663,6984491.9748346
2017-09-13,83.260588048899,83.410751925138,82.890241897275,83.048899451793,5868925.4516663
2017-09-14,82.820985751309,83.291949322544,82.715141452756,83.161277349022,6368271.6308597
2017-09-15,83.059177613989,83.059177613989,82.501810657189,82.589045041706,7011688.4894925
2017-09-18,82.680402444398,82.897837402823,82.440399386496,82.570708460881,7779308.1920475
2017-09-19,82.609443131618,82.712735586918,81.832471206828,81.917535581781,7329147.4760025
2017-09-20,81.948783719518,82.090702345077,81.409536342586,82.000429947168,5101779.0121068
2017-09-21,81.948783719518,82.041226126992,81.539845416972,81.582811606361,4514625.2239991
2017-09-22,81.469754108018,81.688274071226,81.154560218685,81.582811606361,6463942.9417308
2017-09-25,81.469754108018,81.843212754175,81.214777984117,81.339553534111,12439329.825155
2017-09-26,81.571961558535,81.798076555221,81.18038333251,81.210546465465,4579763.86349
2017-09-27,81.420277889934,81.420277889934,80.832747800178,81.18038333251,5384690.7398134
2017-09-28,81.109315519252,81.519230326103,80.990941497475,81.249172635724,4229022.3468858
2017-09-29,81.26002268355,81.770083431831,81.060815805472,81.731348761093,6884271.4860199
2017-10-02,81.96918180943,82.570708460881,81.878692410565,82.559966913534,8764816.2115914
2017-10-03,82.680402444398,82.797799961871,82.214501390767,82.540653828404,5135661.8469373
2017-10-04,82.658919349703,82.971075225645,82.579279998663,82.938742083125,3291138.1933456
2017-10-05,82.938742083125,83.010786400687,82.619099674183,83.002323363383,7709648.6817475
2017-10-06,82.850422693825,83.209884778287,82.759065291133,82.888180860258,4034938.9934166
2017-10-09,82.369440073716,82.490960609363,82.240324504592,82.369440073716,4554076.2105028
2017-10-10,82.398518201889,82.559966913534,82.111208935467,82.559966913534,4030848.3719772
2017-10-11,82.510490695449,82.810711518783,82.490960609363,82.719245615613,4023995.0477802
2017-10-12,82.691252492223,82.821453066131,82.531973790144,82.628756216748,4732044.2625176
2017-10-13,82.359783531152,82.531973790144,82.219817914201,82.418916291801,5909427.7035587
2017-10-16,82.359783531152,82.680402444398,81.906685533955,82.062709221687,10219710.49624
2017-10-17,82.230667962027,83.380013528192,82.230667962027,83.159323555419,8436636.3028762
2017-10-18,83.369163480366,83.729710569611,83.17983014581,83.280952591544,6937083.4345988
2017-10-19,83.17983014581,83.815751448868,83.059177613989,83.791013339825,6408895.183251
2017-10-20,83.821176472781,83.949207037123,83.588768448356,83.881394238213,6343776.9875747
2017-10-23,83.989026712642,84.304329102454,83.629564628181,83.6693843037,7159559.5294264
2017-10-24,83.6693843037,83.689890894091,82.628756216748,83.110932342117,7143500.9130941
2017-10-25,83.029122981512,83.224966344764,82.669769397529,82.991473315558,6810053.9343384
2017-10-26,82.398518201889,82.634181240661,81.657025933488,82.158515143987,13466847.095815
2017-10-27,81.870120872783,82.230667962027,81.832471206828,82.139093558379,6119110.6167969
2017-10-30,81.88954245839,81.894967482303,81.078175881993,81.26002268355,5884009.537218
2017-10-31,81.210546465465,81.460206065932,80.971628412345,81.109315519252,6548619.3630851
2017-11-01,81.249172635724,81.646284386141,81.088808928862,81.310583906417,7427811.1835691
2017-11-02,81.460206065932,81.480604155844,80.755278458703,80.940380274608,10200322.325928
2017-11-03,80.848914371438,81.651709410054,80.848914371438,81.609719724968,6862331.5559461
2017-11-06,81.480604155844,81.571961558535,81.300927363852,81.357890114937,4847506.2807974
2017-11-07,81.300927363852,81.530080373929,81.24385611229,81.530080373929,4439914.2329756
2017-11-08,81.440784480324,81.810988112133,81.398794795239,81.720607213746,6186215.5795422
2017-11-09,81.519230326103,81.810988112133,81.228774545812,81.731348761093,7086393.9049303
2017-11-10,81.530080373929,81.530080373929,80.695060693271,81.200781422422,4826329.2767124
2017-11-13,80.929530226782,81.435467956889,80.701462221488,81.280420773462,4696327.0599629
2017-11-14,81.009169577822,81.099658976687,80.584173204494,80.951121821955,7429306.3698245
2017-11-15,80.650900998621,80.971628412345,80.439976068891,80.723053816661,4952286.4059729
2017-11-16,80.838172824091,81.657025933488,80.838172824091,81.561328511666,4778582.7478214
2017-11-17,81.191124879857,81.499917240973,81.109315519252,81.239516093159,6129628.0301208
2017-11-20,81.229859550595,81.300927363852,80.771445029963,80.900560599088,4891268.1243791
2017-11-21,81.339553534111,81.796991550438,81.310583906417,81.609719724968,7963651.9264103
2017-11-22,81.609719724968,81.912110557868,81.450441022889,81.582811606361,4853077.2202635
2017-11-24,81.688274071226,81.802308073873,81.508597279234,81.770083431831,1650634.5163607
2017-11-27,81.770083431831,81.979814856299,81.699015618573,81.843212754175,4243917.5243171
2017-11-28,82.041226126992,82.510490695449,81.821729659481,82.440399386496,8290365.4560633
2017-11-29,82.510490695449,83.149667012855,82.510490695449,82.850422693825,8144605.7046142
2017-11-30,83.110932342117,83.718969022263,82.865612760781,83.470285926101,10637962.134823
2017-12-01,83.429489746277,83.650071218571,82.169256691334,83.301350681456,15315398.180873
2017-12-04,83.781356797261,83.795353358956,82.280144180112,82.280144180112,9769538.6290237
2017-12-05,82.331790407762,82.738558700743,82.073559269513,82.139093558379,13241032.154365
2017-12-06,82.188678276942,82.458844467799,81.70975716592,82.073559269513,8532977.7789624
2017-12-07,82.02082803708,82.249981047157,81.770083431831,82.09178734986,3979211.9427352
2017-12-08,82.331790407762,83.02055144373,82.270487637547,83.010786400687,8444115.0219459
2017-12-11,83.07968420438,83.408983155886,82.949483630472,83.359506937802,6582897.1352422
2017-12-12,83.389561570278,83.821176472781,83.389561570278,83.689890894091,6068603.2436768
2017-12-13,83.679040846265,84.217203218415,83.654302737223,83.979261669599,8454463.3091675
2017-12-14,84.050437983335,84.160131966852,83.04420454799,83.131330432029,6738753.3432882
2017-12-15,83.109972404518,83.741424043912,83.109972404518,83.710299951469,7998368.2190302
2017-12-18,83.980366295273,84.199099500499,83.684579347297,83.741424043912,5655403.1643412
2017-12-19,83.871107762426,84.160410524476,83.598771953548,83.639622324879,4772806.2131226
2017-12-20,83.819666554082,83.94924220283,83.359829702187,83.368367213656,4686672.7518163
2017-12-21,83.628815348337,83.679175859026,83.13050565995,83.180866170639,4303285.4589175
2017-12-22,83.059611893829,83.160332915208,82.709141644547,82.91069175707,7023607.1020806
2017-12-26,82.83882536306,83.039294777929,82.749883946113,82.93100887297,2495603.2659174
2017-12-27,82.988934267239,83.289044005832,82.980288686005,83.068257475063,4053305.1101829
2017-12-28,83.22150040244,83.339404516521,82.93100887297,83.191457007651,5375340.1990433
2017-12-29,83.329786307398,83.46163142122,82.589184204922,82.681259645067,4877166.1350785
2018-01-02,82.988934267239,83.649132464237,82.868868757849,83.609578930091,6708903.0391212
2018-01-03,83.598771953548,84.470246541957,83.359829702187,84.411240450033,7605797.7232151
2018-01-04,84.681414863602,84.835738488633,84.314734149506,84.530225261769,7762519.5348869
2018-01-05,84.79823828003,85.329833456169,84.63537714353,85.250510248345,7578213.5946543
2018-01-08,85.150761854855,85.260128457468,84.504504657597,84.940782300629,5156170.1818242
2018-01-09,85.20123043531,86.118634674025,85.120934599597,85.940751840131,6962938.0662947
2018-01-10,85.649287682773,85.811068121618,85.150761854855,85.790751005718,10835795.05846
2018-01-11,85.940751840131,86.179802161258,85.695325402845,86.160565743011,4247767.3388383
2018-01-12,86.319212158659,86.920512333499,86.250587857613,86.819683242355,5391784.6910276
2018-01-16,87.359923999728,87.947283174828,87.110174771825,87.251638094769,8915068.8784072
2018-01-17,87.651388157087,88.275274912901,87.430709696083,88.089827195427,7214555.7736719
2018-01-18,88.100634171969,88.203516588657,87.595732227891,88.110144311327,7923970.5607802
2018-01-19,88.450023723597,88.472502234806,87.998832452937,88.439216747054,4791320.0278815
2018-01-22,88.408200724377,89.06850699114,88.249554308729,89.018146480451,11152205.519685
2018-01-23,89.008420201562,89.18100761695,88.509029815521,88.590406348888,7637624.9897281
2018-01-24,89.027656619808,89.18100761695,88.539937768433,88.850854483569,8284236.110524
2018-01-25,89.278486545366,89.697581095695,88.94087659817,89.610801074056,6313639.065015
2018-01-26,90.020169345496,91.560487712137,89.999852229596,91.542331991545,9784412.0878167
2018-01-29,91.301120275111,91.792081219449,91.28080315921,91.290421368333,12641727.003703
2018-01-30,89.490735564666,90.110299529863,89.219588523208,89.370778125041,14269375.316427
2018-01-31,89.830506907171,90.089982413963,87.78863675918,88.100634171969,15871337.157275
2018-02-01,87.758593364391,88.528266233767,87.534672810425,88.12851617145,12847364.321715
2018-02-02,87.409203812763,88.179957379793,86.870043753044,86.89046893871,10499539.4373
2018-02-05,86.461756179258,86.98902856478,82.371531697351,83.039294777929,29577474.162233
2018-02-06,81.440078389129,84.319056940123,81.400416785218,83.960049179373,33313394.792716
2018-02-07,83.720998858247,85.035127205847,83.431588026431,83.860300785883,17331274.22958
2018-02-08,83.839983669982,84.110050013786,80.88060121351,80.950306212211,20252239.946621
2018-02-09,81.690908314687,82.801325154457,79.560096749749,82.099303958238,35535690.713808
2018-02-12,82.629818436723,83.514153327218,81.889216334247,82.868868757849,13368926.95765
2018-02-13,82.389795487708,83.11537589279,81.87851742747,82.93100887297,8411479.8688235
2018-02-14,82.399413696831,84.015813178333,82.319009791353,83.871107762426,10110810.903246
2018-02-15,84.439122449514,84.830335000362,83.589153744425,84.79823828003,9513761.8355353
2018-02-16,84.380224427355,86.011537536487,84.380224427355,85.408075966338,9283218.9397679
2018-02-20,84.470246541957,85.278392247825,84.470246541957,84.470246541957,8865786.7156877
2018-02-21,84.459439565414,85.590281590849,84.110050013786,84.119776292675,9401038.7894355
2018-02-22,84.390923334133,84.987900718355,83.790703856947,83.990092574161,6308333.276639
2018-02-23,84.488402262549,85.362038246266,84.119776292675,85.329833456169,5494524.9807308
2018-02-26,85.480914988237,86.509955294639,85.480914988237,86.410314970915,6266120.2116029
2018-02-27,86.410314970915,86.694322314459,85.510958383025,85.510958383025,7460686.6969029
2018-02-28,85.790751005718,85.900117608331,84.119776292675,84.140093408575,6279034.3531011
2018-03-01,83.990092574161,84.420966728922,82.171062282482,82.801325154457,12720268.905309
2018-03-02,82.350133883796,83.819666554082,82.339434977019,83.639622324879,11205968.727168
2018-03-05,83.259108680809,84.645967980542,83.078956381841,84.40162224091,11028816.784696
2018-03-06,84.590203981582,84.728533281329,83.860300785883,84.280476033866,9573285.1867551
2018-03-07,83.560299117056,84.79823828003,83.530255722267,84.710377560737,6868151.3278321
2018-03-08,84.940782300629,85.351231269723,84.79823828003,85.278392247825,6402977.2710148
2018-03-09,85.801449912495,86.541079387082,85.480914988237,86.509955294639,8253095.5083762
2018-03-12,86.541079387082,86.670763105596,86.039311466202,86.140248627111,5760183.8548143
2018-03-13,86.471374388381,86.849726637144,86.058764023979,86.251560485502,6400682.1700117
2018-03-14,86.55058952644,86.75008631342,85.549647359049,85.829331911976,9416352.5243404
2018-03-15,86.129441650568,86.3737873902,85.583797404924,85.689921914574,5883143.4245746
2018-03-16,85.380445339648,85.851379893264,85.380445339648,85.389922184084,7067672.7326751
2018-03-19,85.231831188267,85.339737985139,83.324185479887,84.008995181794,7190193.5868293
2018-03-20,84.199070527582,84.428668622325,83.648982784644,84.131763393805,5534439.3637027
2018-03-21,84.270577626508,84.729881507406,83.700243897729,83.768627945647,5498738.4435825
2018-03-22,82.957926980722,83.019849543798,81.222264460571,81.359032556407,14648452.099388
2018-03-23,81.442385710877,81.60887663699,79.604093273141,79.670323492779,11048954.483172
2018-03-26,80.569654491462,81.431616569473,79.644692936236,81.317248287758,9183473.738639
2018-03-27,81.60995355113,81.849243873136,79.899921587521,80.361379296701,10948414.805001
2018-03-28,80.589900477303,81.568384665309,80.478870629423,80.789668050355,10146839.643215
2018-03-29,81.222264460571,81.98913501998,80.670022889352,81.401678356368,6926405.4313487
2018-04-02,81.057819671325,81.480723854277,78.741054280991,79.549601417635,11364928.036392
2018-04-03,79.978967085429,80.909420902772,79.490801905567,80.75865292311,8590727.2386572
2018-04-04,79.789968653782,82.139795308228,79.789968653782,81.912243350352,9085808.3346933
2018-04-05,82.201717871303,82.26794809094,81.538446452205,81.849243873136,8031344.7895881
2018-04-06,81.171003347486,81.568384665309,79.158681584654,79.880752515821,12171808.902424
2018-04-09,80.309041269475,81.788398224201,80.079335483319,80.670022889352,6952646.5251578
2018-04-10,81.471139318427,82.35022433127,81.197710818168,82.028657768934,8171790.0672109
2018-04-11,81.420847428068,81.912243350352,81.250048845394,81.359032556407,6205752.7920839
2018-04-12,81.799059674192,82.298963218185,81.739290939397,81.912243350352,5096901.7994097
2018-04-13,82.298963218185,82.371547231251,81.431616569473,81.870674464531,7837028.8720095
2018-04-16,82.469761800859,82.820081970745,82.27753262679,82.521022913944,7217208.0195669
2018-04-17,83.151233068932,83.339262277853,82.714329002154,83.161894518922,6500915.4764156
2018-04-18,83.369200490957,83.514368517089,82.829774198009,83.2292016527,4704510.0016173
2018-04-19,83.078649055866,83.161894518922,82.231548392993,82.529638227068,5833633.5219155
2018-04-20,82.598991497713,82.719713572856,81.814028780744,82.09165724615,5250505.0737641
2018-04-23,82.308440062621,82.670606288052,82.097041816852,82.409993066065,9257292.965215
2018-04-24,82.670606288052,82.72940580012,81.171003347486,81.788398224201,8904776.8070125
2018-04-25,81.690075963179,82.201717871303,81.120819148541,82.161118208209,8068798.3616139
2018-04-26,82.400408530215,83.514368517089,82.400408530215,83.199263439595,9463277.3126543
2018-04-27,83.141648533082,83.670413376039,82.957926980722,83.539999073631,6663258.6041561
2018-04-30,83.898934556641,83.951272583866,82.250825156107,82.259332777817,7240983.9785109
2018-05-01,82.161118208209,82.45059272916,81.523477345652,82.220994634417,8498011.7656008
2018-05-02,81.788398224201,81.849243873136,80.909420902772,81.088727107156,11594285.757135
2018-05-03,80.722360916577,80.730976229701,79.311388009769,80.361379296701,13524122.156951
2018-05-04,80.122196666108,81.269217917094,79.810322331036,81.000097073397,7889543.8282264
2018-05-07,81.259633381244,81.579046115299,80.670022889352,80.880559603808,5886541.7013164
2018-05-08,80.680792030756,80.748099164534,79.788891739641,80.269518520521,9522279.5151613
2018-05-09,80.420178808769,81.078065657165,79.978967085429,80.730976229701,11340181.190682
2018-05-10,81.067404207175,82.171779658199,81.019266145097,81.808644210042,7845451.3381115
2018-05-11,81.881228223107,83.190755817886,81.731752540414,83.030510993788,10434026.450633
2018-05-14,83.181171282036,83.925642027324,83.010265007948,83.581675650866,11837572.941047
2018-05-15,83.030510993788,83.130987083091,82.230579170267,82.501853842245,8806827.7206269
2018-05-16,82.460177265009,83.25052455268,82.45059272916,82.957926980722,7013641.9947086
2018-05-17,82.881035311094,83.130987083091,82.521022913944,82.990019022107,6610356.978475
2018-05-18,83.048710842761,83.369200490957,82.764620892513,83.199263439595,5838854.0278053
2018-05-21,83.592337100857,83.750535788088,83.156617639634,83.280462765785,6406464.2038758
2018-05-22,83.451369039873,83.549691300895,82.990019022107,83.120325633101,5770209.431081
2018-05-23,82.769897771801,83.420461604042,82.674913944614,83.389446476797,8360472.5945567
2018-05-24,83.339262277853,83.480230338837,82.686652308745,83.059372292752,7166498.1450135
2018-05-25,83.088233591716,83.458799747442,82.794451414203,82.940911737303,6853294.9427495
2018-05-29,82.400408530215,82.547730384627,81.568384665309,82.09165724615,18236760.643528
2018-05-30,82.650360302212,83.510060860527,82.559576440172,83.320093206153,13167672.830663
2018-05-31,83.161894518922,83.223817081997,82.381239458515,82.409993066065,11543474.768049
2018-06-01,82.739959558696,83.389446476797,82.650360302212,83.358431349553,8037829.2271407
2018-06-04,83.458799747442,83.788873931488,83.190755817886,83.670413376039,7230786.3906071
2018-06-05,83.700243897729,83.875457828379,83.098895041706,83.500584016091,5444372.529664
2018-06-06,83.789950845628,84.530113934354,83.451369039873,84.439437763729,7218947.5640331
2018-06-07,84.688312621585,84.765204291213,84.137040273093,84.550467611609,7405594.693279
2018-06-08,84.519452484364,85.097324612126,84.380638251661,85.040678928338,6247132.0422295
2018-06-11,85.051448069743,85.61004343439,84.850495891136,85.200923752436,7074378.1242072
2018-06-12,85.290630700335,85.290630700335,84.770481170501,85.149662639351,6829165.0829399
2018-06-13,85.301399841739,85.71999636813,85.056724949031,85.170016316605,10379181.178928
2018-06-14,85.339737985139,85.660227633335,85.097324612126,85.61004343439,9379778.2420339
2018-06-15,85.19101563615,85.500651333268,84.79844563762,85.459237827001,9349333.7973564
2018-06-18,84.939852376637,84.939852376637,84.290861963653,84.640838278276,7342605.7019438
2018-06-19,84.059869012892,84.890928649025,83.93004947252,84.860136741516,6431698.8428126
2018-06-20,84.970751573023,85.23468220882,84.782459595045,85.038880009499,5900792.6827002
2018-06-21,84.960129974265,84.965387129206,84.348261512495,84.550501044397,7423427.7420015
2018-06-22,84.860136741516,85.253886917685,84.640838278276,84.930410955519,9885619.134443
2018-06-25,84.610046370766,84.939852376637,83.509798943894,84.14934793576,9925143.4924383
2018-06-26,84.22058774965,84.281205964782,83.780059623396,83.889708855016,5560147.1851689
2018-06-27,83.889708855016,84.319508093636,83.121305922665,83.180958537911,7420474.0814095
2018-06-28,82.871322840792,83.49907005626,82.289280686645,83.289534880767,9026946.8654136
2018-06-29,83.551212450162,84.199344552135,83.400149712274,83.458729438756,6483097.0479551
2018-07-02,82.998996603637,83.769438024638,82.720152814028,83.719441408264,9364653.738487
2018-07-03,84.019528395388,84.311032272405,83.699163810635,83.920500762526,3023094.6400816
2018-07-05,84.311032272405,84.875049895327,84.109865629267,84.787716749986,7458632.0307194
2018-07-06,85.199598746257,86.155113478945,85.099498224631,86.010380784762,9823810.2859538
2018-07-09,86.34876990074,86.806356958332,86.319050881994,86.641453955397,7874411.210827
2018-07-10,86.809468335746,87.008596490234,86.578689962738,86.970187072504,6123152.6723076
2018-07-11,86.49886703874,86.589204272619,86.218950360368,86.280641464264,6434456.0939031
2018-07-12,86.709475102997,87.296881700961,86.660551375386,87.239482152119,4461644.8182257
2018-07-13,87.050009996502,87.590638644381,87.000013380127,87.399020711237,6048676.8205981
2018-07-16,87.470260525127,87.470260525127,86.7457387432,86.870193839755,5388541.6662129
2018-07-17,86.839294643369,87.474552080181,86.801099803392,87.350096983626,5849314.5980952
2018-07-18,87.369194403615,87.439575906494,87.11073550051,87.420263908753,7575722.1659824
2018-07-19,87.209655844496,87.388506401356,86.554228098932,86.930919343764,5204047.3610588
2018-07-20,86.689304794245,86.889291259744,86.509381348622,86.759471719372,4822553.3859723
2018-07-23,86.709475102997,87.050009996502,86.610554759011,86.940360764882,3824738.6115068
2018-07-24,87.399020711237,87.878923855108,87.340548273632,87.732152672274,6467136.191609
2018-07-25,87.680010278373,88.86748356171,87.590638644381,88.848386141721,9297528.6768352
2018-07-26,88.700434781247,88.910184534493,88.407750726591,88.600441548498,5763058.8750775
2018-07-27,88.639816566115,88.639816566115,87.640635260756,87.960892556632,5743034.5034911
2018-07-30,87.889652742742,88.180083730996,87.7501772035,88.010889173007,5531204.506545
2018-07-31,88.33007358012,89.04837260722,88.200361328624,88.931427732009,6719129.5822504
2018-08-01,88.878212449344,89.279365557981,88.878212449344,88.951598040761,5733042.9923823
2018-08-02,88.568469463349,89.465619047308,88.532313112022,89.279365557981,5666184.8221108
2018-08-03,89.349532483107,89.874067799536,89.231514719133,89.81033820699,5884771.6818177
2018-08-06,89.760341590615,90.16889763172,89.444268560916,89.969984054985,4751412.7367576
2018-08-07,89.980498364866,90.281658240754,89.859261934601,89.980498364866,5170582.5651046
2018-08-08,89.9912272525,90.250866333244,89.789095009474,90.117828126582,5020357.4890792
2018-08-09,90.128449725339,90.379612984853,89.924171704787,90.022126448886,5680301.872513
2018-08-10,89.690067376612,90.158276032962,89.318633286721,89.630522050243,5389456.0511178
2018-08-13,89.730515282993,90.085963330309,89.426136740815,89.659275469102,6563901.2326035
2018-08-14,89.789095009474,90.240244734486,89.70068897537,90.080598886492,5497736.8913156
2018-08-15,89.799609319356,90.042296757638,89.360261370741,89.929428859728,6840614.9674624
2018-08-16,90.189175229348,90.929790342727,90.080598886492,90.809412223473,6916703.4445539
2018-08-17,90.737099520819,91.375575623921,90.53067572274,91.089328901845,5455284.2462035
2018-08-20,91.301117143741,91.559683335722,91.250047638603,91.390596066609,8144868.9741422
2018-08-21,91.621374439617,91.660856746111,91.194686578411,91.390596066609,6395926.0002742
2018-08-22,91.179880713476,91.678881277336,91.069158593093,91.478787522961,3954304.9790385
2018-08-23,91.428790906586,91.670298167229,91.228804441088,91.449068504215,6058379.825884
2018-08-24,91.660856746111,91.889596630469,91.484151966778,91.889596630469,4029137.9389328
2018-08-27,92.219509925216,92.289676850342,91.82887112646,92.219509925216,4671309.6118616
2018-08-28,92.358770886706,92.390742971855,92.070485675979,92.270579430354,4954106.4027218
2018-08-29,92.289676850342,92.965382193535,92.190756506356,92.868500338199,5338512.6890318
2018-08-30,92.8004791906,93.107969110191,92.599312547461,92.8004791906,5266117.4623782
2018-08-31,92.579142238709,92.857986028318,92.401471859489,92.779235993084,5808394.6989031
2018-09-04,92.70048595785,92.76206977287,91.820502594105,92.040659368356,6875469.6660624
2018-09-05,91.970492443229,92.411986169371,91.794967841536,92.411986169371,10218932.637084
2018-09-06,92.401471859489,92.599312547461,91.850114323975,92.411986169371,5940321.7394884
2018-09-07,92.190756506356,92.639760453841,92.05020807835,92.549315931086,5591062.4166349
2018-09-10,92.779235993084,92.950469039724,92.219509925216,92.309847159094,4233992.1094153
2018-09-11,92.150308599976,92.411986169371,91.839600014094,92.228951346334,5683866.3760528
2018-09-12,92.289676850342,92.857986028318,92.108787804832,92.69082995898,11056596.607502
2018-09-13,93.08983729009,93.841181291102,93.000465656098,93.841181291102,10603825.718235
2018-09-14,93.919931326336,93.919931326336,93.362351035995,93.528326927693,5929022.0847129
2018-09-17,93.528326927693,93.538948526451,93.076104313918,93.189830522839,5543052.980215
2018-09-18,93.189830522839,93.969927942711,93.051535161236,93.728313393192,5423031.738561
2018-09-19,93.66973366671,93.867788932435,93.499573508834,93.60171251911,4186601.9737686
2018-09-20,93.871973198612,94.567956139433,93.813500761006,94.508303524188,5083127.7103925
2018-09-21,94.390520651591,94.479649270776,94.072585828957,94.270827541893,8579136.7122489
2018-09-24,94.208309265846,94.648181443984,94.077929271354,94.458489238883,5392621.2176722
2018-09-25,94.591968429965,94.730897932292,94.072585828957,94.16908839865,5215945.6921761
2018-09-26,94.352475341722,95.119793669961,94.179668414597,94.380047504492,10880503.720074
2018-09-27,94.510427498984,95.119793669961,94.400138847906,94.860209238305,7168811.9353761
2018-09-28,94.669341475877,95.209990977626,94.629051920202,95.149503209689,5995813.4347115
2018-10-01,95.507727587998,96.058957105694,95.341439660597,95.621222304515,7307132.3661482
2018-10-02,95.621222304515,95.701694547017,95.330752775803,95.507727587998,5572670.5272667
2018-10-03,95.829937164549,95.999644895085,95.180281437897,95.330752775803,6367825.9648606
2018-10-04,95.258723172288,95.293776154414,93.913564983216,94.400138847906,10976849.03107
2018-10-05,94.479649270776,94.969322332056,93.699506680784,94.289850196827,12291089.83313
2018-10-08,94.16908839865,94.519938826451,93.459906723693,94.24966751,11924047.407744
2018-10-09,93.999487536963,94.741371079391,93.710086696731,94.408688355741,7463875.5827389
2018-10-10,94.400138847906,94.510427498984,92.119130157387,92.178549236844,22549315.30364
2018-10-11,91.929437952286,92.140397058128,89.03906309079,89.69299357136,46582161.593138
2018-10-12,90.772048329052,91.410162220126,90.01947790183,91.069784939424,20797355.261831
2018-10-15,90.919313601519,91.318896223982,90.37032832963,90.439151867706,13909712.757259
2018-10-16,91.139784034827,93.078384936533,91.129204018881,92.918402271161,13505912.501263
2018-10-17,92.860051880183,93.639125781696,92.392714408124,93.407968463593,14232285.575969
2018-10-18,93.358167580451,93.368854465245,91.610434441173,92.351249295122,14455854.436147
2018-10-19,92.509201452383,92.830342340455,91.389857139017,91.50976398641,11318604.114403
2018-10-22,91.500145790095,91.669746651782,90.340618789901,90.761361444257,8288278.9735858
2018-10-23,89.599697067105,90.709423184157,88.881110933529,90.270619694498,15424487.097197
2018-10-24,90.230330138823,90.750781428311,87.180934431587,87.290047525338,17432151.858793
2018-10-25,87.279467509391,89.029444894475,86.270411847103,88.41997185465,15725061.447277
2018-10-26,87.600715266311,88.218524076276,86.348853581494,87.418397011718,25507931.493684
2018-10-29,88.430658739445,89.080314466097,86.410303169062,87.640897953138,14024311.976177
2018-10-30,87.651584837932,88.71888402235,87.200063955369,88.58113007735,15432051.694765
2018-10-31,89.28913619498,89.650566638727,88.631999648971,88.698685810089,13460679.641976
2018-11-01,88.999735354747,89.970745707167,88.968957126539,89.819098811934,9668636.8868355
2018-11-02,90.689331840743,90.839803178648,88.670151827687,89.260495343731,12952987.403004
2018-11-05,89.380295322276,90.4498387525,89.380295322276,90.049187441558,7783768.054519
2018-11-06,89.931417971124,90.604584844323,89.797831911193,90.5122501597,7980944.7904337
2018-11-07,91.34860576371,93.25215368329,91.291324061212,93.16847537535,13310810.416141
2018-11-08,93.001011890622,93.554378785276,92.870738764978,93.220413635451,7345595.9578442
2018-11-09,93.109163164741,93.262840568085,92.498621436436,92.950142319,8486523.6970843
2018-11-12,92.809182308562,92.950142319,91.480054446681,91.689837995196,8423548.2808192
2018-11-13,91.999330178842,92.366210933834,90.78252147615,91.051830972969,14226951.298762
2018-11-14,91.610434441173,91.61994576864,89.891235284297,90.32042057764,11664016.017411
2018-11-15,89.682306686566,91.229874473644,88.830241361908,91.118517134086,15563866.081034
2018-11-16,90.960564976825,92.478423224175,90.908626716724,92.041757111475,11323185.51697
2018-11-19,92.129710173333,92.18912925279,90.469930095914,90.868444029897,8820958.5368988
2018-11-20,90.300329234227,90.97018317314,89.808518795988,90.01947790183,11604319.0966
2018-11-21,90.309840561694,90.32042057764,89.484171842478,89.509606628288,9345116.8423884
2018-11-23,89.029444894475,90.180529255681,88.979644011334,89.63998662278,3939469.3839316
2018-11-26,90.361778821794,90.750781428311,89.980150165786,90.5122501597,7141245.2134609
2018-11-27,90.211307483889,91.449276218473,89.880548399502,91.449276218473,9261960.9893607
2018-11-28,91.720616223403,93.678346648891,91.70052487999,93.648637109163,11870392.353086
2018-11-29,93.428273544702,94.505084056587,93.299924058321,93.959197981288,8796009.8940866
2018-11-30,93.902023147638,95.870333589072,93.801352692875,95.870333589072,15875943.940486
2018-12-03,95.808777132657,95.808777132657,94.860209238305,95.411331887152,12158135.756931
2018-12-04,95.392309232218,95.921203160694,93.109163164741,93.281863223019,15011335.345681
2018-12-06,92.119130157387,92.928875418259,90.13382756913,92.928875418259,18492882.410255
2018-12-07,92.671428363562,92.799564112247,90.108392783319,90.559913665883,14930857.009228
2018-12-10,90.609821417873,91.251034505537,88.652090992385,90.908626716724,15372050.982432
2018-12-11,91.669746651782,92.280288380087,90.540891010949,91.190653606449,13632326.56869
2018-12-12,92.198640580257,93.16847537535,91.910415297352,91.969620639113,12581031.47997
2018-12-13,92.218731923671,92.724328443294,91.438589333679,92.063024012216,11567207.471518
2018-12-14,91.159875378241,91.240454489591,88.69238054806,88.9606213564,19422739.197021
2018-12-17,88.038343198642,88.779264921438,86.590590915544,87.191514447533,22089534.383983
2018-12-18,87.939810120838,88.099899655058,85.598420531231,86.429432692844,24712567.553214
2018-12-19,86.599995374163,87.640897953138,84.529945789486,85.30164574049,23075642.605116
2018-12-20,84.909437068535,85.260287496336,83.500798783784,84.099584938815,25321706.347762
2018-12-21,83.849377697594,85.270800622599,82.509446424454,82.679344816133,28909163.733846
2018-12-24,82.131669850343,82.440827474777,80.65024523911,80.699821100426,14235526.848715
2018-12-26,80.999510373665,84.299922274153,80.609073869304,84.219813639879,20575131.310192
2018-12-27,83.23010497501,85.200053953553,82.100073217701,85.149414232551,14045706.113511
2018-12-28,85.700280777396,86.438812170659,84.901428539999,85.249736200838,15770635.430812
2018-12-31,85.7296433047,86.591795193349,85.669641618471,86.510516313422,10163086.454318
2019-01-02,85.179947005508,85.829965272986,84.271517220566,85.200053953553,14179947.924285
2019-01-03,85.320376483916,85.499743226791,83.250105537086,83.468515930398,17668045.738394
2019-01-04,84.449820103756,86.428279959778,84.409712593635,85.95869229486,16262554.971908
2019-01-07,85.989331453786,87.099362649018,85.7296433047,86.291042060425,12387246.134334
2019-01-08,86.981167838025,87.251281812023,85.999863664666,86.959997030295,13370996.129508
2019-01-09,87.338837464091,87.85906485001,87.090851771539,87.349369674971,11259669.892419
2019-01-10,86.959997030295,87.580546384502,86.521154910271,87.521395786021,10396766.432834
2019-01-11,87.10978847393,87.834808849194,86.950528679099,87.808425129009,7187901.4415704
2019-01-14,87.280857111263,87.319794375731,86.83137639439,86.841802219302,5448972.1946649
2019-01-15,86.959997030295,88.419293360082,86.943188047274,88.400356657691,10540620.163866
2019-01-16,88.519508942401,88.894093937457,88.180882404695,88.242054336577,8288921.223463
2019-01-17,88.000451802134,89.387937603191,87.930768992773,89.020693239961,8731629.6662174
2019-01-18,89.678052139265,90.130724435193,89.010267415048,90.081148573876,13367510.36312
2019-01-22,89.449109535073,89.620071786437,88.839305163684,89.459748131922,12244516.416063
2019-01-23,89.630603997318,90.049445555266,88.589085365794,89.561027573925,7722861.3836285
2019-01-24,89.470173956834,89.551452836761,88.389718060842,88.809729864443,11306955.194865
2019-01-25,89.250699703838,89.250699703838,88.659938420808,88.919413797957,7241933.6637866
2019-01-28,88.308545566884,88.400356657691,87.485437328671,87.909704571012,7113846.4389085
2019-01-29,87.909704571012,88.404505710462,87.658633685374,88.340142199525,11099240.290229
2019-01-30,88.670364245721,89.801566248683,88.450996378693,89.551452836761,11706826.999509
2019-01-31,89.449109535073,90.88095828499,89.353149391494,90.668931049788,13410060.785502
2019-02-01,90.779678842986,90.960109445547,90.130724435193,90.750103543746,9386491.2528673
2019-02-04,90.759571894942,90.759571894942,89.718266035354,90.489564306912,9308907.8357785
2019-02-05,90.640419610232,91.151072258988,90.340730336994,90.361901144723,8921434.2899403
2019-02-06,90.199343384869,90.810318001912,90.091787170725,90.770210491791,6135904.1589121
2019-02-07,90.179236436825,90.330198126113,89.292934933328,89.769863230072,9511820.5712225
2019-02-08,89.418470376147,89.951357692318,89.292934933328,89.940825481437,7284173.2293509
2019-02-11,90.141363032042,90.199343384869,89.581028136001,89.831141547923,5017408.1583696
2019-02-12,90.219450332914,91.109900889182,90.060084152115,91.05926116818,9093317.2599392
2019-02-13,91.238627911055,91.52874244713,90.850319126064,91.259798718785,6435570.1311108
2019-02-14,91.028622009255,91.880135301055,90.899894987381,91.469804620586,6938643.5560065
2019-02-15,92.159824012217,92.901653370503,91.469804620586,92.851971123217,8234222.7441041
2019-02-19,92.600900237579,92.988038776917,92.59026164073,92.630369150851,6284090.9307059
2019-02-20,92.399405213258,92.63888002833,92.053225271789,92.519621357652,6959916.3978621
2019-02-21,92.190356785174,92.251635103024,91.299799842938,91.709279435658,8368477.8231564
2019-02-22,91.890773897904,92.633560729906,91.778855859051,92.551324376263,6488091.6650121
2019-02-25,93.018677935842,93.237088329154,92.613453781861,92.678987538451,7652584.0494883
2019-02-26,92.470045496336,92.718988662604,92.24206036586,92.348659106288,7288017.2392665
2019-02-27,92.038437622169,92.359191317168,91.611085186741,91.920349197144,9827558.219987
2019-02-28,91.750450805464,92.251635103024,91.550019640828,91.652256556547,9464106.8929188
2019-03-01,92.220995944099,93.081020113378,92.140780923857,92.949101512449,10795155.033456
2019-03-04,93.279323558645,93.449221950324,91.05926116818,91.688108627929,15208818.596992
2019-03-05,91.73034385742,91.968861198776,91.170115347347,91.642788205352,13591690.254015
2019-03-06,91.652256556547,91.769387507856,90.049445555266,90.299558967188,11662385.847398
2019-03-07,90.169874471597,90.361901144723,89.282402722448,89.59166673285,14431011.243499
2019-03-08,89.109419137682,89.443790236648,88.629299261883,89.398469814071,11531178.681534
2019-03-11,89.639114874797,90.49679855277,89.378469251995,90.419881497551,9694373.1328471
2019-03-12,90.648824101743,91.290331491742,90.520203465837,91.080325589941,8981596.4569628
2019-03-13,91.350439563939,92.309615455852,91.285118579286,92.058438184245,10098310.71721
2019-03-14,92.028969270973,92.149291801336,91.582573747186,91.91077445998,9283753.0746395
2019-03-15,91.729548241091,92.140480845539,91.409981100928,91.988063748506,10219429.522101
2019-03-18,92.080701121807,92.168886813553,91.520319208029,91.85037959757,7183528.8967388
2019-03-19,92.168886813553,92.839606834433,91.840946272371,92.578971478658,11308844.574386
2019-03-20,92.470647227498,92.578971478658,91.580310916597,91.940791130094,11123700.272609
2019-03-21,91.170226251492,92.439061486945,91.040915501575,92.29925748765,7398197.2423236
2019-03-22,91.900831988521,92.24043169568,90.598397156574,90.619383655331,12162588.562937
2019-03-25,90.780280145801,90.860198428946,89.920363658855,90.56893126438,9893339.9445949
2019-03-26,91.099847285964,91.769401390245,90.554304310701,91.18909290189,8107248.0177602
2019-03-27,91.078860787207,91.292223524569,89.800486234137,90.430187189264,10817459.543188
2019-03-28,90.699301938476,90.909590895718,90.190432339828,90.660508713501,6726871.264042
2019-03-29,91.199692143686,91.829393098813,91.000002428241,91.749474815668,10120891.111499
2019-04-01,92.309856729446,92.444361107843,91.680155774319,91.891398663322,9082045.6275616
2019-04-02,91.911431230318,92.049115381254,91.50982595865,91.680155774319,7002204.8275846
2019-04-03,92.090028454588,92.140480845539,91.286923903671,91.561338273781,7398696.6502237
2019-04-04,91.641150564508,91.749474815668,90.839105937771,91.368962035176,9212386.3332501
2019-04-05,91.590698173557,92.158499556593,91.529858525646,91.998662990303,6262047.1231104
2019-04-08,91.931357804895,92.070101880011,91.330062817783,91.978736415725,5961216.170316
2019-04-09,91.659169275562,91.938671281735,91.409981100928,91.73898156629,7207593.6987569
2019-04-10,91.85037959757,92.01964948906,91.610730740553,91.769401390245,5433511.3428561
2019-04-11,91.969197098108,92.01964948906,90.244064503319,90.640370154088,8534189.4535149
2019-04-12,90.989403186445,91.020988926998,89.658562386483,89.810025551754,11659326.184993
2019-04-15,89.920363658855,90.235797094717,89.745794146467,90.169445841072,7921956.2717454
2019-04-16,90.920084145096,91.030422252197,88.164705247691,88.319242193084,14857098.703984
2019-04-17,88.621002607028,88.641989105785,85.330679976157,85.779557866237,34381754.963611
2019-04-18,86.040193222011,86.450171894698,84.648300789302,85.919255873114,35300881.434456
2019-04-22,85.779557866237,86.465964764975,85.511397048786,85.970768188245,18717732.950787
2019-04-23,85.940242371871,87.785252391378,85.789945123197,87.32800110028,30503354.16185
2019-04-24,87.358526916653,87.538184065103,86.840118000389,87.230276090916,14612816.896797
2019-04-25,87.038853784073,88.39078707521,86.677207653978,88.131105651197,16166445.385495
2019-04-26,88.249923151735,89.039354680734,88.059666761489,89.009994780958,11322006.112877
2019-04-29,89.039354680734,89.196011474486,88.469645434175,88.850158214668,13264357.539794
2019-04-30,89.109839638681,89.429406778844,88.480138683554,89.261302803952,11750851.006172
2019-05-01,89.378954387892,89.730107268609,88.600016108271,89.099346389302,25596448.949074
2019-05-02,89.009994780958,89.56497108142,88.500065258131,89.479859169795,18927528.977773
2019-05-03,89.730107268609,90.190432339828,89.580763951697,90.159058584111,13623976.888095
2019-05-06,88.850158214668,90.84959918715,88.699860965994,90.619383655331,25168306.0806
2019-05-07,89.920363658855,90.358748299556,88.361321183015,88.879624106862,18011732.844182
2019-05-08,88.839664965289,89.479859169795,88.340228691841,89.068820572928,13783307.984576
2019-05-09,88.280448968109,89.165485658112,87.855737349325,88.879624106862,15692261.864887
2019-05-10,88.589416866475,89.140259462636,87.008433960117,88.910149923236,17771754.506214
2019-05-13,87.400499914167,88.862771312405,86.901169633137,87.239603423697,17436308.40279
2019-05-14,87.639088847005,88.289776300889,87.470878879696,87.681167836937,13147142.224976
2019-05-15,87.21967684912,88.239323909938,86.829730743429,87.94084926095,10587731.909094
2019-05-16,88.131105651197,89.388387713091,88.070160010867,88.631495856407,15123987.04212
2019-05-17,87.900890119378,89.140259462636,87.900890119378,88.439119617801,13354086.395037
2019-05-20,88.059666761489,88.679934391417,87.749532946524,88.400220400408,10757386.004687
2019-05-21,88.900610605619,89.611289768071,88.839664965289,89.230776987578,11690592.924558
2019-05-22,88.971095563565,89.940290233432,88.89011735624,89.740494525569,9021899.79382
2019-05-23,89.29055671131,89.429406778844,88.679934391417,89.429406778844,13545415.744752
2019-05-24,89.740494525569,90.099066875543,89.33899524632,89.560837377119,9986447.6510028
2019-05-28,89.637469895308,90.180045082868,88.269849726312,88.280448968109,20795949.010396
2019-05-29,87.850437728427,87.863050826164,86.819131501632,87.432085654721,16302652.469318
2019-05-30,87.60029562203,88.049067519692,87.504584468609,87.911383368756,12457685.361784
2019-05-31,87.337328433061,87.691661086316,86.77079895904,87.280728481868,10712976.751694
2019-06-03,87.358526916653,88.239323909938,87.309134449882,87.488791598332,19370991.778119
2019-06-04,88.220457259541,89.088747147506,88.11011915244,88.941629671371,15837153.889909
2019-06-05,89.590197276896,89.819352884535,88.972155487745,89.611289768071,24291849.972
2019-06-06,89.751093767366,90.430187189264,89.535611181644,90.068541059169,18840935.452889
2019-06-07,90.358748299556,91.22915803588,90.328222483182,91.01049567762,9302689.7453923
2019-06-10,91.292223524569,91.576071219878,90.95060996147,91.281730275191,8552839.7226415
2019-06-11,91.729548241091,91.95870384873,90.90217142646,91.129313178158,8317910.6363587
2019-06-12,91.149239752735,91.600237491174,91.060948068571,91.57077159898,5799155.9285658
2019-06-13,91.729548241091,91.729548241091,91.099847285964,91.459373567699,9031760.483903
2019-06-14,91.499332709272,91.769401390245,91.174465948211,91.250144534637,5056270.98133
2019-06-17,91.338436218802,91.718948999294,91.210291385483,91.659169275562,4861480.9726798
2019-06-18,92.119494346782,92.761914392065,91.940791130094,92.439061486945,7979935.1508266
2019-06-19,92.46015397812,93.479907031356,92.398148413611,93.270677998294,6988097.7434701
2019-06-20,94.040076960298,94.329224276506,93.139247400018,93.678536822622,9241300.6237925
2019-06-21,93.191578234098,93.911782141316,92.659974031188,93.728670508986,9026070.0756725
2019-06-24,93.610360341929,93.669990354763,93.063875020773,93.239809943594,6493609.3674104
2019-06-25,93.309993941,93.739118953712,92.768785612129,92.859866498989,14930608.188652
2019-06-26,92.989574969383,93.000128953956,91.501146525143,91.689640689606,10498430.086105
2019-06-27,92.008793183074,92.508102193192,91.831908401641,92.331217411759,7416201.4484711
2019-06-28,92.372061332054,92.715382450193,91.841406987756,92.640976858958,9390622.9605383
2019-07-01,93.369623953834,93.411523272586,92.719498504176,93.099547488627,7833409.38225
2019-07-02,93.182290727674,93.599911897203,92.649420046616,93.599911897203,7952579.4406988
2019-07-03,93.810358349576,94.42058973755,93.799804365003,94.400642706708,4066047.9640969
2019-07-05,93.99980237265,94.231145714476,93.540176344523,93.749567398439,5934271.874656
2019-07-08,93.390520843287,93.420916318856,92.620079969505,93.049310522063,15201989.427557
2019-07-09,92.710210997753,93.239809943594,92.69965701318,93.140285869076,5537338.9577154
2019-07-10,93.349676922992,93.709884416447,93.069152013059,93.458594043779,5347278.4679188
2019-07-11,94.109563812202,94.1515686708,92.850367912874,93.479490933232,13691693.172547
2019-07-12,93.171736743102,93.191578234098,91.795286075175,92.440134532546,11508183.817794
2019-07-15,92.489316100653,92.859866498989,92.180506512066,92.640976858958,5811266.1571295
2019-07-16,92.570898401398,92.69965701318,92.116654905403,92.180506512066,9092556.4252399
2019-07-17,92.372061332054,92.680870920642,92.188949699724,92.198237206148,9567033.6628118
2019-07-18,92.188949699724,92.870314943715,91.73987765617,92.719498504176,6561567.8840112
2019-07-19,92.931000355007,92.967622681473,91.68014210349,91.759719147166,8105933.1985545
2019-07-22,91.861248478752,91.918767694671,91.490698080417,91.569219725635,5192694.242095
2019-07-23,91.699983594486,92.27886964828,91.31909029127,92.140717990228,6688590.7737474
2019-07-24,91.998344738347,92.198237206148,91.171334507257,92.188949699724,5430542.3628718
2019-07-25,91.938714725513,92.289423632853,91.541990445438,91.73987765617,6618662.3619988
2019-07-26,92.060085548095,92.238131267831,91.718769687025,92.070533992822,3812447.3694641
2019-07-29,92.121826357844,92.518550637919,91.970060059693,92.449527578815,5887534.1538443
2019-07-30,91.73987765617,92.091536422121,91.359828671719,92.049637103369,7959158.8140657
2019-07-31,91.94916317024,92.331217411759,90.582105548582,91.140094712923,8557586.5927832
2019-08-01,91.150437617804,92.232854275545,90.709808761908,91.25935473859,16422520.984724
2019-08-02,91.130596126808,91.411121036741,90.457568530628,91.048908286217,15956788.858781
2019-08-05,90.021055728715,90.374825291581,88.189200626491,88.91035439232,17626233.917216
2019-08-06,89.360481834331,90.079630343092,88.870671410328,90.059788852096,10135861.426371
2019-08-07,89.330086358763,90.339258363572,88.199649071217,90.089128929207,12452460.030796
2019-08-08,90.36965383914,91.379670162715,90.044063415083,91.289750214159,12034821.242162
2019-08-09,91.130596126808,91.974281653522,90.610390227236,91.400672592014,7253064.1328035
2019-08-12,91.05946227079,91.400672592014,90.156041191396,90.529757785103,6244809.3174513
2019-08-13,90.480576216996,92.171007925951,90.40099917332,91.689640689606,12260612.114316
2019-08-14,90.7494917439,90.96838138393,89.09051090897,89.140747875535,16426117.810733
2019-08-15,89.519635921682,89.789712386889,88.870671410328,89.450612862579,12320667.167019
2019-08-16,90.059788852096,90.786219610211,90.000158839262,90.549599276099,10252415.785055
2019-08-19,91.25935473859,91.649746627922,91.109699237354,91.419564224399,6427436.3668287
2019-08-20,91.449854160121,91.639403723041,90.569546306941,90.640785702804,4709026.7080523
2019-08-21,91.268853324705,91.531542000712,91.038459841491,91.308536306698,5687078.6935809
2019-08-22,91.48024963569,91.689640689606,90.502528504906,90.860519661601,6486942.1034743
2019-08-23,90.699254777335,91.038459841491,88.320070035188,88.760698891084,9822735.9884469
2019-08-26,89.470454353575,89.760372309778,89.09990395524,89.68923845376,8915621.2455476
2019-08-27,90.2398398289,90.549599276099,89.104125549069,89.160589366531,8251963.3792023
2019-08-28,88.850829919332,90.000158839262,88.718905112177,89.810609276342,5691501.8820066
2019-08-29,90.488913864808,90.7494917439,89.911083209471,90.488913864808,4360325.651599
2019-08-30,90.91286742508,91.09080760497,90.205222759503,90.599836242664,4784135.8867195
2019-09-03,90.069181898365,90.499362309535,89.749923865051,90.069181898365,6437819.8733082
2019-09-04,90.6606271938,90.709808761908,89.710135343214,90.129867309656,9319311.227658
2019-09-05,90.902418980353,91.215450162769,90.422001602619,91.019673748952,7897420.465897
2019-09-06,91.210173170483,91.527320406883,91.080359160243,91.268853324705,13166441.935308
2019-09-09,91.349380226993,91.379670162715,90.099577373934,90.430339250431,10675897.385874
2019-09-10,89.968707965236,90.699254777335,89.019271513107,90.689967270911,8770747.0169507
2019-09-11,90.839622772148,91.619351152354,90.620838671963,91.589061216631,8124289.9081879
2019-09-12,91.998344738347,92.380398979866,91.510539571413,91.560882077823,9344700.1381559
2019-09-13,91.669588118918,92.248474172712,91.31909029127,91.510539571413,6350962.9736751
2019-09-16,91.009225304225,91.541990445438,90.902418980353,91.308536306698,6668085.521831
2019-09-17,91.25935473859,91.699983594486,91.130596126808,91.449854160121,3963154.8569224
2019-09-18,91.449854160121,91.560882077823,90.789385805583,91.439405715395,5397833.696495
2019-09-19,91.551383491708,92.27886964828,91.379670162715,91.871696923479,5084444.5868635
2019-09-20,91.701265891045,92.428896060622,91.690755560703,92.000389892578,9000207.305589
2019-09-23,91.73153564243,92.058722225976,91.481284676986,91.510503395337,4329099.2775068
2019-09-24,91.84925134226,91.90979084503,90.348060859511,90.669256554763,10615768.621758
2019-09-25,90.679661781802,90.759960705615,90.10001706344,90.230345159681,8131898.6416301
2019-09-26,90.532622260317,90.559738912599,89.039840041842,89.729948332098,10183820.680255
2019-09-27,90.0311743997,90.159505533176,89.00137223279,89.329714952675,10017316.861889
2019-09-30,89.450688854911,90.679661781802,89.390149352141,90.129235781791,8306827.9937157
2019-10-01,90.369081520195,90.570249242941,89.070109793227,89.250467061896,13618965.362063
2019-10-02,88.970051448371,89.149357684006,87.559670219778,87.950549405197,13505857.152532
2019-10-03,87.829680606264,88.770985791694,87.200006715474,88.740716040309,12830411.958033
2019-10-04,89.00137223279,90.180315987253,88.943985829123,90.129235781791,9313630.82859
2019-10-07,89.760218083483,90.419110692623,89.624739925375,89.830006676954,8343460.7907285
2019-10-08,89.080620123569,89.119087932621,88.099585889446,88.119450413793,10688156.456094
2019-10-09,88.659471186765,89.022182686868,88.359191048894,88.760580564655,7355855.4716009
2019-10-10,88.500975405208,89.50996711804,88.420676481395,89.199386856434,8236078.6441335
2019-10-11,90.051038924046,90.994446175545,89.900005477032,89.939524319118,10825811.239328
2019-10-14,89.880035849382,90.339862801845,89.758116017415,89.900005477032,5919185.4173732
2019-10-15,90.889237768821,91.853455474397,90.829749299086,91.53856597735,12622404.975501
2019-10-16,91.470774346644,91.888770184346,91.269606623898,91.420745174216,7856920.0337333
2019-10-17,91.722076345122,92.359948293578,91.680350333664,92.0993972044,7537105.6527518
2019-10-18,91.838741011918,92.235926395542,91.348854514677,91.760649257477,6784974.9589879
2019-10-21,92.139021149789,92.279859576372,91.476029511815,91.659539879587,4952132.1458848
2019-10-22,92.359948293578,92.953151338081,91.817930557841,91.858710639568,8746301.6453441
2019-10-23,92.020149313621,92.699852376838,91.828440888183,92.428896060622,5549277.3388712
2019-10-24,92.589388804944,92.6894471498,91.629270128202,91.960765947189,6984396.2046639
2019-10-25,91.722076345122,92.30592519562,91.481284676986,92.05977325901,5536897.5696971
2019-10-28,92.300670030449,93.199198171387,92.220371106636,93.010537741748,6937897.0050198
2019-10-29,93.229362819469,94.47925130374,93.000132514709,94.33021481949,13768396.514641
2019-10-30,94.361535603909,94.900400240544,93.989364806499,94.860776295155,10179741.735775
2019-10-31,94.681575162823,94.805597060859,94.136404327984,94.748210657192,9675233.2858984
2019-11-01,95.260063744847,95.669756421579,94.850371068116,94.871181522193,14670801.585865
2019-11-04,95.310092917275,95.358020023635,94.539685703206,94.579414751899,9878199.1458395
2019-11-05,94.718991938841,94.727400203114,93.698438862632,93.908014849652,13273753.508096
2019-11-06,93.999770033537,94.411564776337,93.708949192974,94.2291054416,13130202.865788
2019-11-07,94.589714875634,94.737805430153,94.154061682958,94.437630395585,7827917.5105687
2019-11-08,94.382346057986,95.150651205987,94.26967531672,95.130891784944,7756856.3884191
2019-11-11,94.769021111269,94.969242904284,94.47925130374,94.737805430153,6092506.0230112
2019-11-12,94.889995013505,95.648945967501,94.758720987534,95.310092917275,13801645.859823
2019-11-13,95.049541828097,95.648945967501,94.900400240544,95.42055648917,6575150.1025647
2019-11-14,95.399746035092,95.569698076723,94.850371068116,95.430961716208,6498792.6839712
2019-11-15,95.760355469127,97.631614683217,95.669756421579,97.460611608553,11338576.386088
2019-11-18,97.368856424667,97.925588622883,97.011400089735,97.129115789566,11251369.282151
2019-11-19,97.471016835591,97.92979275502,97.219819940417,97.791056394505,10025766.378115
2019-11-20,97.631614683217,97.969311597106,97.073831451967,97.657680302465,12305823.436218
2019-11-21,97.720216768,97.979821927448,97.050918931821,97.910874160404,9122427.9077893
2019-11-22,98.079880272304,98.396766732115,97.870304285284,98.258030371601,6141822.6873639
2019-11-25,98.66152195343,99.430773031161,98.510278299809,99.411013610119,11727070.906105
2019-11-26,99.400503279777,99.558999061334,99.000375003656,99.328612620237,11073599.442152
2019-11-27,99.470502079854,99.99065832848,99.375488693563,99.838468745128,6333096.59638
2019-11-29,99.57886358568,99.809250026777,99.29214177395,99.489210467863,2391997.7992833
2019-12-02,99.690378190609,99.71959690896,98.729208480833,99.050404176084,6684758.7849408
2019-12-03,98.298705350024,98.907463683433,98.029851099876,98.828215792654,7820107.8475817
2019-12-04,99.229605308416,99.880089653282,99.12954696356,99.749761557041,6237740.2371826
2019-12-05,99.809250026777,99.900900107359,98.909565749501,99.749761557041,7390351.9070523
2019-12-06,100.27307090477,100.75055521221,100.20223127826,100.41285829832,5658524.3650691
2019-12-09,100.45447920647,100.47528966055,99.710242714955,99.710242714955,5328659.3958167
2019-12-10,99.690378190609,100.01977194353,99.295294873053,99.93011882571,6027927.851662
2019-12-11,100.00936671649,100.27307090477,99.818604220781,100.01977194353,6064339.0503271
2019-12-12,100.07085214899,101.27806869207,100.01977194353,100.95067190192,9769052.8461638
2019-12-13,100.84956252403,101.46662401841,100.47528966055,100.87983227541,6433170.7939966
2019-12-16,101.46662401841,102.32868131306,101.46662401841,101.96281671385,7730255.9529733
2019-12-17,102.0962979092,102.23598019944,101.72213014902,101.862758369,4643724.8036674
2019-12-18,101.90143638466,102.18805309308,101.79296977553,101.99413749827,5202934.4699594
2019-12-19,102.19845832012,102.50283748683,102.0348124767,102.39027184886,6637189.9655656
2019-12-20,102.26730098386,102.93334061763,102.26730098386,102.69664797833,8586531.1551329
2019-12-23,102.94385094798,103.22626352427,102.67583752426,103.12305208031,4770885.8019347
2019-12-24,103.12305208031,103.24707397834,102.72796876275,102.98547185613,2071791.064517
2019-12-26,103.12305208031,103.23677385461,102.5757791794,102.91253016356,2910075.5505906
2019-12-27,103.14281150135,103.15332183169,102.70715830867,102.94385094798,3605003.1729985
2019-12-30,102.27382588475,102.49227089978,101.50227224418,101.65242708721,5665146.222509
2019-12-31,101.43178926849,101.94856000434,101.2692085379,101.85635783021,4746946.4767443
2020-01-02,102.17128620752,102.29450089095,101.3913790291,102.12972735667,6236521.4058133
2020-01-03,100.94707523419,101.81605201004,100.44690715484,101.2381960286,8247451.3258373
2020-01-06,100.77927354243,101.89781226184,100.75034941759,101.86679975253,6441759.3639315
2020-01-07,101.58100433851,101.75496676444,101.10036265391,101.66266017109,6336491.3028171
2020-01-08,101.71340791359,102.8050064734,101.67310209341,102.33898348005,7494732.5472871
2020-01-09,102.64660251173,103.05676122064,102.43118565418,102.78433146719,6661045.6161347
2020-01-10,103.1603450901,103.32595397817,102.62686727854,102.81544839572,9300436.0962113
2020-01-13,102.98116170301,103.00183670921,102.0800238064,102.45186066038,7621781.3060218
2020-01-14,102.12972735667,103.08777372995,101.94856000434,103.06699430452,7295066.013794
2020-01-15,103.1810200963,104.20631244935,103.09811123305,103.9370152726,7521759.2674356
2020-01-16,104.37160807975,104.54870308237,103.94745719493,104.48605154843,5480265.6899318
2020-01-17,104.21664995245,104.64059199883,104.21664995245,104.48605154843,6533426.1967496
2020-01-21,104.23742937788,104.83794433076,104.19587052703,104.58942657944,6644776.4768785
2020-01-22,104.82750240844,105.08646208209,104.57898465711,104.72412737743,9431511.3437997
2020-01-23,104.54870308237,104.69280161045,103.48132978236,104.1854286047,8522609.2146235
2020-01-24,104.3103139957,104.36127057665,102.20229871682,102.47149147435,15962809.391524
2020-01-27,101.21741660317,102.06979072252,101.07968764771,101.67310209341,11762476.64001
2020-01-28,101.97654435617,102.58551726613,101.69377709962,102.1815192914,8079946.4927625
2020-01-29,102.28416338785,102.64660251173,101.87713725564,101.89781226184,6436018.9619564
2020-01-30,101.15006620418,101.21741660317,100.29361973512,101.1605081265,10989546.239232
2020-01-31,100.76068692069,100.83524224609,98.810553507361,99.14093592971,14476688.359489
2020-02-03,99.83072931847,100.76068692069,99.83072931847,100.04301359933,11851774.893175
2020-02-04,101.279546041,102.21263621992,101.2692085379,101.79527258461,9575110.226984
2020-02-05,102.28416338785,104.102310903,102.27382588475,103.75062695911,14131008.015085
2020-02-06,104.22709187478,104.22709187478,103.39852533832,103.84376890624,6166480.7770382
2020-02-07,103.85410640934,103.9370152726,102.89825283975,103.04318672162,6057198.7796731
2020-02-10,102.66738193716,103.59525115492,102.58551726613,103.59525115492,4010061.3586799
2020-02-11,103.9370152726,104.28943015105,103.72984753368,104.19587052703,10277108.764164
2020-02-12,104.58942657944,104.83794433076,103.90589834407,104.33109342113,4705691.8637273
2020-02-13,103.9370152726,104.26865072563,103.63660116732,103.84376890624,4778509.5145513
2020-02-14,103.9370152726,103.97836528501,103.41920034453,103.9163402664,5114243.3693437
2020-02-18,103.9163402664,104.04091239973,103.22237010871,103.56413422639,8409262.1050102
2020-02-19,103.82309390004,104.1750911016,103.71951003058,104.0201329743,6427862.666669
2020-02-20,103.79197697151,103.88522333787,102.44152315728,103.3674084098,8080942.0107501
2020-02-21,102.98116170301,103.53301729786,102.61663419466,103.42953784763,6510862.4098104
2020-02-24,100.92640022799,101.60167934471,99.689763367088,100.17353762839,16284582.820454
2020-02-25,100.52553482995,100.75034941759,96.79004153756,97.129717270777,20301851.304507
2020-02-26,97.669251397287,98.819951237453,96.910123644292,97.119379767676,13721648.314943
2020-02-27,96.07132402396,97.340017586394,93.800101499146,93.817748347875,22047899.089794
2020-02-28,91.350844198699,92.662036384993,89.979715378262,92.610244450263,27751749.815711
2020-03-02,92.640317186558,97.100793145938,92.320272267311,96.950638302911,22359391.93675
2020-03-03,97.189862743367,98.889285601688,93.269860683506,94.540538211181,33385474.941388
2020-03-04,97.379279214334,100.15484658742,97.181509205507,99.991221664598,26419021.594066
2020-03-05,97.849478976609,99.188655514733,96.560110407973,97.669251397287,17873011.430432
2020-03-06,94.987974582788,97.500509932522,94.60068368377,97.15039227698,17917672.626824
2020-03-09,91.392298630327,94.280638764523,90.008639503101,92.099634448593,21968481.666471
2020-03-10,94.759192064657,95.419956909355,90.939745716781,95.259360144003,26473551.067698
2020-03-11,93.009961236847,93.670726081545,90.449810721313,91.620141375449,23217955.230573
2020-03-12,86.009069995126,89.729109242472,82.89998762299,84.779742479856,20650835.880292
2020-03-13,88.719270934465,90.901319442627,84.160432066787,90.659066844697,29162789.866018
2020-03-16,82.518857458144,87.050860585447,80.670219529805,81.720468077208,21474781.025822
2020-03-17,83.408509240196,87.549984472561,82.349071801147,86.851002192155,27899727.626223
2020-03-18,82.398775351411,85.300585565405,79.919445314669,83.969866984364,28931011.842519
2020-03-19,83.030511652047,84.258794975084,81.330044601493,82.250604473626,27121077.100752
2020-03-20,82.961072868589,83.810314411245,78.639370056902,79.088894812974,22004957.60003
2020-03-23,78.197717218064,78.311088357168,73.539212941236,74.619304251817,33633216.315142
2020-03-24,78.149292881838,80.529982888131,77.571110463898,80.370369625379,16775767.016693
2020-03-25,79.839468479933,84.088859856073,78.870773925648,81.440069447499,16851812.022723
2020-03-26,82.169759767193,87.308558640664,82.00900344071,86.849878340019,18822472.629931
2020-03-27,84.338255579124,87.229167668826,84.28151805213,84.989594075826,13043205.474585
2020-03-30,86.520156411168,89.140058481822,86.509764922708,88.969949815724,13766707.607224
2020-03-31,89.049340787562,89.531609767012,87.6383844844,88.579333764495,13585923.764694
2020-04-01,85.619422191415,86.390262805413,84.389797361888,85.211140609803,15255425.772333
2020-04-02,84.780413413117,87.771395536694,83.931220976127,87.569281086137,13588004.026167
2020-04-03,87.290061791205,88.119718229888,85.799714516204,86.779839707796,12934360.450326
2020-04-06,89.539922957781,91.849639097889,89.140058481822,91.329129440904,13472925.009387
2020-04-07,93.647990090858,93.820177054648,90.48908151376,90.578760059174,16699512.432084
2020-04-08,91.35905692767,94.860053304887,90.219110643557,94.30972007602,32624371.973916
2020-04-09,95.170239235432,95.351674623951,93.969606658709,94.829190584159,12983196.140832
2020-04-13,94.490116315694,94.818799095699,92.659759538267,93.999534145475,9606595.0864663
2020-04-14,95.840282411363,97.468628653118,95.513470099281,97.120305959923,12830797.582529
2020-04-15,95.829890922902,97.189305443301,95.284649523381,96.62037145009,11019106.210253
2020-04-16,97.3418524939,98.97435533104,97.030627414509,98.729116203373,11331583.993751
2020-04-17,101.12113293209,101.12113293209,99.390742273651,100.78008428082,11504674.555862
2020-04-20,99.81949508753,101.40565188614,99.709241394964,99.982329711705,10558301.126447
2020-04-21,98.270539817612,98.831160620055,96.62037145009,96.939909720249,9291370.4651752
2020-04-22,98.349826874566,99.029014560342,97.738599523321,98.418930272828,11994391.781164
2020-04-23,98.940375163774,100.49047349742,98.739403776949,98.958975928119,16013259.011169
2020-04-24,99.559811790903,100.49047349742,98.940375163774,100.29251564225,7853513.9168588
2020-04-27,100.98105566764,102.01791838623,100.82029934116,101.57679970108,8022181.0125275
2020-04-28,102.2786408317,102.2786408317,99.411317420803,99.528845155291,11517616.033252
2020-04-29,101.05317259756,101.05317259756,99.539236643751,100.19151037441,9939877.425233
2020-04-30,99.75766573119,100.37918065601,99.208267736285,99.729816542116,12768943.763208
2020-05-01,98.589974172887,98.770266497676,96.95030120871,97.830460281312,10101976.755087
2020-05-04,97.530458009458,97.999425883679,96.889407086332,97.779957647394,8991272.3720371
2020-05-05,98.640476806805,100.61205391241,98.390041934908,99.902003505906,11498426.979546
2020-05-06,100.42033095031,100.49047349742,98.861088106821,98.910551591893,9493187.8469808
2020-05-07,99.921539504212,99.932866226634,98.775462241907,98.900160103432,9454427.4527118
2020-05-08,99.961754564554,100.00093047605,99.106327234488,99.411317420803,10374530.789135
2020-05-11,99.000126222422,101.37478916541,99.000126222422,101.1109492734,15115448.626052
2020-05-12,101.70866768964,101.80042453275,99.570099364479,99.580386938055,18471032.635753
2020-05-13,99.449558098337,100.21218943645,97.707736802594,98.500295627473,12667229.262066
2020-05-14,97.591248216952,99.631928720818,97.5706730698,99.580386938055,12021391.518105
2020-05-15,99.300128494276,100.51104864457,99.07026876953,100.42033095031,15170167.070899
2020-05-18,102.31885589204,102.77535398011,101.18202705447,101.24281726196,10557489.979717
2020-05-19,100.92130460899,101.44586694648,100.02046647436,100.03085796282,10561441.894352
2020-05-20,100.79037185439,101.16145190731,99.921539504212,100.15347752665,10058217.523547
2020-05-21,99.871036870294,99.932866226634,98.831160620055,99.411317420803,12259520.329646
2020-05-22,99.420669760417,99.69988905535,98.900160103432,99.621641147243,10233263.182146
2020-05-26,101.18202705447,101.27367998269,99.279553347124,99.440205758723,10829202.788627
2020-05-27,99.580386938055,100.46989835027,98.069464515902,100.46989835027,15551896.991689
2020-05-28,101.28407147115,102.79603304215,101.25310483554,101.7798493856,11708854.548063
2020-05-29,102.23738662251,103.21855096295,100.69144488425,103.01238383189,19057043.456948
2020-06-01,102.38068524838,102.4939524726,101.3438225298,101.99723932419,8436318.9619794
2020-06-02,102.03849353338,102.63112012028,101.41593945971,102.58986591109,13162282.008746
2020-06-03,102.87843754564,102.98152111117,101.95702426385,102.40126039553,10020912.536092
2020-06-04,101.75917032356,102.47337732545,100.91091312053,101.56640821262,10848321.982806
2020-06-05,102.22294245355,104.03334757313,101.67780496892,103.1979758158,14579763.831939
2020-06-08,102.79603304215,103.95021566545,102.55900319036,103.90896145626,8191341.0059705
2020-06-09,103.69261066652,104.21831606773,102.72381219735,102.83718333645,10371105.731766
2020-06-10,103.16700918019,103.49683502392,102.24767419609,102.68266190304,10519660.075537
2020-06-11,101.79013695917,101.98695175061,96.630762938551,96.969837207016,39561931.434043
2020-06-12,99.000126222422,99.320703641427,95.921543851124,97.600496641681,19397189.494251
2020-06-15,96.140180768332,98.379650446447,95.419738873368,97.820068792851,14522108.37614
2020-06-16,100.12251089104,100.86144963546,98.580725748157,100.23286849849,13272883.223895
2020-06-17,100.72854249805,100.9016646958,99.778240878342,100.1329023795,9086301.7045472
2020-06-18,99.559811790903,100.02046647436,99.160882548905,99.788632366802,7115231.6428886
2020-06-19,100.92130460899,101.33457410507,99.709241394964,100.74922156009,12176998.763296
2020-06-22,99.90461970538,100.08725615193,98.911139522185,99.935352297236,6889370.1740224
2020-06-23,100.62709430585,101.22860459695,100.17759134618,100.36540162974,5369897.3526463
2020-06-24,99.618196088352,99.820389638812,97.039141814218,97.749406159334,15739713.31795
2020-06-25,97.660105732493,98.829082467162,96.840052565966,98.71101550653,10506729.934945
2020-06-26,98.528275583239,98.778792771398,97.039141814218,97.510271412603,16631435.286461
2020-06-29,98.278896639222,98.56935584912,97.515445249615,98.390858472179,7490228.1510031
2020-06-30,98.421694540775,100.59625823725,98.131131854137,100.06676775736,9182991.4541737
2020-07-01,100.53582782094,101.25923371207,99.90461970538,100.83653122812,10933145.71349
2020-07-02,101.74071098448,102.17790021206,101.37119554503,101.60826075695,6502374.8693791
2020-07-06,102.76285422472,103.20387209169,102.14706414346,102.62936922979,6374837.3542532
2020-07-07,101.89768519945,102.95790788011,101.60826075695,101.75085170502,5913221.1396857
2020-07-08,102.10298305211,102.39333878527,101.06635306823,101.76119937905,5624902.2275699
2020-07-09,101.64923754609,102.03106671764,99.679868225545,100.94735481694,10522107.593179
2020-07-10,101.02837710456,101.12802520542,99.966188365832,100.705115768,10502651.182103
2020-07-13,101.29006978066,103.13278357114,101.01813290727,101.27982558338,10167372.047043
2020-07-14,101.03862130184,103.4501467335,100.84667194867,103.27599537965,10890203.831855
2020-07-15,104.05621000118,104.91817124751,103.83063070742,104.65120125765,9606981.0276117
2020-07-16,104.5487592848,104.55910695882,103.71680629314,104.47632556662,6412216.5029743
2020-07-17,104.99991787231,106.24163875538,104.85608520336,105.8825744667,7548606.1536445
2020-07-20,106.11850143448,106.48894816459,105.52351017801,105.86187911864,6776332.4011445
2020-07-21,106.22197817473,106.63174606615,105.58559622216,105.80082784189,7458615.3805243
2020-07-22,106.27268177746,106.94010675211,105.72839412371,106.75591815445,5648685.8582756
2020-07-23,107.10360000171,107.52578510196,105.91361748877,106.26233410343,6970158.906568
2020-07-24,106.0874584124,106.14954445656,104.44528254454,105.09304693854,6240965.3976008
2020-07-27,105.05165624244,106.14954445656,104.74329555648,105.8825744667,5934213.172949
2020-07-28,105.9239651628,106.46825281654,105.57524854814,105.76978481982,6239393.7233689
2020-07-29,105.99536411357,107.30848394742,105.9239651628,106.88836838198,5449854.9394265
2020-07-30,105.85153144462,106.31407247356,104.98957019829,106.1288491085,5349162.5555871
2020-07-31,105.81117551592,106.0874584124,104.15865197403,105.53385785203,6920436.3175675
2020-08-03,106.18058747863,106.97114977419,105.98501643955,106.62139839212,8811927.2553537
2020-08-04,106.37512375031,106.63174606615,105.49246715593,106.13919678253,6092927.9108899
2020-08-05,106.7352228064,106.83663001185,106.36477607629,106.64209374017,4407040.8042817
2020-08-06,106.50860874524,106.97114977419,105.29793088425,106.05745015773,5369859.3518436
2020-08-07,105.94466051085,106.42686212044,105.65699517294,106.40616677239,4274008.7628109
2020-08-10,106.42686212044,106.51895641927,105.76978481982,106.03675480968,4640202.0382053
2020-08-11,106.64209374017,106.74557048043,105.12305519322,105.37967750905,8115925.9861339
2020-08-12,105.93431283682,107.48439440585,105.90326981475,107.16568604587,8205475.3653129
2020-08-13,107.03220105094,107.13464302379,106.28302945148,107.02185337691,5323296.6757594
2020-08-14,106.8159346638,107.28882336677,106.38547142434,106.80662175718,3826241.4049447
2020-08-17,107.00219279626,107.83207625311,106.95045442613,107.4223083617,4610266.174951
2020-08-18,107.64788765546,107.82172857909,106.84697768588,107.40161301365,4220526.0430843
2020-08-19,107.49474207988,107.79068555701,106.82628233783,107.06220930561,6308079.6873867
2020-08-20,106.58000769602,106.96080210016,106.42686212044,106.71452745835,4938319.3111871
2020-08-21,106.53965176732,106.97114977419,105.97570353293,106.82628233783,6466753.5013861
2020-08-24,107.32917929547,107.37056999157,105.67769052099,106.32338538018,6363195.4672578
2020-08-25,106.87802070796,107.10360000171,106.45790514252,107.06220930561,5096537.1155519
2020-08-26,106.83663001185,107.05186163159,105.76978481982,106.92975907808,6995306.6686592
2020-08-27,107.11394767574,108.25426135336,106.33373305421,107.76171206974,7775547.92283
2020-08-28,108.05765554687,108.05765554687,107.21742441599,107.99763903752,5159655.4747578
2020-08-31,107.76171206974,108.76647121762,107.67893067754,108.25426135336,6721124.0552152
2020-09-01,108.11974159102,108.28426960803,106.64209374017,107.28882336677,10999336.291453
2020-09-02,107.39126533962,109.73190920421,106.95045442613,109.4442438663,8495834.6282296
2020-09-03,109.58807653525,109.74122211083,105.69838586904,106.45790514252,13337295.739151
2020-09-04,106.83663001185,107.03220105094,104.42562196389,105.69838586904,14715566.346436
2020-09-08,105.53385785203,105.57524854814,103.66610269042,103.96308093495,9660440.3622289
2020-09-09,104.7536432305,106.67313676225,104.73294788245,105.80082784189,8200986.3986752
2020-09-10,106.0874584124,106.0874584124,103.9020296582,104.18866022871,9186165.0084042
2020-09-11,104.69259195375,105.08269926452,103.78924001132,104.61084532895,8764260.607227
2020-09-14,105.44176355321,106.66278908822,105.22549716607,106.07711073838,5847273.1822344
2020-09-15,106.64209374017,107.09325232769,105.94466051085,106.22197817473,5580462.7245493
2020-09-16,106.80662175718,107.02185337691,105.9239651628,106.03675480968,7193285.0053924
2020-09-17,105.06200391647,106.0471024837,104.74329555648,105.69838586904,7597329.0292155
2020-09-18,105.83083609657,106.20128282668,104.57980230688,105.54420552606,8649330.5892416
2020-09-21,103.7251148508,103.7251148508,101.74211501005,103.17370896992,8783014.1873714
2020-09-22,102.99901121888,103.27471415932,102.02833073551,102.94871475722,7833370.4859755
2020-09-23,103.38808733109,103.429313939,101.80343958932,101.90568157696,7682189.5565319
2020-09-24,101.55504927663,101.90568157696,100.767930265,101.40271696038,8434728.9971234
2020-09-25,101.0429117398,103.29532746328,100.92840483631,103.00931787086,6768990.8472507
2020-09-28,104.02194642779,104.75784137909,103.75603480673,103.96010651592,6511075.1505362
2020-09-29,104.14459558634,104.65580552449,103.40870063504,103.82715070539,5402704.2394879
2020-09-30,104.15490223832,106.33269780147,104.13428893436,105.47312302642,7565470.6907635
2020-10-01,105.96371966062,106.40278303492,104.66611217647,105.12578885473,9113224.1093518
2020-10-02,104.13428893436,105.20721140537,103.71480819882,104.17551554228,8628770.3329429
2020-10-05,104.91141049357,106.4130896869,104.88049053764,106.30177784553,6661164.3443417
2020-10-06,106.60788540931,106.66869465598,104.78876133502,104.89079718961,7747566.5213161
2020-10-07,105.61638548893,107.20051789809,105.59577218497,106.87276636516,7873212.9672224
2020-10-08,107.48704282311,107.74264779219,107.15929129018,107.38397630332,5942676.0991744
2020-10-09,107.98794610928,108.68261445266,107.71172783625,108.35589358493,5636281.8618815
2020-10-12,108.84649021913,109.53188257573,108.48884939546,109.10209518821,5065126.0802076
2020-10-13,108.44762278754,109.02067263757,107.98794610928,108.2744710343,6773592.5716611
2020-10-14,108.23324442638,108.68261445266,107.30358441788,107.6395812724,5999895.3726622
2020-10-15,106.31208449751,107.05828610078,106.12759542709,106.86349037838,6197774.4135969
2020-10-16,107.21082455007,108.72384106058,107.16959794216,107.91579954543,7462098.195346
2020-10-19,108.20232447045,108.53007600338,105.83076385009,106.20901797772,8308906.4648239
2020-10-20,106.59757875733,107.23143785403,106.1677913698,106.35228044023,7423743.6441221
2020-10-21,106.34197378825,106.64808135202,105.55557624226,105.81118121133,5474400.7492744
2020-10-22,105.96371966062,107.60969198166,105.95341300864,107.41489625926,6127110.943984
2020-10-23,107.95702615335,108.60119190203,107.21082455007,107.81479435604,5697873.9474686
2020-10-26,106.955219581,107.07889940474,105.58546553299,106.62746804806,8135488.7586855
2020-10-27,106.22963128168,106.77176117577,105.82045719811,105.88229710999,6893116.102371
2020-10-28,104.15490223832,104.76814803107,102.39627821115,102.52923402168,11431816.257822
2020-10-29,102.45760279043,102.89738763037,101.06331891072,101.69820867262,15974242.597005
2020-10-30,101.57545644755,102.16128654603,100.30588305679,101.66749484972,10741671.074165
2020-11-02,103.15309566597,103.73542150278,102.40658486313,103.49012318568,10287508.070426
2020-11-03,104.75784137909,106.13790207907,104.67641882845,105.00313969618,9812870.1321831
2020-11-04,107.98794610928,111.42315321386,107.7838744001,109.65453173428,25531473.438236
2020-11-05,111.17785489676,111.24794013022,109.67411437304,109.87921674742,12864807.326123
2020-11-06,110.00186590597,110.66664495861,109.21443769478,109.92044335533,12311221.053465
2020-11-09,113.92663897955,114.40795962696,110.80887675592,110.95213921843,20442966.998035
2020-11-10,111.46437982178,111.67875818294,110.07298180462,111.26855343418,12526539.495135
2020-11-11,112.15904816516,112.15904816516,110.58419174278,111.13662828885,9935419.4140839
2020-11-12,110.92224992769,111.36131330199,109.98125260201,110.71714755331,7856407.4775018
2020-11-13,111.26855343418,112.54657827957,111.07478837698,112.11782155724,6576891.3530458
2020-11-16,113.00625495783,113.18146804147,111.37161995397,111.93436315202,7586031.711949
2020-11-17,111.36131330199,111.61691827107,110.66664495861,111.2077441875,8898284.2534264
2020-11-18,111.44376651782,111.48396246054,109.10209518821,109.13301514414,9849991.1003968
2020-11-19,109.13301514414,109.22474434676,108.23324442638,109.05159259351,10411027.784005
2020-11-20,108.79598762443,109.30616689739,108.41670283161,108.79598762443,7674537.6244872
2020-11-23,109.33708685333,109.3989267652,107.83540766,108.5197693514,7747820.8683285
2020-11-24,109.05159259351,109.58238517043,108.4682360915,108.83618356715,9616221.7394859
2020-11-25,108.96913937768,109.05159259351,107.98794610928,108.43731613557,11671834.729178
2020-11-27,108.87741017507,109.52157592375,108.53007600338,109.43912270792,4443906.0021582
2020-11-30,109.48034931583,109.8379901395,108.89802347902,109.73595428491,12723443.213103
2020-12-01,110.79857010394,111.87252324014,110.46154258423,110.65633830663,12682367.148845
2020-12-02,110.73776085726,111.68906483492,110.66664495861,111.49323844732,8552381.1207761
2020-12-03,111.4540731698,111.79007002431,110.87071666779,111.35100665001,9795703.6653574
2020-12-04,111.39223325793,112.55688493155,111.24794013022,112.53627162759,7859687.5757051
2020-12-07,112.41465313424,112.51565832363,111.44376651782,111.85190993619,5803233.2843566
2020-12-08,111.58599831513,112.79187659667,111.54477170721,112.70117805925,7953240.3199254
2020-12-09,113.14024143355,113.15054808553,111.81068332827,112.30127996247,7386409.4157213
2020-12-10,112.28066665851,112.74137400197,111.8931365441,112.11782155724,5410979.3217131
2020-12-11,111.66845153096,111.93436315202,110.91194327571,111.68906483492,5222420.1422703
2020-12-14,112.52596497561,113.07840152168,110.767650148,110.83979671186,8469357.3646146
2020-12-15,111.61691827107,112.27036000653,111.02325511708,112.03536834141,5007546.8078712
2020-12-16,111.944669804,112.33219991841,111.22835749146,111.71998479086,5355405.4777444
2020-12-17,111.8931365441,112.98667231907,111.88282989212,112.91555642041,4263673.7526009
2020-12-18,113.01656160981,113.26185992691,111.79007002431,112.99697897105,7877005.6724815
2020-12-21,110.86692527683,111.51975992312,109.36006794861,111.41711296616,6129645.7298776
2020-12-22,111.21387199137,111.47870114034,110.43991393587,111.07016625162,13105354.981999
2020-12-23,111.46843644464,111.96730065548,111.07016625162,111.15228381719,3920705.5123434
2020-12-24,111.20360729567,111.68194211512,111.04963686023,111.47870114034,1674691.0128024
2020-12-28,112.04736528191,112.30192973518,111.45817174894,111.753794985,4390189.6475514
2020-12-29,112.27216211766,112.7812910242,111.89544778561,112.28242681336,5053353.1166271
2020-12-30,112.51646187523,112.88291151159,112.13974754318,112.26189742196,3563989.3123241
2020-12-31,112.27216211766,113.62607548001,111.89544778561,113.44336389661,5581250.0698293
2021-01-04,113.88063993327,113.90116932467,111.11122503441,112.94449968577,12911811.199501
2021-01-05,112.74023224141,114.16599847363,112.27216211766,113.76875475018,11081890.293666
2021-01-06,112.18080632596,115.62153232337,112.18080632596,115.32693555689,17833706.007952
2021-01-07,115.4685883575,117.0062397728,115.2961414698,116.83379288511,12407316.502786
2021-01-08,117.04729855559,117.91158593322,116.28360519578,117.39321880056,9350782.4076828
2021-01-11,117.42298641808,118.12611807327,117.27106892177,117.94238002031,6428554.181787
2021-01-12,117.70834495843,117.84075953292,116.12963476034,116.65929305827,9225459.2723931
2021-01-13,116.59975782323,117.38295410486,116.17069354312,116.98571038141,5259556.2183939
2021-01-14,117.16842196481,117.61698916674,116.47658147487,116.60899604936,5792315.34031
2021-01-15,116.29386989148,117.24027483468,115.82579976773,116.97544568572,10335241.91439
2021-01-19,117.90234770709,118.22773856067,117.23001013898,117.85102422861,6194450.0896537
2021-01-20,118.04502697727,118.68554398872,117.34189532207,118.49256770963,6871997.7200718
2021-01-21,118.33962374376,118.46177362254,117.54616276643,117.94238002031,5796233.5607139
2021-01-22,117.59645977534,118.24826795206,117.44351580947,117.59645977534,4796466.5717368
2021-01-25,117.66728617565,118.42071483976,117.42298641808,118.34988843945,6962045.0846509
2021-01-26,118.69580868442,118.98116722478,117.86128892431,117.92185062892,5504028.0258353
2021-01-27,116.61926074505,116.61926074505,114.05411329054,114.34871005703,13097040.18237
2021-01-28,115.30640616549,117.47430989656,115.09290049501,116.00851135112,12626274.202683
2021-01-29,115.83606446342,116.65929305827,114.10441029945,115.03131232083,10462742.711909
2021-02-01,115.96745256834,116.35545806566,115.2858767741,115.4583236618,10105262.316485
2021-02-02,116.38419921361,116.95491629432,115.76421159355,115.79500568064,11515727.36528
2021-02-03,115.79500568064,115.85659385482,114.62380390169,114.97998884235,11280265.794931
2021-02-04,114.97998884235,115.92639378555,114.73568908478,115.4480589661,8451582.74832
2021-02-05,116.25281110869,116.43552269209,115.38749726149,115.66156463659,5557075.759887
2021-02-08,116.080364221,116.242546413,115.4480589661,115.80527037634,6956728.1312675
2021-02-09,115.79500568064,116.080364221,115.68209402798,115.97771726403,4730312.5917966
2021-02-10,116.82352818941,116.85329580693,115.77447628925,116.19122293452,5406420.2344703
2021-02-11,116.59975782323,116.70035184105,115.85659385482,116.4149933007,4683970.7215445
2021-02-12,116.18095823882,117.41272172238,116.02904074252,117.28133361747,6345294.2082811
2021-02-16,117.43325111377,117.54616276643,115.73341750646,116.12039653421,9531893.7721176
2021-02-17,115.73341750646,116.59975782323,115.59176470585,116.53816964905,5025582.7663492
2021-02-18,115.96745256834,116.27334050009,115.32693555689,115.80527037634,7756642.3054949
2021-02-19,115.89559969846,115.98798195973,114.31894243951,114.4205629269,9390772.0264051
2021-02-22,113.86011054188,114.49138932721,113.10668187777,114.14546908224,7213400.5442833
2021-02-23,114.06437798624,114.76648317187,113.42283450522,113.95146633358,8731544.4583466
2021-02-24,114.08388090806,115.35670317441,113.7174312717,114.74595378047,9842009.7684765
2021-02-25,114.58377158847,115.04157701653,113.00506139038,113.59528139292,14494846.894151
2021-02-26,113.99252511636,113.99252511636,112.32245912657,112.59755297123,14687163.838524
2021-03-01,113.53471968831,114.61353920599,113.50392560122,114.08388090806,7361855.815575
2021-03-02,114.3292071352,114.5930098146,113.6363401757,113.74822535879,8456127.6482471
2021-03-03,113.33045224395,113.45362859231,112.04736528191,112.31219443088,14946770.251125
2021-03-04,112.05762997761,112.7915557199,109.93078502933,110.79507240696,23441748.10078
2021-03-05,111.45817174894,113.38177572243,110.55179911896,113.01532608607,15645238.958601
2021-03-08,113.10668187777,114.53244810999,112.59755297123,112.73099401529,12691821.148226
2021-03-09,113.57475200152,115.19349451283,113.35098163534,113.40230511383,11022342.969639
2021-03-10,114.15573377794,114.79727725896,113.62607548001,113.6568695671,11641102.560154
2021-03-11,114.05411329054,114.97998884235,113.89090462897,114.35897475272,6549499.4007218
2021-03-12,114.11467499515,114.76648317187,113.93196341176,114.6032745103,7452438.5098408
2021-03-15,114.40003353551,115.41726487901,114.26761896103,115.38749726149,7119409.4206363
2021-03-16,115.49938244458,115.70262341937,114.89889774635,115.31667086119,8618553.5509764
2021-03-17,114.81780665035,115.4583236618,114.21629548254,114.89889774635,7524924.1139283
2021-03-18,114.37950414412,115.59176470585,114.3292071352,114.66486268447,8553350.3951401
2021-03-19,114.77674786756,115.74368220216,114.20603078685,115.07237110362,12595939.181191
2021-03-22,114.60075976127,115.74640934339,114.04225558999,115.66662303321,6156842.1356179
2021-03-23,115.52341683544,115.71674520242,114.21512592872,114.49949252142,9170522.5792099
2021-03-24,114.55984370477,115.23905024274,114.33685119682,114.37776725332,12647014.555073
2021-03-25,114.53938567651,115.05697379129,113.35282003789,114.84421029747,11505266.76301
2021-03-26,115.12857689018,117.17744841962,114.82375226922,117.02503610915,8286504.1949786
2021-03-29,116.558593065,117.95894509885,116.51767700849,117.5733112663,8959004.9325428
2021-03-30,117.25825763122,117.25825763122,116.24353942992,116.51767700849,6865742.163252
2021-03-31,116.76112754469,117.4515859982,116.56882207912,116.74066951644,8504093.646965
2021-04-01,116.93399788342,117.0454941374,116.02054692197,116.39697464181,6676368.8637121
2021-04-05,116.98514295405,117.5733112663,116.79181458707,117.208135462,7190918.8799464
2021-04-06,117.35031875835,117.68480752028,116.58928010738,116.75089853057,5206715.9852902
2021-04-07,116.68134123451,117.0864101939,116.19444016211,116.49721898024,5753272.1038821
2021-04-08,116.83273064358,117.18767743375,116.51767700849,116.67111222038,4292454.885019
2021-04-09,116.74066951644,118.00906726807,116.67111222038,117.9384870706,5919161.5135304
2021-04-12,117.775845746,118.3036628749,117.64491436518,118.0602123387,8279706.9272057
2021-04-13,117.6950365344,118.89183118715,117.59376929455,118.55734242523,6519617.7182061
2021-04-14,118.41515912888,119.0340144835,118.33434991728,118.5471134111,6226674.7965687
2021-04-15,119.02480837079,120.92126758976,119.02480837079,120.58575592643,8438304.2563746
2021-04-16,121.19540516834,121.61070314186,120.78010719482,121.47977176104,7447536.4377149
2021-04-19,121.24655023897,121.54012294439,120.88035153326,121.51045880342,7094305.2205338
2021-04-20,120.94172561801,122.29093258124,120.94172561801,121.97690184757,8063896.6324598
2021-04-21,122.36151277871,123.49795624811,122.30116159537,123.42737605064,9635877.1728002
2021-04-22,123.3261088108,123.60024638937,122.40242883521,122.86887187936,10030936.820262
2021-04-23,122.80852069602,123.96439929226,122.54461213157,123.68105560097,4975345.703731
2021-04-26,123.60945250209,123.61968151621,123.03151320397,123.26473472604,6907131.9647394
2021-04-27,122.95070399237,122.97013911921,122.35128376458,122.54461213157,7034730.5592515
2021-04-28,122.35128376458,122.48323804681,121.95644381932,122.17943632727,6788234.9769415
2021-04-29,122.31139060949,122.34105475046,121.02355773102,121.69253525487,8148868.3937188
2021-04-30,121.20563418247,121.91552776281,121.1033440412,121.32633654915,7153421.5393691
2021-05-03,121.9871308617,122.8392077384,121.82448953709,122.70725345617,13179071.281417
2021-05-04,122.52415410331,122.93024596412,121.99633697441,122.8392077384,16186498.554077
2021-05-05,123.01105517571,123.44681117748,122.80852069602,123.06220024634,13851467.536618
2021-05-06,122.36151277871,123.23404768366,121.73345131137,123.22381866954,16114980.375741
2021-05-07,123.51841427637,124.71520892911,123.46726920574,124.06668943352,7576917.1465155
2021-05-10,124.52290346355,125.18165197326,124.17716278608,124.22830785671,8846741.5891926
2021-05-11,123.57978836112,124.0973764759,122.60496331491,122.88932990761,11357836.232941
2021-05-12,122.2305813979,122.8392077384,121.61070314186,121.73345131137,10946456.637318
2021-05-13,121.94621480519,123.39668900827,121.76311545234,122.82897872427,11228009.009885
2021-05-14,123.54910131874,123.8539259397,123.14300945794,123.45704019161,6590492.2457512
2021-05-17,123.31587979667,123.87336106654,123.14300945794,123.22381866954,5997914.6027505
2021-05-18,123.18392551444,123.97462830639,122.76760463951,123.26473472604,9201952.0571987
2021-05-19,122.45357390584,123.13278044381,121.5902451136,123.05197123222,10063160.758492
2021-05-20,123.01105517571,124.86864414101,123.01105517571,124.3408270121,7522726.2840406
2021-05-21,124.74589597149,125.65832403154,124.25899489909,124.36128504035,8423299.208911
2021-05-24,124.99957552182,125.24302605802,124.43084233641,124.48198740704,4958872.9747543
2021-05-25,124.65383484436,124.66406385848,123.97462830639,124.10760549003,6798493.9622926
2021-05-26,124.07691844765,124.11783450415,122.85864286524,123.39668900827,6848846.576405
2021-05-27,123.65036855859,123.75163579844,123.05197123222,123.12255142969,8103209.6005369
2021-05-28,123.59001737525,124.60473557655,123.52864329049,123.60024638937,10059939.547488
2021-06-01,123.75163579844,123.79255185494,121.45931373279,121.57080998677,13368332.213132
2021-06-02,121.68230624074,121.9871308617,121.03276384373,121.32633654915,13245070.622418
2021-06-03,120.87012251913,122.01679500266,120.6164429688,121.70276426899,13244609.322923
2021-06-04,122.34105475046,122.69702444204,121.94621480519,122.08737520013,11229015.391903
2021-06-07,122.39219982109,123.60945250209,122.17943632727,122.52415410331,13978496.40654
2021-06-08,122.82897872427,122.89955892174,121.20563418247,122.14874928489,10799555.41885
2021-06-09,122.45357390584,123.54910131874,122.45357390584,123.33633782492,7965618.1549978
2021-06-10,123.62991053034,125.57853772135,123.57978836112,125.43533152359,9350873.925164
2021-06-11,125.24302605802,125.30440014278,123.92348323576,124.5433614918,6958092.7450663
2021-06-14,124.48198740704,124.67429287261,123.78232284082,124.65383484436,5155989.7974416
2021-06-15,124.786812028,124.97911749357,124.16693377196,124.69475090086,5409192.9504007
2021-06-16,124.8277280845,125.45578955184,123.87336106654,124.21807884259,11653342.915233
2021-06-17,124.00531534877,125.49670560835,123.98485732051,125.16119394501,6527291.2578831
2021-06-18,124.23853687084,124.41038430816,123.57978836112,123.74140678431,11152652.583186
2021-06-21,123.64553924297,124.95894449138,123.20128424816,124.73681699398,6655407.3347453
2021-06-22,124.81833167192,125.18107198878,124.3944553466,125.0098911651,7194053.1643093
2021-06-23,124.83871034141,125.13114424854,124.43317481863,124.48412149234,6506579.3980322
2021-06-24,125.22182932776,126.01048383689,124.98951249561,125.13114424854,7029227.6394148
2021-06-25,125.0812165083,126.08180918009,125.0098911651,125.70684166154,8344223.0549931
2021-06-28,125.8393030132,126.05124117586,125.41338882093,125.89942008819,4631451.6909755
2021-06-29,125.90960942293,126.42518976094,125.74759900051,126.03086250638,6165554.7923234
2021-06-30,125.90960942293,126.21223266481,125.47452482939,125.94934782843,8542687.3508548
2021-07-01,126.04105184112,127.15270826161,125.9901051674,127.06100424892,12020982.776363
2021-07-02,127.22301467134,128.41618576978,127.00088717394,128.29391375286,12328134.094596
2021-07-06,127.91079476651,128.18386893763,127.25358267557,128.17367960289,11413300.036287
2021-07-07,128.18386893763,128.98067491456,127.70802700512,128.98067491456,18435650.503817
2021-07-08,127.77833341485,128.37542843081,127.1017615879,128.27353508338,8386584.4547609
2021-07-09,128.73816874767,129.11313626622,128.42637510453,128.71880901166,5224301.5092451
2021-07-12,128.71880901166,129.5981486,128.6179345977,128.96233411202,9097974.9468588
2021-07-13,128.79930475613,129.26393842042,128.52623058501,128.8400620951,9698814.1587682
2021-07-14,129.13351493571,129.24355975094,128.49566258078,128.7289983464,7487030.5818115
2021-07-15,128.03102891649,128.59755592821,127.47571017298,128.27353508338,8750948.8954691
2021-07-16,128.60774526296,129.09275759674,128.18386893763,128.62812393244,6511034.2221798
2021-07-19,127.77833341485,128.3958071003,126.23261133429,127.26377201031,19460593.526366
2021-07-20,127.67847793437,129.54720192629,127.67847793437,128.81968342562,15053905.623966
2021-07-21,129.33526376363,129.3760211026,127.63772059539,129.03162158828,8295728.6032336
2021-07-22,129.14370427045,129.98126758635,128.78911542139,129.98126758635,9261132.1391204
2021-07-23,130.52741592859,131.60952327833,130.36642443965,131.48827019489,8303833.7708462
2021-07-26,131.11432160981,131.49845952963,130.19422468249,130.62930927603,6626515.2966602
2021-07-27,130.44692018412,131.245764028,130.10353960327,131.245764028,9551785.1714777
2021-07-28,131.05318560135,132.08434627737,130.7098050205,131.71039769229,7432563.3804842
2021-07-29,132.13427401761,132.2259780303,131.63907234909,132.02321026891,5662817.6952092
2021-07-30,131.81127210625,132.63966502088,131.62888301434,132.14446335235,6634362.1992568
2021-08-02,132.67023302511,132.85160318354,131.93252518969,132.32685244426,8366435.8254203
2021-08-03,132.38696951924,134.21697403914,132.29628444003,134.17621670017,7701799.2174063
2021-08-04,133.65044702741,134.46966954078,133.42831953001,133.5995003537,8322214.1259196
2021-08-05,133.49964487321,133.5200235427,132.0435889384,133.05437094493,8240872.5201004
2021-08-06,132.99425386995,133.11448801992,132.08434627737,132.94330719623,6923732.8122237
2021-08-09,133.1348666894,133.70139370113,133.03399227544,133.4486981995,9852525.3822801
2021-08-10,133.5200235427,133.79105984687,132.62947568614,133.14505602415,5832607.6476355
2021-08-11,133.34680485206,133.55874301472,131.71039769229,131.82146144099,14512544.548408
2021-08-12,131.94271452444,132.97387520046,131.86119984649,132.86179251828,8220334.0194328
2021-08-13,133.19600269786,133.72177237062,133.03399227544,133.69120436639,7923107.598179
2021-08-16,133.69120436639,135.2267371122,133.22657070209,135.20737737619,8404315.68397
2021-08-17,134.84259919238,136.81423546521,134.77229278265,136.81423546521,13874826.873338
2021-08-18,136.6318463733,136.78366746098,134.64085036446,134.72236504241,12427697.732107
2021-08-19,133.84200652059,136.04595962556,133.80124918161,135.3378008609,11669501.900826
2021-08-20,135.46924327909,136.5207826246,134.99442028005,136.11626603529,7252907.902347
2021-08-23,136.88454187494,136.9854162889,136.12645537004,136.16721270901,8471262.7258456
2021-08-24,136.16721270901,136.18657244502,135.28787312066,135.68220037523,6548194.6988648
2021-08-25,135.55075795704,135.62106436677,134.7427437119,135.30723285667,6918537.8262676
2021-08-26,135.38874753462,135.69238970997,134.50940794627,134.77229278265,5972118.2533461
2021-08-27,135.07491602453,135.44988354308,134.41872286706,134.62047169498,8679232.3617253
2021-08-30,134.500237545,135.88394920314,134.49004821026,135.38874753462,6417153.4045443
2021-08-31,135.41931553885,136.05614896031,134.72236504241,135.20737737619,9299100.0650511
2021-09-01,135.31742219142,135.43969420834,133.96427853751,135.24711578169,10571191.82328
2021-09-02,135.75250678496,136.72253145252,135.60068569728,136.70215278303,6848211.5697178
2021-09-03,136.56153996357,137.04655229736,135.91451720737,136.85397387071,5632770.8859602
2021-09-07,136.34858286744,136.56153996357,135.15643070247,136.05614896031,8739237.9128424
2021-09-08,135.78307478919,136.21714044925,135.41931553885,135.99501295185,6986149.8263456
2021-09-09,135.80345345867,136.11626603529,134.34739752386,134.41872286706,8905635.7868196
2021-09-10,134.8935458661,135.01479894954,133.12467735466,133.19600269786,10561622.164389
2021-09-13,133.8929531943,133.97446787225,131.70020835755,132.36659084976,11676712.541332
2021-09-14,132.99425386995,133.29687711182,132.11389534812,132.34621218027,10436273.585155
2021-09-15,132.17503135658,133.83181718584,131.97328252867,133.20619203261,10299867.107243
2021-09-16,133.37737285629,133.63006835793,131.95290385918,132.87198185303,10525705.515769
2021-09-17,132.7619370378,133.11448801992,132.12408468287,133.00444320469,13541430.486055
2021-09-20,131.0337657201,132.32222295693,130.00624899538,131.15357498247,17245017.506299
2021-09-21,131.74855996338,132.70500339687,131.33531954148,131.35562619612,11741913.469063
2021-09-22,131.73840663606,132.23185834378,130.94238577422,131.56681540436,11964143.728739
2021-09-23,131.86938455848,133.28983505046,131.76886661802,132.52427417058,10366546.588255
2021-09-24,132.30191630229,132.78623001542,131.69779332678,131.98005582626,6962578.6017395
2021-09-27,131.59727538632,131.7587132907,129.81435110904,130.09661360852,11631377.275913
2021-09-28,129.27013276472,129.27013276472,127.42831918899,127.87100426011,17433738.950199
2021-09-29,128.44568258639,129.4823373057,128.18372674155,128.8782143302,11171391.720234
2021-09-30,129.310746074,130.11692026316,127.18666999879,127.29734126657,21653744.513651
2021-10-01,127.46893249827,127.93192422403,125.28292112641,127.3267859158,23188943.599723
2021-10-04,126.80388955885,127.45877917095,124.75900943673,125.39460772692,27580668.934632
2021-10-05,125.90735075655,127.41816586167,125.73575952485,126.14899994675,19152027.012085
2021-10-06,125.44435903079,126.02817535165,124.49705359189,125.91750408387,21322290.846934
2021-10-07,126.77342957689,128.40506927711,126.53178038669,127.57858843332,15806656.752874
2021-10-08,127.76033299233,128.00198218253,126.67291163643,126.93486748127,9552252.7725946
2021-10-11,126.82419621349,127.49837714749,125.91750408387,125.95811739315,7843732.1571274
2021-10-12,126.34089783309,126.47187575551,125.02096528157,125.34384109032,13007520.706448
2021-10-13,125.55503029857,126.1094019702,124.76916276405,125.54487697125,10610422.923271
2021-10-14,126.83434954081,127.84054427816,126.83434954081,127.33693924312,8857911.0637638
2021-10-15,128.00198218253,128.55533852144,127.73088834311,127.97253753331,8976052.876284
2021-10-18,127.40801253435,127.53899045677,126.54193371401,127.09529005291,11660798.778812
2021-10-19,127.79079297429,129.09955686576,127.79079297429,128.776681057,9486965.9929245
2021-10-20,129.53208860956,130.80125452448,129.42243267451,130.61037197088,13665717.103952
2021-10-21,130.88248114304,131.21449494638,129.92603770955,131.14443698788,8267517.7848108
2021-10-22,131.02361239278,131.71809998142,130.82156117912,131.66733334483,8009739.0250417
2021-10-25,131.72825330874,131.98005582626,130.71088991134,131.8287712492,10629841.63156
2021-10-26,132.13032507059,132.85527264119,131.41553082731,132.4836608613,9271663.112897
2021-10-27,132.69485006955,132.82582799197,131.39522417267,131.42568415462,11851449.680662
2021-10-28,131.66733334483,133.03803253294,131.66733334483,132.5344274979,9282752.2826982
2021-10-29,132.36182093347,133.99447596642,131.85923123116,133.821869402,15415090.987586
2021-11-01,133.94370932983,134.48792767415,133.14768846799,133.66144683035,14356751.028722
2021-11-02,134.17520519271,135.17226193547,133.00757255098,134.49808100147,20851467.358129
2021-11-03,134.23612515663,135.34283783444,133.7426734489,135.29308653057,14610093.921965
2021-11-04,134.98137938187,135.19256859011,133.42995096747,134.35593441899,15818549.284221
2021-11-05,133.14768846799,133.70206013963,131.89882920771,132.85527264119,14867391.062018
2021-11-08,133.09692183139,133.821869402,132.58417880176,133.65129350303,8948839.8728605
2021-11-09,133.69190681231,133.81273140741,132.89588595047,133.15784179531,7287021.4742597
2021-11-10,133.11722848603,134.07367191952,133.09692183139,133.54163756798,8445219.5710333
2021-11-11,133.52133091334,133.61068019375,132.82582799197,133.14768846799,8597304.1535878
2021-11-12,134.00462929374,134.11428522879,133.06747718217,133.81273140741,8317640.9911969
2021-11-15,134.11428522879,134.18535852003,132.84511931387,132.97711256902,6268910.1674789
2021-11-16,132.94665258707,134.26658513858,132.7253100515,133.54163756798,6150892.483751
2021-11-17,133.69190681231,134.24627848395,133.10707515871,133.73252012159,8229054.740671
2021-11-18,133.87263603859,134.11428522879,133.31826436695,133.78328675818,9029418.3267286
2021-11-19,134.17520519271,134.62804359115,132.84511931387,132.9669592417,10166201.72423
2021-11-22,133.15784179531,133.62083352107,132.20139836182,132.37197426079,11146204.498703
2021-11-23,131.74855996338,132.65423676027,131.35562619612,132.51412084326,12075240.984031
2021-11-24,132.26231832574,132.70500339687,131.79831126725,132.46335420666,6760796.8228145
2021-11-26,132.93649925975,133.72236679427,131.50691077318,131.96990249894,11896923.518998
2021-11-29,132.69485006955,133.21876175923,132.19124503451,132.33237628424,17137200.230219
2021-11-30,131.56681540436,132.17093837987,129.53208860956,129.7239864959,19467132.420324
2021-12-01,130.34841612604,132.09072709404,129.4823373057,129.50264396034,22241708.840393
2021-12-02,129.46304598379,130.66113860748,128.83760102092,130.12707359048,17531245.592264
2021-12-03,131.04290371468,131.53737075514,129.29043941936,130.36872278068,22111855.228049
2021-12-06,130.71088991134,131.67748667215,130.4997007031,131.11397700592,15230868.964155
2021-12-07,132.0003624809,133.11722848603,131.81861792188,132.79638334274,11974711.557613
2021-12-08,133.17814844995,133.89294269323,132.51412084326,133.80257808009,15144681.874928
2021-12-09,133.67160015767,134.54783230533,133.57006688448,134.10413190147,9095914.6173523
2021-12-10,133.76298010354,134.85953945403,133.70206013963,134.57727695456,8554301.9677663
2021-12-13,134.57727695456,136.22922330942,134.57727695456,135.8565961968,12201838.449893
2021-12-14,135.22302857207,136.00788077386,134.62804359115,135.30323985789,11070803.705025
2021-12-15,135.59464035196,138.14211017639,135.47381575686,138.07306755061,14996250.650994
2021-12-16,138.0629142233,139.582867323,137.81111170578,138.89751772895,19227482.422432
2021-12-17,138.19287681298,139.03966431142,137.37756462924,137.92076764082,21505772.069733
2021-12-20,137.10958686639,137.52225071591,135.38509700502,136.55936840035,16185740.355336
2021-12-21,136.9497807678,137.19050134669,135.67537770309,137.12981548646,10773364.838492
2021-12-22,137.06103817821,138.80575665965,136.82031759932,138.72585361036,7245982.8557053
2021-12-23,139.08693447869,139.74841035513,138.67528206017,139.29731212747,7743780.3912734
2021-12-27,139.79898190532,140.77197853091,139.64827868576,140.77197853091,6969386.8011131
2021-12-28,140.9024531304,141.15227658832,140.02958817417,140.40078335254,6066669.2772398
2021-12-29,140.26019444302,141.49414026758,140.16006277365,141.2028481385,7103573.2748654
2021-12-30,141.46379733747,141.97558142536,141.31410554892,141.49414026758,7931673.7528256
2021-12-31,141.32421985895,141.85623256692,140.84277870117,140.89233882036,7882793.6663978
2022-01-03,140.29053737314,140.5514865721,138.24441245258,139.43790103699,15122472.372603
2022-01-04,139.12638028784,139.28719781743,137.01046662802,137.6011423342,13718253.974233
2022-01-05,137.90254877332,138.72585361036,136.56948271039,136.61803139857,15370686.795253
2022-01-06,135.76640649343,136.5988142095,134.80352417787,135.04424475676,15181985.976221
2022-01-07,134.72260969757,134.9734445865,134.07023670016,134.3514145192,9619353.5880793
2022-01-10,133.75972738202,135.80686373358,133.43910375383,135.72594925328,15589880.598004
2022-01-11,135.92621259202,136.82942047835,135.00378751661,136.81020328928,12168272.554333
2022-01-12,136.02735569239,136.62814570861,135.82608092265,136.41776805983,10831824.759945
2022-01-13,136.17704748094,136.34797932057,134.05101951109,134.30185440002,13804867.246439
2022-01-14,133.94077353168,134.21183704068,132.68659908705,134.07023670016,14341860.362997
2022-01-18,132.74728494728,132.95766259605,131.84306562994,132.19504361924,16471760.734623
2022-01-19,132.43576419813,133.47956099398,131.52345343276,131.65291660123,14639581.897696
2022-01-20,131.97455166042,133.31773203338,130.71026290575,130.79016595505,15127777.667296
2022-01-21,131.19170406353,131.60234505105,129.25582512238,129.46620277116,25804771.957286
2022-01-24,128.30204568586,129.25582512238,124.92184327137,129.03432173256,37986741.382922
2022-01-25,127.32904906026,129.30538524156,126.26603507534,128.21303975753,19326772.874965
2022-01-26,128.42341740631,129.57644875056,126.53709858434,127.54043814005,29557375.761803
2022-01-27,128.16246820734,129.83739794953,127.45042078071,127.87117607827,18489081.596509
2022-01-28,127.76194152986,130.53022818709,126.85772221252,130.4796566369,20906754.82921
2022-01-31,130.23893605801,131.46276757253,129.97798685905,131.23216130368,19044360.135943
2022-02-01,131.70348815142,131.82384844087,130.53022818709,131.58312786198,14674816.949597
2022-02-02,131.49311050264,133.66971002268,131.22204699364,133.34807496349,13595217.391713
2022-02-03,133.16804024483,133.27828622424,132.52679298846,132.77762787739,13805708.597195
2022-02-04,131.57301355194,133.22872610505,131.33229297305,132.29517528861,12004324.792896
2022-02-07,132.34473540779,132.80594794549,131.70348815142,132.07468332979,9229161.2254396
2022-02-08,131.3717387822,133.37841789361,131.07134377409,133.14781162476,11071564.866512
2022-02-09,133.79007031213,134.46267192961,133.64948140261,134.18149411057,10811034.225161
2022-02-10,132.62591322683,133.79007031213,131.5628992419,132.08378620883,14393345.247439
2022-02-11,131.90375149016,132.89697673583,130.08823283846,130.24905036805,13072312.912865
2022-02-14,129.97798685905,130.22882174797,127.95209055857,128.92508718416,14386969.323941
2022-02-15,130.03766128827,130.88119474538,129.70692335005,130.36941065749,8969944.4469983
2022-02-16,129.69680904001,130.9408691746,129.33572817168,130.56967399623,8779207.0407712
2022-02-17,130.03766128827,130.10846145853,128.27170275575,128.47398895649,11906812.838451
2022-02-18,128.35261723604,129.03432173256,127.07821417134,127.51009520993,13505607.555085
2022-02-22,127.05899698227,128.2332683776,126.3368352456,127.18947158175,13682106.79444
2022-02-23,127.84083314815,128.28181706578,126.42685260493,126.54721289438,12022840.490683
2022-02-24,124.28969889404,127.31893475023,124.05909262519,127.05899698227,23220096.580785
2022-02-25,127.63045549938,131.27261854383,127.49087802086,130.95098348464,17012273.767671
2022-02-28,128.8542870139,130.10846145853,128.45376033642,129.95775823897,17987714.301397
2022-03-01,129.27504231145,130.33906772738,128.2332683776,129.23559650231,14064394.048677
2022-03-02,129.80705501942,131.90375149016,129.63713461079,131.19170406353,12395630.649368
2022-03-03,131.77428832168,132.62591322683,130.74060583586,131.86329425001,11172607.70292
2022-03-04,130.53022818709,132.63602753686,130.13880438864,132.51667867842,12160672.485423
2022-03-07,131.69337384138,131.94420873031,129.61690599071,130.2085931279,15703953.40565
2022-03-08,129.34584248171,130.30872479727,127.47064940079,127.54954101908,21794622.113504
2022-03-09,129.62702030075,130.62024554642,128.67425229523,129.95775823897,15576471.819553
2022-03-10,128.39307447619,130.18836450782,128.25349699768,129.90819811979,10708938.703448
2022-03-11,130.25916467809,131.0217836549,128.81382977375,128.94531580423,9869160.994742
2022-03-14,129.97798685905,131.7237167715,129.46620277116,129.84751225957,14373220.615861
2022-03-15,130.90041193445,132.57534167664,130.6698056656,132.43576419813,14374060.969755
2022-03-16,133.10735438461,134.05101951109,131.75405970161,134.03079089102,13840385.406888
2022-03-17,133.63936709257,136.20739041106,133.45933237391,136.14670455083,10973124.834398
2022-03-18,136.06781293254,137.16015841657,135.65616051402,136.99023800795,11364223.343763
2022-03-21,136.49974188333,137.66931908403,135.82017719948,136.45941163503,11473090.000001
2022-03-22,136.60056750408,136.79011967109,135.98956424234,136.48965932125,8892191
2022-03-23,135.84034232363,136.09038986309,134.00027474495,134.04060499325,10013480
2022-03-24,134.53969181596,135.64070759454,134.2503222844,135.64070759454,7189377
2022-03-25,136.10047242516,136.49974188333,135.23034731809,136.26985946802,7040191
2022-03-28,136.49974188333,137.30029731208,136.00972936649,137.25996706378,8466953
2022-03-29,138.40030483446,138.94980446755,137.24988450171,138.07060505461,12327806.000001
2022-03-30,138.08976192255,138.8903173513,137.64007965401,138.33980946201,10752953
2022-03-31,138.05043993046,138.8096568547,136.74978942279,136.98975440017,15843211
2022-04-01,137.37087524661,138.12000960878,136.44932907295,138.07060505461,20785728
2022-04-04,137.7600621427,138.00002712008,136.60056750408,136.91917646565,16769479
2022-04-05,136.57031981785,138.83990454093,136.49974188333,137.20955425341,15025053
2022-04-06,136.86069760561,139.63037740761,136.76995454694,139.29966937155,23197763.000001
2022-04-07,138.80058254884,142.34057009336,138.80058254884,141.97961437107,18160182
2022-04-08,141.98969693315,143.42041249159,141.77997964199,142.8305826102,19102689.999999
2022-04-11,142.41921407754,142.99996965306,139.77959932632,139.99032487368,16570651
2022-04-12,139.64045996968,140.46017226638,138.03027480631,138.63018724977,14085400.000001
2022-04-13,138.6201046877,139.44989954647,137.90020975554,139.30975193362,15496408
2022-04-14,139.43981698439,140.15063761068,138.5404524473,138.64026981185,10993551
2022-04-18,138.500122199,138.81973941678,136.52998956955,137.11074514507,10125007.000001
2022-04-19,137.46968435494,138.90947421925,137.41927154457,138.4194617024,11733062
2022-04-20,138.80058254884,140.82011973245,138.64026981185,140.27969440524,13674762.000001
2022-04-21,140.66988955754,140.83020229453,138.4194617024,138.73000461431,11409874
2022-04-22,137.47976691702,137.52009716532,133.52538607121,133.66956670889,17525347
2022-04-25,133.28037981279,134.86031728994,131.78009457604,134.56993950218,16501856.000001
2022-04-26,133.76030976756,134.48020469971,132.00997699135,132.19952915836,20087676
2022-04-27,132.17936403421,133.25013212657,131.25983437297,131.9091513706,16726731
2022-04-28,132.84078010632,134.1696617878,131.61070753318,133.73006208134,15510666
2022-04-29,132.42941157367,133.11502579476,130.08521589124,130.28989190136,17430156.000001
2022-05-02,130.17999197474,130.90996946897,127.38006448652,129.48026216674,23615284
2022-05-03,129.87953162491,131.13985188428,129.42984935636,129.88961418698,13585497
2022-05-04,129.67989689582,133.25013212657,128.58997193552,132.7702021718,19053548
2022-05-05,132.12088517417,132.25498324977,128.85010203705,130.19007453681,16119817
2022-05-06,128.92975427744,130.13966172644,128.27035471774,129.77971426036,21742337
2022-05-09,128.33085009019,128.36008952021,125.93019206014,126.42020457698,17289879
2022-05-10,127.7400119526,128.21994190737,125.70030964483,126.86988684553,21850368
2022-05-11,126.23972671584,129.09006701444,125.87977924977,126.03000942468,19987272.999999
2022-05-12,125.57024459406,127.33065993235,125.27986680631,127.24999943575,17497145.999999
2022-05-13,128.09088511281,129.00033221197,127.53029466144,128.60005449759,9841601
2022-05-16,128.41957663645,130.4300395142,128.41957663645,129.54983184505,8839812
2022-05-17,130.89988690689,131.38989942374,129.92994443528,131.33041230749,9058782
2022-05-18,130.44012207627,130.75973929405,127.53029466144,127.93964668168,10005035
2022-05-19,126.9192913997,129.00033221197,126.45952656908,128.21994190737,9672865
2022-05-20,129.07998445236,130.06000948605,127.33065993235,129.77971426036,12833743.999999
2022-05-23,130.64983936743,131.42922141583,130.37962670382,130.92005203104,9196515
2022-05-24,130.53489815978,131.53004703658,129.70006201997,131.31024718334,9031265.9999999
2022-05-25,131.21950412467,132.12995948004,130.0398443619,131.26991693504,8532579
2022-05-26,131.6006249711,132.33060246533,131.21950412467,131.83050738641,9090060
2022-05-27,132.06038980172,134.04967929911,131.50988191243,134.0204398691,13696005
2022-05-31,132.84078010632,133.08074508371,131.16001700843,132.22977684458,11740800
2022-06-01,132.70970679935,132.7298719235,129.28970174352,130.33022214966,9259949.0000001
2022-06-02,130.49960919252,131.38989942374,128.16952909699,131.36065999372,9575484
2022-06-03,130.45020463835,131.02995195766,129.6496492096,129.82004450866,5852628
2022-06-06,130.74965673198,131.01986939558,129.49034472881,129.84020963281,7729119.0000001
2022-06-07,129.84020963281,131.66011208735,129.36935398391,131.53004703658,7219071
2022-06-08,131.16001700843,131.6399469632,130.1205048585,130.48952663044,5372007
2022-06-09,130.04992692397,130.48952663044,127.50508825625,127.54037722351,7772883
2022-06-10,126.03000942468,126.66016955437,124.99957158062,125.48958409746,11289024
2022-06-13,123.01028208323,123.76042470161,121.18029706662,121.68946645141,14886247
2022-06-14,121.55032709477,121.85986175048,119.66992926779,120.52997181279,9299504
2022-06-15,121.1903796287,123.03044720738,119.88972912103,121.74996182386,10301639
2022-06-16,119.52070734908,120.03995929594,118.75039960656,119.96030705555,9383292
2022-06-17,120.00063730385,121.79029207216,119.84939887273,119.88972912103,13725168
2022-06-21,121.06043169615,123.15180045298,120.65982865536,122.59959074762,7987177
2022-06-22,121.82047305425,125.66485662117,121.76023199549,124.30039664012,10188900
2022-06-23,124.87971482192,127.18995942559,124.87971482192,127.08955766098,11943316
2022-06-24,128.02028201892,129.22008310601,127.15983889621,129.20000275309,10448107
2022-06-27,129.20000275309,130.23012485798,128.79036355348,129.67992318792,8963597
2022-06-28,129.93996375826,130.58956317529,127.1748991609,127.41987946655,7518756
2022-06-29,127.58955844874,129.1698822237,127.38975893717,128.53032298314,9157664
2022-06-30,127.85963919554,128.97008271213,126.88975814941,128.24016188341,10697670
2022-07-01,128.29036276572,129.84960217011,126.85963762003,129.67992318792,9366753
2022-07-05,128.42992121853,128.96004253567,126.16987749716,128.92992200629,9987031.0000003
2022-07-06,129.10964116494,130.4700850754,128.87972112398,129.80040530545,9033298
2022-07-07,129.6096419527,130.52028595771,129.54036473511,130.34960295787,6805503
2022-07-08,129.98012446411,132.03936465626,129.84960217011,130.7401658222,6505846
2022-07-11,130.01024499349,131.13976484535,129.86968252304,130.40984401664,7027344
2022-07-12,130.00020481703,130.87972427501,128.16988064819,128.75020284763,9280413
2022-07-13,127.65983968397,128.53032298314,127.16987907267,127.50020087824,9296486
2022-07-14,126.04035922081,127.32048171959,125.22810894511,127.12971836683,7784950
2022-07-15,129.02028359443,130.26024538737,128.45000157145,130.2000043286,9684755
2022-07-18,130.32952260495,130.44498463425,127.0202804434,127.44999999593,7047900
2022-07-19,128.8104439064,129.83454190542,128.25020205988,129.61968212916,6585773
2022-07-20,129.4399629705,129.6096419527,127.82048250734,128.33955963038,7599526
2022-07-21,128.72008231825,130.36968331079,128.38976051268,130.36968331079,9507672
2022-07-22,130.66988458698,130.91988498086,129.04036394736,129.82952181719,8657252
2022-07-25,129.9299235818,130.75020599866,129.81044548192,130.51024578125,5489039
2022-07-26,130.87972427501,131.98514770337,130.53032613417,131.1799255512,7482401
2022-07-27,131.09960413951,132.58956632632,130.48514534009,132.00020796806,7680715
2022-07-28,132.16988695025,133.80543169575,129.91988340534,132.8395667202,11052782
2022-07-29,132.16988695025,132.63976720862,131.47008665092,132.39980699121,8309561
2022-08-01,131.65984598603,132.37972663829,131.1146644042,131.41988576861,7665402
2022-08-02,131.74016739772,132.800410032,130.87972427501,130.95000551024,7935081
2022-08-03,131.65984598603,132.66988773801,131.30040766873,132.14980659733,6825710
2022-08-04,132.46004804997,132.49016857936,131.2953875805,131.5002071803,5493014
2022-08-05,130.67992476344,131.51024735676,130.36968331079,131.450006298,8883422
2022-08-08,131.70000669188,132.62972703216,131.08956396305,131.76024775064,7075100
2022-08-09,131.92992673283,132.56044981458,131.05040727485,131.35964470985,5802683
2022-08-10,132.76024932616,132.8897676025,132.02028832098,132.79036985554,6736304
2022-08-11,132.38976681475,133.68996966645,131.64478572134,131.92992673283,8471414
2022-08-12,132.25020836194,133.67992948998,132.03032849744,133.61968843122,7515511
2022-08-15,133.55041121364,134.47009137747,133.0704907788,134.29037221881,7486084
2022-08-16,134.00021111909,134.37972978932,133.40984874318,133.92992988386,7138443
2022-08-17,133.14980817284,133.9198897074,132.95000866127,133.14980817284,7251754
2022-08-18,133.109647467,133.3797282138,131.84458523291,132.56044981458,7053785
2022-08-19,132.56044981458,133.5604513901,132.36968646182,132.91988813189,5946717
2022-08-22,132.09960571502,132.52028910874,130.7401658222,131.1799255512,6420368
2022-08-23,130.59960335175,130.7401658222,128.98514297682,129.34960138236,7501923
2022-08-24,129.48012367635,130.00723294055,129.04036394736,129.51024420573,6719608
2022-08-25,130.06044587579,130.98012603962,129.14980187078,130.93996533378,5636652
2022-08-26,130.98012603962,130.99016621608,127.18995942559,127.2903611902,9044717
2022-08-29,126.52027965565,127.18995942559,125.74015794463,126.39979753811,6727668
2022-08-30,126.84959744357,126.84959744357,125.25019733333,125.56043878597,7910498
2022-08-31,125.97007798558,126.76023987306,124.74015636911,124.76023672203,8954532
2022-09-01,124.56043721046,126.86967779649,124.38975421062,126.81044075537,11212375
2022-09-02,127.54036158408,127.65983968397,124.44497518116,124.99015676299,9730278
2022-09-06,125.48011737429,126.67991846138,124.76023672203,125.10963486287,9663569
2022-09-07,125.07951433349,127.35963840779,124.67991531034,127.14979871975,9038440
2022-09-08,126.67991846138,129.39980226466,126.41987789104,129.35964155882,9394760
2022-09-09,129.67992318792,130.84960374563,129.4399629705,130.50020560479,8880372.0000001
2022-09-12,131.00020639254,132.05040885036,130.64980423405,131.36968488631,7982550
2022-09-13,129.28032416477,129.5704852645,126.68493854961,127.03032061986,11928461
2022-09-14,127.44999999593,128.20000117757,126.26023908531,127.09959783745,8080138
2022-09-15,127.64979950751,129.03233180619,127.52028123116,127.81044233088,8624440
2022-09-16,127.40983929009,127.7301209192,126.46505868511,127.44999999593,10810287
2022-09-19,126.14,126.29,124.455,126.26,9430349
2022-09-20,125.41,125.6,124.005,124.78,9010647
2022-09-21,125.28,126.11,122.68,122.71,11642390
2022-09-22,122.52,124.2,122,123.36,9505590
2022-09-23,122.7,122.95,121.2,122.73,16611134
2022-09-26,122,122.59,121.02,121.56,10450594
2022-09-27,122.41,123.2,120.7,121.19,13239875
2022-09-28,122.89,124.455,122.1,123.84,16359969
2022-09-29,123.47,123.77,121.97,122.8,10791664
2022-09-30,122.81,123.66,120.97,121.11,12389824
2022-10-03,121.99,124.0701,121.62,123.6,9326783
2022-10-04,124.63,126.52,124.335,126.47,13718048
2022-10-05,125.66,127.545,125.19,126.89,9913388
2022-10-06,126.42,126.81,124.94,125.27,9399262
2022-10-07,124.32,124.54,121.92,122.62,10068945
2022-10-10,122.91,123.08,121.38,121.85,8377954
2022-10-11,121.6,123.8,121.29,122.5,10792901
2022-10-12,122.89,123.615,121.87,121.9,9292811
2022-10-13,120.15,125.33,119.95,124.74,14063585
2022-10-14,125.47,126.4,123.52,123.9,11444396
2022-10-17,124.69,126.14,124.54,125.89,8420426
2022-10-18,127.76,127.8,125.97,126.59,10016876
2022-10-19,126.2,126.21,123.73,124.82,7676230
2022-10-20,124.6,125.51,123.6,123.76,7196824
2022-10-21,123.67,126.88,123.01,126.54,8433295
2022-10-24,127.6,129.37,127.6,128.98,7411288
2022-10-25,128.59,130.11,128.52,129.96,7174177
2022-10-26,130.36,132.62,130.32,131.4,8277066
2022-10-27,131.7,131.72,130.515,130.71,6497027
2022-10-28,130.91,132.96,130.5,132.86,6267145
2022-10-31,132.17,133.27,131.87,132.75,7852874
2022-11-01,132.91,133.57,131.41,132.83,8033434
2022-11-02,132.52,134.03,130.5,130.57,10230651
2022-11-03,129.62,130.74,128.7,130.02,7916588
2022-11-04,131,131.28,128.97,130.81,8082235
2022-11-07,131.02,132.56,130.53,132.21,6054386
2022-11-08,132.24,133.89,131.33,132.87,8930880
2022-11-09,132.66,133.55,131.28,131.44,8963460
2022-11-10,134.47,135.05,132.66,134.78,12416829
2022-11-11,134.61,134.63,131.4,133.13,10487243
2022-11-14,133.53,134.84,133.2,133.25,10537222
2022-11-15,134.1,134.66,131.97,133.08,8184215
2022-11-16,133.41,134.305,132.79,133.02,6122194
2022-11-17,131.97,133.5,131.86,132.96,6498840
2022-11-18,134.09,134.8,133.65,134.57,6720662
2022-11-21,134.29,135.21,134.14,134.63,7995562
2022-11-22,134.95,135.9,134.93,135.8,5931101
2022-11-23,135.82,136.54,135.475,136.34,5340732
2022-11-25,136.5,137.26,136.475,137.15,3255961
2022-11-28,136.73,137.54,135.85,136.12,5026871
2022-11-29,135.83,136.05,135.05,135.78,5439633
2022-11-30,135.98,139.11,135.26,139.02,9377430
2022-12-01,139.82,140.16,138.67,139.42,15140193
2022-12-02,138.02,139.965,138.02,139.78,7779758
2022-12-05,138.88,139.2,137.965,138.44,6921643
2022-12-06,138.18,138.62,136.7145,137.39,8171529
2022-12-07,137.39,138.915,137.35,138.52,7427063
2022-12-08,138.76,139.93,138.49,139.77,6765133
2022-12-09,139.58,140,137.94,137.98,6202991
2022-12-12,138.07,139.45,138.07,139.45,5669673
2022-12-13,141.35,141.77,138.91,139.88,9886543
2022-12-14,139.82,141.28,138.92,140.1,10882243
2022-12-15,138.85,139.2,137.04,137.53,8747994
2022-12-16,136.49,136.58,134.78,135.53,10843898
2022-12-19,134.93,135.18,133.86,134.47,6801724
2022-12-20,134.52,134.96,133.71,134.44,4815535
2022-12-21,135.26,136.63,134.84,136.21,5937459
2022-12-22,135.45,136.06,134.26,136.02,5483301
2022-12-23,135.89,136.23,135.095,136.1,3766896
2022-12-27,136.36,136.47,135.21,135.75,7050478
2022-12-28,136.2,136.86,134.82,134.87,5054288
2022-12-29,135.71,137.045,135.4,136.34,6297337
2022-12-30,135.88,136.02,134.47,135.85,6369600
2023-01-03,135.96,136.33,134.43,135.46,7239269
2023-01-04,136.22,136.57,134.94,135.82,8469936
2023-01-05,134.92,135.25,133.895,134.43,6714235
2023-01-06,135.33,136.04,133.61,135.67,7175745
2023-01-09,135.81,135.85,133.215,133.4,7719462
2023-01-10,133.35,134.725,133.15,134.52,7675320
2023-01-11,134.61,135.3,133.99,135.28,7307184
2023-01-12,134.99,135.41,133.54,134.85,7580538
2023-01-13,134.11,135.86,134.05,135.45,6334065
2023-01-17,135.38,135.6121,134.64,134.82,6664139
2023-01-18,134.82,135.17,132.795,132.92,10629147
2023-01-19,132.53,133.77,132.26,133.24,9902281
2023-01-20,133.54,134.01,132.52,133.91,5962205
2023-01-23,133.99,135.12,133.69,134.37,7211043
2023-01-24,133.7,134.48,132.62,133.48,5754776
2023-01-25,132.59,133.55,132.21,133.52,5999062
2023-01-26,133.83,133.95,132.73,133.77,6861168
2023-01-27,133.57,133.71,132.69,132.86,5854552
2023-01-30,132.61,133.44,131.455,131.66,7055400
2023-01-31,131.96,133.38,131.83,133.36,6290643
2023-02-01,133.36,134.81,132.36,133.99,11843040
2023-02-02,133.01,133.258,132.13,133.08,11274699
2023-02-03,133.17,133.6,132.25,132.69,10046771
2023-02-06,132.5,132.78,131.77,131.95,7328283
2023-02-07,131.49,133.19,131.025,132.8,7551007
2023-02-08,132.32,133.15,132.21,132.41,5614147
2023-02-09,132.74,133.245,131.04,131.25,8085922
2023-02-10,131.43,132.625,131.25,132.49,6198653
2023-02-13,132.51,133.595,132.51,133.59,6300295
2023-02-14,133.77,134.01,132.13,132.8,6905994
2023-02-15,132.28,132.455,131.69,132.14,6491948
2023-02-16,130.93,131.985,130.54,130.82,8008010
2023-02-17,130.2,132.23,130.08,131.99,10434450
2023-02-21,131.03,131.57,130.0899,130.28,9066218
2023-02-22,130.42,130.73,129.57,129.84,7318937
2023-02-23,129.81,130.85,129.235,130.19,9955508
2023-02-24,129.09,129.34,128.13,128.51,9008017
2023-02-27,129.21,129.57,127.83,128.12,6463899
2023-02-28,127.83,127.91,127.06,127.17,10282751
2023-03-01,126.56,127.24,126.41,126.96,11101021
2023-03-02,126.39,128.105,126.39,127.74,10203680
2023-03-03,128.33,129.22,127.69,129.17,10048013
2023-03-06,129.26,129.7,128.81,129.11,8153402
2023-03-07,129.37,129.52,126.81,127.03,9604352
2023-03-08,126.77,127.16,125.84,126.35,10793366
2023-03-09,126.84,127.05,124.56,125.07,13270342
2023-03-10,124.86,125.9,123.67,124.15,20483224
2023-03-13,123.75,127.02,123.6,125.31,21294203
2023-03-14,126.16,126.82,125.17,126.43,14583013
2023-03-15,125.07,126.5,124.84,126.32,17244563
2023-03-16,125.37,127.56,125.02,127.5,16013915
2023-03-17,127.39,127.49,125.455,125.86,15071531
2023-03-20,125.58,127.145,125.58,126.96,10592082
2023-03-21,127.45,127.88,126.675,127.73,8816257
2023-03-22,127.8,128.27,125.78,125.8,10480142
2023-03-23,126.32,127.08,124.84,125.56,10092300
2023-03-24,125.44,127.42,124.97,127.3,8163893
2023-03-27,128.2,128.78,127.67,127.82,9455363
2023-03-28,127.69,128.15,126.74,127.05,8037474
2023-03-29,127.68,127.84,126.85,127.4,8183112
2023-03-30,128.09,128.13,127.275,128.09,6820534
2023-03-31,128.52,129.53,128.45,129.46,9202493
2023-04-03,129.56,131.06,129.2,130.91,8937258
2023-04-04,131.05,131.69,130.69,130.93,9052600
2023-04-05,131.66,133.42,131.51,133.19,12325750
2023-04-06,133.71,134.11,133.07,133.52,8276295
2023-04-10,133.16,133.5,132.46,133.43,8024299
2023-04-11,133.74,134.365,133.66,133.88,8887512
2023-04-12,134.4,134.895,133.68,133.92,8988716
2023-04-13,134.49,135.81,134.195,135.66,9373699
2023-04-14,135.35,135.635,134.07,134.57,6632126
2023-04-17,134.61,134.76,133.755,134.46,7187113
2023-04-18,134.73,134.73,133.36,133.54,7194221
2023-04-19,133.58,134.15,133.17,133.95,7048082
2023-04-20,133.31,133.6,132.7707,133.4,6672031
2023-04-21,134.13,134.75,133.71,134.3,6536148
2023-04-24,134.44,135.09,134.1,135.05,6299870
2023-04-25,134.85,135.26,133.42,133.61,7751967
2023-04-26,132.43,132.52,130.92,131.71,10128764
2023-04-27,131.77,132.585,130.62,132.4,10008925
2023-04-28,132.24,133.905,132.03,133.53,7917338
2023-05-01,133.72,134.755,133.46,134.22,6794007
2023-05-02,134,134.85,132.68,133.64,14365947
2023-05-03,134.26,134.9,133.27,133.46,8961472
2023-05-04,132.9,132.98,131.84,132.4,9625315
2023-05-05,133.27,134.05,132.83,133.59,7650379
2023-05-08,133.39,133.43,132.68,133.3,5305742
2023-05-09,132.79,133.42,132.37,132.41,6452735
2023-05-10,132.79,133.11,132,132.78,6556586
2023-05-11,132.5,132.58,131.54,132.37,8764931
2023-05-12,132.57,132.85,131.6,132.19,6626766
2023-05-15,132.21,132.3,131.39,131.96,5725670
2023-05-16,131.68,131.73,130.83,130.86,7106025
2023-05-17,131.08,131.19,129.555,131.02,15512874
2023-05-18,130.74,130.91,129.69,130.7,12196872
2023-05-19,131,132.19,130.94,131.31,9277048
2023-05-22,131.5,132.36,131.13,131.44,12856105
2023-05-23,130.91,131.0951,129.71,130,8723112
2023-05-24,129.75,129.78,128.81,129.11,7953091
2023-05-25,128.49,128.66,126.91,127.79,13737188
2023-05-26,127.67,128.8701,127.29,127.53,8794874
2023-05-30,126.89,127.87,126.42,126.74,12114528
2023-05-31,126.39,128.05,126.05,127.83,15099052
2023-06-01,127.95,128.9179,126.96,128.67,9751882
2023-06-02,129.08,130.55,128.78,130.32,10293195
2023-06-05,130.61,131.38,130.45,130.79,7880207
2023-06-06,131.32,131.36,129.13,129.7,9413482
2023-06-07,129.59,129.77,129,129.19,7519649
2023-06-08,129.21,130.2,128.78,130.02,6583161
2023-06-09,130.05,130.87,129.34,130.42,10446128
2023-06-12,130.35,130.92,129.835,130.89,7321523
2023-06-13,130.6,131.745,130.47,131.55,8362679
2023-06-14,130.88,130.99,129.7,130.2,12401617
2023-06-15,130.21,132.4,130.19,132.22,10598620
2023-06-16,132.56,133.25,132.07,132.21,10535119
2023-06-20,130.41,132.095,130.39,131.52,8585375
2023-06-21,131.2,131.99,130.59,131.54,9444757
2023-06-22,131.74,132.63,131.57,132.44,8036714
2023-06-23,132.26,132.54,131.64,132,8096493
2023-06-26,131.67,131.88,129.98,131.25,7093029
2023-06-27,131.25,131.39,130.04,130.95,8578428
2023-06-28,130.92,130.95,130.11,130.53,10897834
2023-06-29,130.23,131.46,130.01,131.38,7843374
2023-06-30,131.91,133.04,131.83,132.73,8260918
2023-07-03,132.35,132.35,131.078,131.64,5240339
2023-07-05,131.36,131.855,131.06,131.57,7942087
2023-07-06,130.69,131.01,130.19,130.52,8213056
2023-07-07,129.8,130.26,128.93,129,8749818
2023-07-10,129.01,130.18,129,130.02,7476636
2023-07-11,129.84,130.47,129.48,130.05,7279219
2023-07-12,130.38,130.5,129.49,129.7,11900408
2023-07-13,130.03,130.36,129.615,129.75,7526169
2023-07-14,130.73,132.115,130.59,131.7,13298785
2023-07-17,131.35,131.63,130.61,131.1,7905359
2023-07-18,131.15,132.565,130.91,132.07,8130367
2023-07-19,132.72,133.51,132.45,132.68,12483992
2023-07-20,133.57,135.43,133.47,134.88,12650212
2023-07-21,135.01,136.66,134.78,136.24,11308875
2023-07-24,136.24,136.845,135.8201,135.94,12034090
2023-07-25,135.03,136.425,134.85,135.88,7803014
2023-07-26,135.23,136.23,134.875,135.79,8205316
2023-07-27,135.99,136.48,134.76,134.79,8800817
2023-07-28,135.2,135.42,134.415,135.19,6897797
2023-07-31,134.95,135,133.645,134.15,9736656
2023-08-01,133.84,134.33,133.115,133.45,10555724
2023-08-02,133.48,134.39,133.18,133.54,13873282
2023-08-03,133.1,133.27,132.61,132.87,11863532
2023-08-04,132.91,133.73,132.075,132.4,12631301
2023-08-07,132.8,134.055,132.73,133.93,8165679
2023-08-08,134.78,135.13,134.045,134.96,12601218
2023-08-09,134.84,135.65,134.75,134.92,9833747
2023-08-10,135.25,136.53,134.69,134.83,9541846
2023-08-11,134.79,135.83,134.47,135.67,7674453
2023-08-14,135.69,136.51,135.57,136.08,8723326
2023-08-15,135.74,136.14,135.43,135.58,9118521
2023-08-16,135.36,135.8,134.52,134.55,9462496
2023-08-17,134.07,134.54,133.415,133.48,11163782
2023-08-18,133.22,133.875,133.1,133.53,9463221
2023-08-21,133.48,133.83,133.055,133.67,6872444
2023-08-22,133.47,133.79,133.13,133.2,6939610
2023-08-23,134,134.3,133.205,133.6,7276780
2023-08-24,133.34,134.39,132.44,132.44,10241732
2023-08-25,132.87,133.88,132.42,133.41,8509077
2023-08-28,133.88,134.31,133.225,133.72,6768441
2023-08-29,133.9,134.92,133.72,134.92,10736986
2023-08-30,135.25,135.66,134.7,134.82,7892678
2023-08-31,134.84,134.91,133.18,133.21,7540165
2023-09-01,134.24,134.24,133.22,133.57,10183853
2023-09-05,133.64,133.735,132.19,132.19,11042676
2023-09-06,132.03,132.16,130.83,131.47,12840059
2023-09-07,131.87,132.625,131.77,132.06,11055727
2023-09-08,131.78,132.46,131.75,132.06,8717030
2023-09-11,132,133.225,131.98,132.97,7178983
2023-09-12,132.57,133.145,131.851,132.8,6941890
2023-09-13,132.48,133.35,132.44,132.82,6430300
2023-09-14,133.57,133.65,132.84,133.24,6433355
2023-09-15,132.92,133.5482,132.095,132.19,9612005
2023-09-18,131.86,131.99,130.95,131.45,6559420
2023-09-19,131.23,131.84,130.68,131.56,6252402
2023-09-20,132.14,132.51,131.55,131.57,6350825
2023-09-21,131.32,131.535,130.36,130.42,7979573
2023-09-22,130.25,130.92,130,130.15,7790307
2023-09-25,130.02,130.895,129.66,130.86,6826343
2023-09-26,130.26,130.675,129.65,129.75,8200850
2023-09-27,129.99,130.12,128.15,129.1,9888551
2023-09-28,129.32,130.09,129.32,129.72,9129071
2023-09-29,130,130.12,128.545,128.74,12692668
2023-10-02,128.33,128.6,127.06,128.56,16035101
2023-10-03,127.93,128.2,126.88,127.42,11971088
2023-10-04,127.53,128.14,126.93,127.96,10064397
2023-10-05,128.25,128.89,127.52,128.66,9609778
2023-10-06,128.3,130.42,128.23,130.01,10692361
2023-10-09,129.65,130.58,129.125,130.46,8047600
2023-10-10,130.42,131.6699,129.97,131.08,8154935
2023-10-11,131.24,131.45,129.92,130.5,9591851
2023-10-12,130.6,130.85,129.28,129.38,10927662
2023-10-13,129.86,130.94,129.46,130.19,11383864
2023-10-16,130.71,131.92,130.6,131.17,10544998
2023-10-17,130.54,131.705,130.435,130.99,9149878
2023-10-18,131.17,131.54,129.6225,129.85,10085684
2023-10-19,129.68,129.815,127.77,128.57,15492635
2023-10-20,128.31,128.98,128.04,128.06,12296754
2023-10-23,127.97,128.4,127.14,127.26,12344261
2023-10-24,126.85,128.05,126.85,127.65,9375911
2023-10-25,127.07,127.46,125.57,126.51,11426996
2023-10-26,125.47,126.41,125.16,125.26,14699250
2023-10-27,124.91,125.07,122.59,123.14,13566218
2023-10-30,123.78,124.21,122.89,123.83,15224553
2023-10-31,124.27,124.7,123.55,124.54,13917381
2023-11-01,124.39,125.41,124.17,124.8,13802706
2023-11-02,125.28,126.89,124.95,126.78,11894138
2023-11-03,127.65,128.2,127.2,127.41,11635623
2023-11-06,127.95,128.46,127.43,128.26,8425100
2023-11-07,128.21,128.66,127.87,128.35,8241885
2023-11-08,128.89,128.89,127.39,128.17,10021074
2023-11-09,128.05,128.2,125.4,125.52,13905623
2023-11-10,126,126.45,124.6,126.27,10401721
2023-11-13,126.4,127.25,125.67,127,11373790
2023-11-14,127.73,128.705,127.41,127.86,11217020
2023-11-15,127.95,128.47,127.64,127.96,9262770
2023-11-16,128.34,128.78,127.845,128.51,7665861
2023-11-17,128.78,128.99,127.864,128.25,6766199
2023-11-20,127.75,129.31,127.66,129.03,6910104
2023-11-21,129.47,130.07,129.31,129.81,8373031
2023-11-22,130.24,130.74,130.0698,130.43,6737701
2023-11-24,130.69,131.155,130.68,131.13,3708830
2023-11-27,130.85,131.29,130.07,130.31,10530278
2023-11-28,130.08,130.37,129.55,129.64,6261342
2023-11-29,129.5,130.38,129.44,129.68,6979033
2023-11-30,129.78,131.385,129.33,131.31,7743059
2023-12-01,131.13,131.97,131.03,131.83,9370974
2023-12-04,131.48,132.33,131.435,132.08,6943917
2023-12-05,131.81,132.12,131.09,131.91,6581075
2023-12-06,132.2,132.45,131.75,132.01,6210408
2023-12-07,132.03,132.35,131.245,131.85,6396695
2023-12-08,131.94,132.38,131.275,132.07,6007674
2023-12-11,132.78,133.19,132.13,132.94,9016882
2023-12-12,133.13,133.7,132.5,133.51,6779064
2023-12-13,132.94,136.01,132.76,135.97,9074339
2023-12-14,136.43,136.51,134.8,135.31,10098714
2023-12-15,134.68,134.94,133.66,134.16,8296654
2023-12-18,134.06,134.2,133.43,133.78,5944319
2023-12-19,133.95,134.75,133.74,134.68,6358227
2023-12-20,134.6,134.68,132.72,132.73,7299039
2023-12-21,133.53,134.445,133.22,134.35,5606916
2023-12-22,134.68,135.44,134.475,135.02,5355138
2023-12-26,134.91,135.675,134.74,135.32,3688653
2023-12-27,135.17,135.98,135.14,135.89,5444087
2023-12-28,136,136.695,135.98,136.24,5800264
2023-12-29,136.24,136.62,135.825,136.38,5590052
2024-01-02,136.04,139.05,135.965,138.78,11785898
2024-01-03,139.24,139.53,138.38,138.55,9584991
2024-01-04,138.98,140,138.74,139.24,11649191
2024-01-05,138.92,139.7,138.5301,139.12,9437671
2024-01-08,139.16,140.38,138.59,140.35,7999385
2024-01-09,140.2,141.56,139.87,140.33,9201275
2024-01-10,140.41,141.14,139.88,140.97,9773320
2024-01-11,140.79,141.025,140,140.87,7182331
2024-01-12,140.48,141.16,140.05,140.52,8026508
2024-01-16,140.17,140.36,139.46,139.68,7426944
2024-01-17,139.45,140.09,139.01,139.4,8337301
2024-01-18,138.2,139.515,137.52,139.38,8929332
2024-01-19,139.46,139.82,138.69,139.46,8842008
2024-01-22,139.58,140.44,139.23,140.07,7831379
2024-01-23,139.89,140.06,138.965,139.97,6407411
2024-01-24,140.34,140.675,138.67,138.69,9104974
2024-01-25,138.2,138.51,137.21,138.48,10050187
2024-01-26,139.44,139.56,138.92,139.27,5759212
2024-01-29,139.4,140.26,139.31,140.25,6229620
2024-01-30,140.48,140.82,139.805,140.57,5940340
2024-01-31,141.64,141.75,140.35,140.38,10223101
2024-02-01,140.55,142.2,139.87,142.2,8503745
2024-02-02,142.15,142.645,141.27,141.99,10629354
2024-02-05,142.5,143.31,141.78,142.43,9631688
2024-02-06,143.54,144.0854,142.825,143.98,10159041
2024-02-07,144.34,145.03,144.07,144.37,7884600
2024-02-08,144.23,144.23,143.465,144.12,6672616
2024-02-09,144.06,144.29,143.545,144.01,7447802
2024-02-12,143.82,144.2354,143.14,144.2,6645456
2024-02-13,143.47,144.47,142.15,142.86,11170135
2024-02-14,143.35,144.15,143.075,144.1,9701053
2024-02-15,144.2,145.43,143.99,145.15,9294805
2024-02-16,145.34,146.605,144.82,145.62,8424290
2024-02-20,145.73,146.19,144.765,145.13,9120550
2024-02-21,144.66,145.49,144.24,145.45,7213773
2024-02-22,145.64,147.4301,145.33,147.16,9130025
2024-02-23,147.66,148.2701,147.34,147.86,9194718
2024-02-26,147.77,148.11,146.965,147.1,7248352
2024-02-27,146.38,147.186,146.035,146.74,7374135
2024-02-28,146.12,146.28,145.32,146.01,8038813
2024-02-29,146,146.24,144.72,144.82,9435636
2024-03-01,145.15,146.439,144.51,146.34,8741586
2024-03-04,145.92,146.68,145.77,146.12,10657870
2024-03-05,146.17,146.41,144.55,145.03,9743609
2024-03-06,145.3,146.56,145.3,146.02,8085410
2024-03-07,146.38,147.05,146.175,146.7,6438276
2024-03-08,146.56,147.25,146.17,146.43,7802515
2024-03-11,146.1,146.61,145.295,146.35,7724013
2024-03-12,146.45,147.39,145.96,147.03,7143931
2024-03-13,147.59,147.7,145.89,146.46,7874171
2024-03-14,146.55,146.66,145.125,145.94,9605786
2024-03-15,145.02,145.66,144.845,145.36,10570477
2024-03-18,145.43,145.57,144.72,144.82,6407158
2024-03-19,144.94,145.87,144.52,145.78,5240260
2024-03-20,145.43,145.5,144.635,145.45,8268171
2024-03-21,145.75,146.17,145.34,145.64,8865259
2024-03-22,145.85,146.22,145.265,145.44,5537224
2024-03-25,145.705,145.86,145.011,145.24,5252964
2024-03-26,145.53,145.94,145.14,145.77,6942438
2024-03-27,147.01,147.71,146.62,147.71,8797533
2024-03-28,147.92,148.2317,147.675,147.73,8090182
2024-04-01,147.64,147.73,145.935,146.47,7378313
2024-04-02,144.49,144.65,143.435,144.19,10776352
2024-04-03,144.44,145.09,143.685,144.03,8453547
2024-04-04,144.93,145.02,141.87,141.95,12685712
2024-04-05,141.725,143.685,141.61,143.22,9073220
2024-04-08,143.11,143.11,142.54,142.76,9128151
2024-04-09,143.07,143.355,142.28,143.27,10534543
2024-04-10,141.84,142.24,141.1,141.59,13052725
2024-04-11,142.02,142.05,140.595,141.01,8153938
2024-04-12,140.28,140.29,138.46,138.91,13799443
2024-04-15,140.12,140.63,138.41,138.63,10383735
2024-04-16,139.83,139.83,138.585,138.68,10170538
2024-04-17,139.49,139.62,138.215,138.44,8480148
2024-04-18,138.53,139.25,138.21,138.43,8105813
2024-04-19,139.15,139.34,138.445,138.95,9667295
2024-04-22,139.38,140.59,138.93,139.48,8531342
2024-04-23,140.82,141.56,140.18,141.3,8615525
2024-04-24,140.99,141.15,140.215,140.86,7378594
2024-04-25,140.77,141,139.2,139.92,9693507
2024-04-26,139.4,140.33,139.3,139.96,6013758
2024-04-29,140.13,140.83,139.73,140.43,6388634
2024-04-30,140.9,141.2,140.23,140.33,9677720
2024-05-01,139.71,141.84,139.55,140.58,10710293
2024-05-02,141.34,141.44,139.72,140.48,8425562
2024-05-03,141.09,141.23,140.1,140.83,8539319
2024-05-06,140.95,141.435,140.64,141.4,5605118
2024-05-07,141.72,142.695,141.7,142.57,7720646
2024-05-08,142.86,142.88,141.9,142.08,5461097
2024-05-09,142.25,143.38,142.23,143.3,6821786
2024-05-10,143.49,144.09,143.39,143.59,6325067
2024-05-13,143.88,144.01,143.19,143.45,5351464
2024-05-14,143.65,144.13,143.11,144.06,6198799
2024-05-15,144.7,146.36,144.64,146.2,8433670
2024-05-16,145.89,146.44,145.62,146.03,6741009
2024-05-17,146,146.34,145.44,146.31,7071646
2024-05-20,146.16,146.3551,145.69,146,3890023
2024-05-21,146.26,146.88,145.88,146.25,4048888
2024-05-22,145.86,146.945,145.77,146.51,6831234
2024-05-23,146.27,146.2801,144.805,144.91,5155939
2024-05-24,145.1,145.33,144.33,144.42,3949525
2024-05-28,144.1,144.1,142.07,142.67,8375071
2024-05-29,141.45,141.73,140.95,141.56,6838269
2024-05-30,140.99,142.14,140.675,141.63,7395616
2024-05-31,142.08,143.775,141.91,143.7,7945890
2024-06-03,143.6,145.135,143.35,144.71,10298305
2024-06-04,144.58,145.53,144.04,145.13,6964248
2024-06-05,145.3,145.945,144.49,145.79,5373456
2024-06-06,145.68,146.58,145.18,146.27,5425770
2024-06-07,146.13,147.16,145.96,146.43,5222299
2024-06-10,146.2,147.005,145.67,146.97,5397727
2024-06-11,146.86,146.86,145.73,146.36,5194123
2024-06-12,146.99,147.04,145.67,146.05,6522859
2024-06-13,145.51,146.17,144.58,145.93,4720590
2024-06-14,145.63,145.92,145.025,145.88,4109831
2024-06-17,145.26,145.955,144.96,145.73,4542990
2024-06-18,145.89,146.4,145.6,145.92,4872625
2024-06-20,145.47,146.59,145.27,146.4,6653759
2024-06-21,146.59,147.12,146.235,146.81,8513040
2024-06-24,146.83,147.61,146.45,147.09,6446290
2024-06-25,147.26,147.465,146.275,146.63,5171672
2024-06-26,146.37,146.625,145.77,146.11,4572683
2024-06-27,146.22,146.28,145.03,145.87,4637944
2024-06-28,146.41,147.02,145.1,145.75,7656778
2024-07-01,146.04,147.485,144.6542,144.93,6562067
2024-07-02,144.41,144.62,143.59,144.4,7536335
2024-07-03,144.66,144.67,142.73,143.3,7653965
2024-07-05,143.61,144.49,142.88,144.41,4846865
2024-07-08,144.57,144.97,143.88,144.25,4001547
2024-07-09,144.56,145.03,143.7,144.95,8337123
2024-07-10,145.11,146.34,144.79,146.32,5342450
2024-07-11,146.33,147.74,146.15,147.35,7692935
2024-07-12,147.85,148.885,147.74,148.27,6614662
2024-07-15,148.84,148.98,147.53,147.75,5804116
2024-07-16,148.64,149.89,148.31,149.86,7602476
2024-07-17,148.83,151.33,148.64,150.54,10395531
2024-07-18,149.58,150.56,146.86,147.12,11033367
2024-07-19,147.86,148.58,147.28,147.87,5985687
2024-07-22,148.62,148.99,147.88,148.72,5190313
2024-07-23,149.33,149.42,148.465,148.63,3553334
2024-07-24,148.71,150.055,148.21,149.87,6870395
2024-07-25,149.42,151.53,148.96,149.12,11472752
2024-07-26,149.1,150.93,149.01,149.96,6028837
2024-07-29,149.98,150.56,149.26,150.05,8227400
2024-07-30,150.05,151.11,149.11,150.18,7269477
2024-07-31,150.12,150.66,149.05,149.63,8417891
2024-08-01,150.4,151.33,149.49,151.16,10357711
2024-08-02,151.39,151.77,148.62,150.86,15742298
2024-08-05,148.5,148.79,146.19,146.83,17575636
2024-08-06,147.42,149.38,146.95,147.51,13335705
2024-08-07,147.41,148.12,145.54,146.01,11484999
2024-08-08,148.29,149.365,147.62,149.24,11479079
2024-08-09,149.5,150.36,149.18,149.98,8550467
2024-08-12,150.34,150.34,148.98,149.41,5044497
2024-08-13,150,151.365,149.83,151.22,4815735
2024-08-14,151.03,151.98,150.67,151.76,4837347
2024-08-15,152.46,152.95,151.75,152.71,5886933
2024-08-16,152.66,153.115,152.23,152.87,4562665
2024-08-19,152.88,153.935,152.79,153.8,4729719
2024-08-20,154.21,155.21,154.05,154.42,4878366
2024-08-21,154.74,155.08,154.136,154.68,5530111
2024-08-22,155.2,155.35,153.9869,154.78,4951898
2024-08-23,155.19,155.56,154.64,155.45,4069501
2024-08-26,155.6,156.08,155.22,155.37,4433688
2024-08-27,155.52,156.04,155.06,155.61,3785444
2024-08-28,155.51,156.435,155.06,155.79,5150093
2024-08-29,156.41,156.83,155.46,156.12,4339350
2024-08-30,156.23,157.28,155.55,157.2,7020703
2024-09-03,156.88,157.84,156.47,156.9,7674912
2024-09-04,156.69,159.64,155.86,156.63,8235494
2024-09-05,156.46,156.55,153.73,154.48,7245564
2024-09-06,155.02,155.66,153.63,153.95,7652025
2024-09-09,154.34,155.52,153.75,155.03,6169412
2024-09-10,155.24,155.85,154.66,155.74,7337319
2024-09-11,155.18,155.46,152.85,155.28,6636620
2024-09-12,155.24,155.98,153.79,155.84,4838262
2024-09-13,155.91,156.64,155.7,156.16,4358649
2024-09-16,156.98,157.59,156.67,157.24,4711902
2024-09-17,157.05,157.09,155.075,155.62,6279990
2024-09-18,155.49,156.98,154.76,155.36,7148920
2024-09-19,156.76,156.76,155.51,155.92,6717643
2024-09-20,155.41,155.98,154.895,155.28,8541635
2024-09-23,155.19,155.21,154.12,154.4,6416424
2024-09-24,154.33,154.39,153.36,154.09,5341811
2024-09-25,154.56,154.78,152.525,152.59,5940096
2024-09-26,152.49,153.29,152.23,153.1,6173093
2024-09-27,153.3,154.2,153.01,153.02,7312567
2024-09-30,152.81,154.06,152.58,154.02,7235028
2024-10-01,154.14,154.355,152.63,153.21,10560380
2024-10-02,153.02,153.38,151.87,152.9,7158480
2024-10-03,152.52,152.66,151.24,151.52,5550985
2024-10-04,151.75,152.02,150.88,151.64,6591450
2024-10-07,151.65,152.11,150.685,150.97,5922859
2024-10-08,151.37,152.03,151.24,151.79,4726590
2024-10-09,151.93,153.46,151.57,153.34,7840031
2024-10-10,153.34,153.46,152.395,152.77,4385633
2024-10-11,153.25,154.07,153.03,153.89,9354102
2024-10-14,154.06,155.015,153.53,154.74,4819781
2024-10-15,152.67,154.585,152.51,152.85,9088576
2024-10-16,152.65,153.6059,152.24,153.28,4510189
2024-10-17,152.77,153.02,152.29,152.39,5430044
2024-10-18,152.5,153.495,152.06,153.13,9823968
2024-10-21,152.73,153.14,151.18,151.33,4825870
2024-10-22,150.53,151.39,150.4,151.11,5166889
2024-10-23,150.7,150.93,149.6,150.4,4910436
2024-10-24,150.4,151.005,149.37,149.41,5066266
2024-10-25,149.92,150,148.42,148.59,5314527
2024-10-28,149.01,149.49,148.62,148.81,4923484
2024-10-29,148.71,149.32,148.33,148.4,7342579
2024-10-30,146.14,148.17,145.62,148.12,9211829
2024-10-31,147.24,147.93,146.84,146.87,6701204
2024-11-01,147.44,148.47,147.43,147.74,6896929
2024-11-04,147.38,148.09,146.48,146.77,5985990
2024-11-05,146.48,147.89,145.94,147.85,5035268
2024-11-06,150.67,150.91,147.35,148.04,10685862
2024-11-07,148.93,149.29,148.21,149.11,9381574
2024-11-08,149.31,150.945,149.14,150.18,8701068
2024-11-11,149.79,150.6,149.08,149.3,6072124
2024-11-12,149,149.31,147.185,147.22,7022700
2024-11-13,147.13,147.6,146.675,146.83,5981289
2024-11-14,146.53,146.59,144.36,144.52,7936741
2024-11-15,143.7131,143.85,141.57,141.84,14246068
2024-11-18,141.47,142.09,141.31,141.94,7933235
2024-11-19,140.73,141.61,140.26,141.21,6205830
2024-11-20,141.61,143.08,141.28,142.88,9328841
2024-11-21,142.9,144.23,142.14,144.03,7969570
2024-11-22,144.47,145.02,143.935,144.16,6330311
2024-11-25,144.89,145.85,144.79,145.39,6834366
2024-11-26,145.78,146.33,144.69,146.17,6018641
2024-11-27,146.355,147.7552,146.31,146.95,5953240
2024-11-29,146.92,147.79,146.71,147.41,3521247
2024-12-02,147.325,147.38,146.39,147.15,6220907
2024-12-03,147.13,147.43,146.74,146.82,4236349
2024-12-04,147.1,147.58,146.36,146.74,5597844
2024-12-05,146.07,146.25,144.83,145.1,8948940
2024-12-06,145.3,145.46,144.105,144.28,6545159
2024-12-09,144.42,145.09,143.92,144.7,6258634
2024-12-10,145.07,145.1,143.615,144.1,7200614
2024-12-11,143.52,143.64,142.105,142.14,6895008
2024-12-12,142.21,142.54,140.91,141.01,5994213
2024-12-13,140.79,141.45,140.1299,140.99,7599399
2024-12-16,140.88,141.65,139.2,139.31,9476630
2024-12-17,138.6502,140.24,138.6,139.21,10280072
2024-12-18,139.12,140.04,137.225,137.32,14448057
2024-12-19,137.07,137.8,135.945,136.28,11929337
2024-12-20,137.475,139.295,137.05,138,12098414
2024-12-23,137.7,138.945,136.99,138.75,8050472
2024-12-24,138.56,139.325,138.04,139.32,3139251
2024-12-26,138.81,139.7199,138.68,139.6,4720422
2024-12-27,138.75,139.81,138.36,138.95,5948122
2024-12-30,138.135,138.15,136.73,137.24,6890556
2024-12-31,137.59,138.12,136.785,137.57,6627203
2025-01-02,138.35,138.77,137.12,137.61,8973032
2025-01-03,137.89,139.3499,137.74,138.96,8289345
2025-01-06,138.865,140.04,138.56,139.02,8653497
2025-01-07,139.44,140.93,139.36,139.71,12639744
2025-01-08,139.97,140.635,138.69,140.43,7827396
2025-01-10,139.78,140.95,139.355,139.64,10344054
2025-01-13,139.92,141.82,139.67,141.46,9422242
2025-01-14,141.21,141.27,138.88,140,10277827
2025-01-15,140.315,141.24,139.77,140.57,11388426
2025-01-16,140.13,141.34,139.58,141.13,8512136
2025-01-17,140.93,141.4,140.18,140.18,7668273
2025-01-21,141,142.51,140.9,142.5,7257829
2025-01-22,141.7,142.63,141.13,142.18,8189904
2025-01-23,142.68,144.095,141.87,144.08,8032946
2025-01-24,143.44,144.61,143.27,144.31,8127872
2025-01-27,145.1,147.58,144.97,147.55,12311304
2025-01-28,147.54,147.74,146.48,146.52,9686428
2025-01-29,146.03,146.58,145.3,145.66,8159200
2025-01-30,146.43,147.745,146.24,147.34,7705191
2025-01-31,147.655,148.5899,146.815,146.87,9213355
2025-02-03,146.04,148.1599,145.94,147.44,13001514
2025-02-04,145.81,147.2,145.59,147.04,11762048
2025-02-05,147.34,148.715,147.1,148.45,10042275
2025-02-06,148.125,148.46,146.9,147.12,12422219
2025-02-07,147.38,147.92,146.32,146.43,11199692
2025-02-10,146.545,146.65,145.46,146.3,7374356
2025-02-11,145.8,146.32,145.44,146.03,6635040
2025-02-12,145.62,146.61,145.37,145.82,7572280
2025-02-13,146.205,146.71,145.16,146.39,6293261
2025-02-14,146.53,146.7,144.8,144.8,5299228
2025-02-18,143.9,144.89,143.84,144.52,11366845
2025-02-19,144.53,146.4399,144.5,146.4,6296079
2025-02-20,146.29,147.3,146.1,147.22,6264773
2025-02-21,145.34,147.14,145.34,146.43,8646974
2025-02-24,146.57,148.22,146.27,147.62,7559370
2025-02-25,147.9,149.085,147.41,148.89,11981261
2025-02-26,148.31,148.95,147.345,147.82,6566828
2025-02-27,147.615,148.91,147.1617,147.22,7377044
2025-02-28,147.58,149.16,146.49,148.93,8453744
2025-03-03,149.05,150.32,148.96,149.58,9459273
2025-03-04,149.7,150.07,147.965,148.19,10804677
2025-03-05,147.5,149.91,147.24,149.68,7597734
2025-03-06,149.04,149.48,147.93,149.27,7122176
2025-03-07,148.58,150.2835,148.445,149.28,8532510
2025-03-10,148.1113,149.91,147.34,147.67,13577787
2025-03-11,147.67,147.885,145.29,146.06,9411939
2025-03-12,145.655,145.99,144.12,144.6,7141081
2025-03-13,144.625,145.07,143.49,143.83,8041574
2025-03-14,143.83,145.15,143.41,144.93,6761296
2025-03-17,144.844,147.11,144.72,146.77,6017373
2025-03-18,147,147.06,146.04,146.84,5528032
2025-03-19,146.86,147.305,145.9,146.92,6156298
2025-03-20,146.94,147.635,146.51,147.01,8034118
2025-03-21,146.5799,146.86,145.73,146.6,7635316
2025-03-24,146.5,147.385,146.11,147.15,6500813
2025-03-25,147.48,147.59,144.3526,145.27,6502030
2025-03-26,145.17,145.9725,144.39,144.74,8759221
2025-03-27,144.66,145.42,144.46,144.97,6264332
2025-03-28,144.85,145.24,144.45,144.52,6210808
2025-03-31,143.75,146.62,143.48,146.01,8085670
2025-04-01,145.33,145.48,142.895,143.34,9906066
2025-04-02,142.8,144.4,142.19,144.3,6392678
2025-04-03,143.8,145.19,143.05,143.13,10990921
2025-04-04,141.082,141.71,135.225,135.28,21341099
2025-04-07,131.7505,137.37,129.66,134.47,29940306
2025-04-08,139.43,139.439,131.28,132.98,20860411
2025-04-09,130.05,139.235,129.68,138.76,39444680
2025-04-10,137.69,137.74,131.33,134.89,21957352
2025-04-11,135.12,137.76,133.65,136.87,10755630
2025-04-14,138.27,139.04,136.96,138.54,7437345
2025-04-15,138.95,139.045,137.29,137.69,6239000
2025-04-16,138.12,138.62,135.64,136.29,8150800
2025-04-17,135.44,136.57,135.1,135.49,9662773
2025-04-21,135.29,135.36,131.56,132.57,6456085
2025-04-22,133.73,135.28,133.135,135.06,8012486
2025-04-23,136.42,137.925,135.13,135.73,9503247
2025-04-24,136.025,137.54,135.12,137.39,5432961
2025-04-25,137.6,138.2,135.88,138.05,6438431
2025-04-28,138.44,139.0397,137.4,138.6,5803428
2025-04-29,138.47,139.97,137.73,139.28,7812100
2025-04-30,139.61,140.795,138.26,140.47,6827847
2025-05-01,138.75,139.11,136.47,136.64,10363184
2025-05-02,138.86,139.01,137.55,138.53,9777135
2025-05-05,138.3,138.675,137.58,138.14,5479960
2025-05-06,137.19,137.19,133.97,134.33,11625944
2025-05-07,134.8,135.75,134.4,135.36,6440514
2025-05-08,134.41,135.33,133.685,134.14,10558242
2025-05-09,134.31,134.77,132.62,132.68,7555209
2025-05-12,132.875,136.13,132.64,135.96,15211487
2025-05-13,133.9,133.94,131.83,131.87,17816962
2025-05-14,132.275,132.55,128.68,128.77,19579482
2025-05-15,128.44,130.54,127.35,130.46,18792674
2025-05-16,130.9,133.14,130.31,133.09,12901782
2025-05-19,133.06,134.435,132.645,134.37,11645235
2025-05-20,134.39,135.0899,134.185,134.7,11644698
2025-05-21,133.56,134.14,131.52,131.58,16635924
2025-05-22,130.6021,131.24,129.98,130.55,12722641
2025-05-23,129.935,130.595,129.5465,130.34,9127098
2025-05-27,131.43,132.39,131.16,132.16,12304443
2025-05-28,132.11,132.58,131.13,131.48,11087470
2025-05-29,131.54,132.76,131.285,132.36,10673735
2025-05-30,132.075,133.335,130.88,132.64,11651333
2025-06-02,132.315,132.78,131.11,132.72,11845031
2025-06-03,132.37,133.52,131.725,133.03,14304622
2025-06-04,133.605,134.33,133.29,133.29,9986080
2025-06-05,133.68,133.905,132.57,133.11,13705543
2025-06-06,133.815,134.84,133.79,134.38,9153482
2025-06-09,134.35,134.81,133.39,134.15,9976863
2025-06-10,134.315,136.09,134.25,135.68,11488020
2025-06-11,135.71,136.57,135.34,135.75,13644041
2025-06-12,135.9,136.84,135.485,136.81,9809545
2025-06-13,136.065,137.33,135.68,136.13,13722759
2025-06-16,136.42,136.83,135.08,135.71,14170992
2025-06-17,134.955,135.41,133.29,133.47,13506002
2025-06-18,133.47,134.12,132.49,133.24,12185261
2025-06-20,133.7,133.8,132.41,132.6,13745102
2025-06-23,132.08,132.74,130.98,132.16,14181644
2025-06-24,132.5524,134.08,132,133.78,11272914
2025-06-25,133.47,134.295,132.77,133.9,11996841
2025-06-26,134.22,135.16,133.745,134.22,13177723
2025-06-27,134.34,135.13,133.7,133.93,13818457
2025-06-30,133.92,134.95,133.8,134.79,12407654
2025-07-01,134.6,137.76,134.46,136.71,21204317
2025-07-02,136.025,136.29,135.24,135.36,13720388
2025-07-03,135.7,135.9,135.165,135.5,7282662
2025-07-07,135.45,135.45,133.65,134.36,14052702
2025-07-08,134.24,136.22,134.01,134.97,19486044
2025-07-09,135.25,135.92,134.42,135.49,13963895
2025-07-10,135.42,137.63,135,136.32,17670454
2025-07-11,135.84,135.88,134.35,135.19,14246953
2025-07-14,134.64,135.31,134.4,135.03,11095395
2025-07-15,135.23,135.4729,132.47,132.6,17095552
2025-07-16,133.19,134.4151,133,134.25,14142114
2025-07-17,133.295,133.68,132.28,132.72,15740942
2025-07-18,133.1,133.24,131.66,131.84,13245489
2025-07-21,131.91,132.32,131.025,131.09,9468736
2025-07-22,131.415,133.81,131.31,133.53,16681891
2025-07-23,135.42,136.315,134.8,136.27,16623992
2025-07-24,136.1,136.93,135.54,135.76,11054765
2025-07-25,136.245,136.7,135.74,136.48,9540321
2025-07-28,136.175,136.3852,134.93,135.29,9780254
2025-07-29,133.94,135.095,132.94,134.43,14967647
2025-07-30,134.75,135.185,133.64,134.19,11634605
2025-07-31,133.04,133.795,129.975,130.43,26441560
2025-08-01,130.695,131.4,129.86,131.13,20736159
2025-08-04,131.39,133.065,131.36,133.01,11331033
2025-08-05,132.58,132.95,132.045,132.5,14319632
2025-08-06,131.93,132.05,130.35,130.51,14342796
2025-08-07,129.79,130.24,127.96,129.01,24421932
2025-08-08,129.225,130.44,129.225,130.16,13747116
2025-08-11,130.31,131.32,130.1415,130.29,14473985
2025-08-12,130.31,131.23,130.132,131.19,17221273
2025-08-13,131.82,133.37,131.65,133.29,15069862
2025-08-14,133,134.1,132.405,133.96,15463979
2025-08-15,135.5,136.595,135.18,136.21,13929623
2025-08-18,136.53,137.19,135.815,135.89,12572019
2025-08-19,135.8752,137.215,135.78,136.76,13578230
2025-08-20,137.04,138.205,137.005,137.5,14607012
2025-08-21,137.305,138.46,136.94,137.04,13218890
2025-08-22,137.995,139.02,137.8,138.17,11898622
2025-08-25,138.13,138.26,136.1,136.2,10680951
2025-08-26,136.595,137.17,136.34,137.05,11397519
2025-08-27,137.04,137.71,136.73,136.97,8321680
2025-08-28,136.655,136.85,135.76,136.43,9165745
2025-08-29,136.535,137.465,136.37,137.43,9655701
2025-09-02,136.915,137.74,136.4609,137.56,13325289
2025-09-03,137.17,137.76,136.24,136.91,12585986
2025-09-04,136.8,137.465,136.08,137.43,11778622
2025-09-05,137.09,138.375,137.05,137.9,14663971
2025-09-08,137.46,137.865,136.37,137.85,15753324
2025-09-09,138.06,138.97,137.72,138.59,12249641
2025-09-10,138.35,138.51,136.805,137.33,13588587
2025-09-11,138.01,139.995,137.89,139.72,16470805
2025-09-12,139.27,139.81,138.1,138.11,11345384
2025-09-15,138.26,138.54,136.66,136.93,11233821
2025-09-16,136.66,137.39,136.535,136.93,12443784
2025-09-17,137.05,138.29,136.84,137.2,12501479
2025-09-18,137.21,137.94,136.89,137.47,11472923
2025-09-19,137.75,137.9,137.18,137.29,11281215
2025-09-22,136.29,137.255,135.885,136.63,9732678
2025-09-23,136.25,137.35,136.15,136.94,9902975
2025-09-24,136.83,137.06,136.16,136.39,7472029
2025-09-25,136.125,136.18,133.725,134.13,14099731
2025-09-26,135.15,135.6199,134.64,135.5,10070970
2025-09-29,135.68,135.97,134.735,135.9,7735785
2025-09-30,135.825,139.495,135.67,139.17,19313484
2025-10-01,139.8,143.73,139.6,143.47,23657940
2025-10-02,142.15,143.57,142.145,143.19,15176210
2025-10-03,143.59,146.135,143.56,144.82,15829184
2025-10-06,144.9,145.06,143.97,144.12,12879875
2025-10-07,144.12,144.66,143.28,144.23,12479060
2025-10-08,144.595,144.965,144.02,144.51,8925752
2025-10-09,144.815,145.25,143.955,144.19,7657022
2025-10-10,144.61,144.74,141.94,142.11,13350120
2025-10-13,141.73,142.94,141.63,141.95,8257651
2025-10-14,141.54,142.86,141.05,142.34,10044898
2025-10-15,142.005,143.25,141.36,142.56,7260807
2025-10-16,142.77,143.64,141.9622,142.32,11194125
2025-10-17,141.555,143.4156,141.385,143.27,8160283
2025-10-20,143.715,144.99,143.5601,144.79,8435874
2025-10-21,145.035,145.625,144.34,145.13,9031769
2025-10-22,146.16,146.73,145.537,145.96,12705283
2025-10-23,145.515,146.51,145.37,146.04,7924931
2025-10-24,146.23,146.76,145.88,146.03,7007605
2025-10-27,146,146.45,145.22,146.37,6466708
2025-10-28,146.405,146.54,145.19,145.45,8652660
2025-10-29,145.27,145.445,143.565,143.98,12416716
2025-10-30,144.08,145.445,143.77,144.3,10756064
2025-10-31,143.125,144.49,142.7,144.25,10581213
2025-11-03,144.07,144.555,142.825,144.45,12279262
2025-11-04,143.76,145.485,143.49,145.1,14182235
2025-11-05,144.645,146.26,144.38,145.66,13154600
2025-11-06,145.12,146.11,144.94,145.94,14395750
2025-11-07,145.885,146.15,144.72,146.14,14522910
2025-11-10,145.86,147.425,145.72,147.28,12305941
2025-11-11,147.68,150.815,147.6,150.68,12659543
2025-11-12,150.93,153.16,150.72,152.82,17847485
2025-11-13,152.1,154.515,151.86,152.74,21807600
2025-11-14,152.215,152.915,151.19,151.83,15468941
2025-11-17,151.27,153.32,151.14,151.7,17516532
2025-11-18,151.58,153.13,151.152,152.59,24494241
2025-11-19,152.44,152.93,151.57,152.33,17352598
2025-11-20,152.605,153.34,151.12,151.42,25278517
2025-11-21,151.79,155.71,151.71,154.61,25526095
2025-11-24,155.17,156.16,154.48,155.26,17928640
2025-11-25,155.805,158.89,155.77,158.77,17298557
2025-11-26,158.155,158.95,158.155,158.42,12399075
2025-11-28,158.07,158.2499,157.16,157.65,8559710
2025-12-01,157.25,157.86,155.175,155.29,17321233
2025-12-02,155.21,155.47,154.135,154.36,16150322
2025-12-03,154.675,155.78,154.66,155.08,12724849
2025-12-04,155,155.03,153.3701,153.9,13674602
2025-12-05,154.45,154.63,152.96,153.26,8868992
2025-12-08,153.411,153.42,151.195,151.43,10996043
2025-12-09,152,152.675,149.85,149.96,11543305
2025-12-10,150.25,152.18,149.87,152.14,15534765
2025-12-11,152.78,154.3,152.26,153.58,14703435
2025-12-12,153.54,154.56,153.41,154.06,13175937
2025-12-15,154.47,156.31,154.44,156.1,14681832
2025-12-16,156.035,156.12,153.09,154.07,12491637
2025-12-17,154.19,154.78,153.67,153.79,9093708
2025-12-18,153.76,155.175,153.675,153.91,8876431
2025-12-19,153.99,155.77,153.92,154.94,8571505
2025-12-22,154.205,155.37,153.8,155.3,7063672
2025-12-23,154.69,155.66,154.64,154.99,7465847
2025-12-24,155.19,155.94,155.15,155.8,3085686
2025-12-26,155.685,156.12,155.35,156.05,4439338
2025-12-29,156.07,156.49,155.68,155.81,6357305
2025-12-30,155.73,155.98,155.195,155.68,4355090
2025-12-31,155.6989,155.835,154.765,154.8,4199871
2026-01-02,154.705,155.57,153.575,155.51,10997959
2026-01-05,154.59,155.39,152.97,155.04,17756230
2026-01-06,155.16,158.33,155.14,158.09,17783789
2026-01-07,158.62,160.59,158.54,159.66,14505685
2026-01-08,159.15,160.5,157.605,158.12,17610979
2026-01-09,158.415,158.93,157.26,157.31,12352031
2026-01-12,157.375,157.5,156.01,157.38,12250050
2026-01-13,157.62,157.67,155.74,156.74,11756519
2026-01-14,156.63,157.985,156.48,157.86,13516844
2026-01-15,157.425,157.45,155.37,156.96,15303752
2026-01-16,156.5895,156.97,155.71,155.74,11950342
2026-01-20,153.995,155.92,153.23,155.4,12775604
2026-01-21,155.2,158.51,155.145,158.26,16393897
2026-01-22,157.65,159.23,157.5,158.29,10881377
2026-01-23,157.8,158.38,156.66,157.48,10191324
2026-01-26,157.35,158.32553,156.9,158.1,6810415
2026-01-27,155.71,157.0936,155.135,155.45,12697519
2026-01-28,154.3,155.15,153.465,154.31,11426592
2026-01-29,154.165,154.67,153.5,153.82,12167310
2026-01-30,154.115,154.93,153.29,154.74,11863923
2026-02-02,154.59,156.01,154.4,155.69,11005278
2026-02-03,154.775,157.12,153.85,154.1,21141876
2026-02-04,154.45,156.775,154.23,156.03,22951614
2026-02-05,155.515,156.97,154.6801,154.84,21421561
2026-02-06,156.01,157.795,155.91,157.71,13616185
2026-02-09,157.785,158.15,156.03,156.32,11822965
2026-02-10,156.67,157.16,155.24,155.33,11103681
2026-02-11,155.18,156.38,154.38,156.25,11738571
2026-02-12,156.14,157.42,155.48,156,19409285
2026-02-13,156.585,158.8,156.52,157.67,16647937
2026-02-17,158.025,158.91,157.13,157.37,14881059
2026-02-18,157.195,157.8,156.48,157.67,11886340
2026-02-19,157.25,157.72,156.185,157.26,11227277
2026-02-20,156.95,157.25,155.87,156.82,13368518
2026-02-23,157.155,158.68,157.13,158.54,17053500
2026-02-24,158.005,158.5,157.3075,157.87,12887254
2026-02-25,157.895,159.23,157.62,157.83,11011500
2026-02-26,158.075,158.17,156.09,157.42,15343894
2026-02-27,156.705,160.24,156.705,160.2,14249062
2026-03-02,159.1901,159.84,157.99,158.53,18641385
2026-03-03,156.72,157.39,155,156.74,21432641
2026-03-04,156.64,157.58,155.67,157.05,12745693
2026-03-05,155.13,155.7,152.72,153.91,20476801
2026-03-06,152.87,152.99,150.95,152.7,18174029
2026-03-09,151.86,154.55,151.13,154.26,18675701
2026-03-10,154.345,154.54,153.005,153.15,17247506
2026-03-11,152.835,153.155,151.935,152.85,12503797
2026-03-12,152.18,152.485,150.025,150.16,15670463
2026-03-13,151.055,152.3,149.67,149.79,15129348
2026-03-16,150.75,151.73,150.38,151.01,10896684
2026-03-17,151.22,151.845,149.54,149.64,11938614
2026-03-18,148.72,149.05,147.01,147.14,15565399
2026-03-19,147.135,148.09,146.3,146.61,16912987
2026-03-20,146.375,147.02,144.66,145.33,16582211
2026-03-23,146.56,146.765,144.6,144.77,21815405
2026-03-24,143.94,145.3,143.38,144.79,24230857
2026-03-25,145.685,146.69,145.35,146.24,17743263
2026-03-26,145.75,146.905,145.63,145.74,13320966
2026-03-27,145.72,145.8,143.07,143.26,12932181
2026-03-30,144.3,144.625,143.43,143.82,14799709
2026-03-31,144.81,146.75,144.595,146.61,17865985
2026-04-01,147.22,148.76,146.95,147.73,16899201
2026-04-02,146.93,148.36,146.27,146.81,11087896
2026-04-06,146.28,147.14,145.76,146.28,7272600
2026-04-07,146.91,146.91,144.88,146.57,10263369
2026-04-08,148.2,149.7,147.5,149.67,8130677
2026-04-09,148.83,150.215,148.3,149.33,6406585
2026-04-10,149.78,149.835,147.11,147.31,6217954
2026-04-13,146.88,148.045,146.24,147.97,6183006
2026-04-14,147.38,149.6003,147.24,148.83,7722277
2026-04-15,148.86,149.21,146.885,147.77,6669159
2026-04-16,147.19,148.2,146.285,146.61,9072308
2026-04-17,147.37,149.115,147.36,148.8,8338105
2026-04-20,148.45,148.74,147.145,147.42,6325730
2026-04-21,148.29,148.56,145.88,145.92,8735292
2026-04-22,146.51,147.58,146.005,146.38,8316881
2026-04-23,146.2,146.77,145.16,146.24,7611991
2026-04-24,145.24,145.53,143.675,144.18,7969746
2026-04-27,143.68,145.21,143.42,143.46,6571929
2026-04-28,144.57,144.86,143.28,143.84,8612435
2026-04-29,142.26,143.245,141.97,142.84,11885537
2026-04-30,143.68,146.29,143.66,145.99,12587761
2026-05-01,146.29,146.605,145.15,145.16,8865818
2026-05-04,144.555,145.205,144.32,144.73,10885929
2026-05-05,145.28,145.655,144.415,145.3,7174868
2026-05-06,145.36,146.15,144.9,145.4,10613462
2026-05-07,145.18,145.84,144.265,144.72,7608007
2026-05-08,144.59,145.07,143.175,143.49,10165376
2026-05-11,143.745,145.02,142.67,143.04,9255725
2026-05-12,143.805,146.64,143.19,145.85,11897200
2026-05-13,145.32,146.975,145.13,146.71,15841774
2026-05-14,146.85,147.4,145.935,146.63,7763825
2026-05-15,146.76,147.155,144.885,145.1,9039914
2026-05-18,144.5,145.79,144.12,145.72,7949181
2026-05-19,145.62,148.07,144.85,147.32,12388178
2026-05-20,147.54,148.02,146.29,147.13,10527856
2026-05-21,146.9,148.3,145.84,148.15,7157022
2026-05-22,149.09,150.32,149,149.89,6916747
2026-05-26,149.95,150.301,148.44,148.51,6595804
2026-05-27,148.69,150.2,148.28,148.79,10062477
2026-05-28,149.15,151.35,149.11,150.88,10399827
2026-05-29,150.85,151.04,149.1,149.47,13199620
2026-06-01,148.52,148.88,147.26,147.84,12582888
2026-06-02,146.75,147.27,145.31,146.4,12024268
2026-06-03,146.16,148.05,146.07,147.55,9836036
2026-06-04,150.38,152.54,150.29,152.08,14051832
2026-06-05,153.38,154.7,152.92,153.01,20722969
2026-06-08,153.24,154.47,152.41,152.65,10639544
2026-06-09,153.48,154.975,153.18,154.57,13125457
2026-06-10,154.96,155.13,152.82,152.85,11712156
2026-06-11,153.46,155.1591,152.86,154.09,10548828
2026-06-12,154.97,155.155,153.37,153.81,9110986
2026-06-15,153.705,153.88,151.765,152.89,9525268
2026-06-16,153.6,153.72,151.7202,152.94,8629974
2026-06-17,152.05,152.565,149.97,150.71,10991351
2026-06-18,151.27,151.27,148.79,149.4,10879276
2026-06-22,149.33,150.62,149.06,150.06,11706140
2026-06-23,151.49,152.425,150.995,152.18,9479891
2026-06-24,153.13,154.67,152.46,153.35,10070087
2026-06-25,153.95,157.205,153.59,155.63,9425201
2026-06-26,156.32,160.64,156.18,160.34,16563846
2026-06-29,160.7,161.09,159.88,160.74,12934972
2026-06-30,161.01,161.25,157.96,158.66,11559365
2026-07-01,159.61,159.96,158.5,159.54,10123744
2026-07-02,160.67,163.85,160.38,163.74,14722268
2026-07-06,163.2,163.4505,160.25,161.96,16123449
2026-07-07,164.75,165.605,163.88,164.44,12143506
2026-07-08,163.415,163.99,162.255,162.3,9287864
2026-07-09,161.8,163.42,161.36,162.17,9576421
2026-07-10,162.48,162.66,160.24,160.84,9497113
2026-07-13,160.97,162.24,160.32,161.41,6873021
2026-07-14,159.78,160.08,157.78,158.29,11523028
2026-07-15,157.38,159.35,157.25,158.29,10885301
2026-07-16,160.35,162.64,159.94,161.8,11819015
2026-07-17,161.81,164,160.88,161.09,9166517
